Reference	LeftContext	Pivot	RightContext
GPT_NEG_tokenise, 9	去 晚一点 几乎 没什么 可 吃 的 。	酒店	位置 虽然 在 市区 ， 但 周边 施工 太 多 ， 白天
GPT_NEG_tokenise, 19	浴室 热水 忽冷忽热 ， 洗澡 体验 很差 。	酒店	整体 装修 比较 陈旧 ， 和 网上 图片 差距 很大 。 窗户
GPT_NEG_tokenise, 31	网络 速度慢 ， 看 视频 都 卡顿 。	酒店	整体 气味 不太好 ， 走廊 也 有 异味 。 床单 看起来 不够
GPT_NEG_tokenise, 40	退房 流程 不够 顺畅 ， 等待时间 较长 。	酒店	整体 维护 不 到位 ， 很多 细节 不太 令人满意 。 房间 一
GPT_NEG_tokenise, 69	水压 很 低 ， 洗澡 体验 不太好 。	酒店	整体 维护 不太 到位 ， 看起来 有点 旧 。 隔壁 房间 开关门
GPT_NEG_tokenise, 100	极差 ， 在 房间 角落 基本 连不上 。	酒店	外部 噪音 很大 ， 夜间 车辆 声 特别 明显 。 房间 家
GPT_NEG_tokenise, 111	地砖 有 松动 ， 走路 时有 异响 。	酒店	整体 装修 气味 比较 重 ， 让 人 不 太 舒服 。
GPT_NEG_tokenise, 148	餐厅 人手不足 ， 补餐 速度 很 慢 。	酒店	整体 装修 比较 老旧 ， 和 照片 差距 明显 。 隔音 非常
GPT_NEG_tokenise, 195	排水口 堵塞 ， 洗澡时 水漫 到 外面 。	酒店	外观 和 内部 设施 差距 很大 ， 有点 失望 。 入住 时
GPT_NEG_tokenise, 546	。 房间 隔壁 施工 声音 明显 ， 但	酒店	没有 提前 告知 。 入住 时 没有 任何 引导 ， 找 房间
GPT_NEG_tokenise, 597	类型 和 预订 完全 不 一致 ， 但	酒店	没有 任何 补偿 说明 。 入住 后 发现 房间 靠近 电梯 井
GPT_NEG_tokenise, 634	时 排队 时间 极长 ， 效率 非常低 。	酒店	整体 隔音 极差 ， 楼上 走路 声 清晰 可 闻 。 结账
GPT_NEG_tokenise, 1330	附近 ， 所以 图 方便 订 了 这家	酒店	。 刚 开始 看 网上 照片 还 觉得 挺不错 ， 评论 也
GPT_NEG_tokenise, 1331	没 精神 。 原本 以为 是 家 连锁	酒店	， 再 差 也 不会 差到 哪里 去 ， 结果 这次 真的
GPT_NEG_tokenise, 1331	， 结果 这次 真的 刷新 了 我 对	酒店	服务 的 认知 。 入住 当天 到 得 比较 晚 ， 大概
GPT_NEG_tokenise, 1332	本来 想着 好不容易 休个 假 ， 订个 海边	酒店	好好 放松 一下 ， 结果 没想到 整个 行程 最 糟心 的 就是
GPT_NEG_tokenise, 1332	没想到 整个 行程 最 糟心 的 就是 这家	酒店	。 入住 的 时候 大厅 看着 还 挺 气派 ， 结果 一进
GPT_NEG_tokenise, 1333	想着 反正 白天 都 在 外面 逛 ，	酒店	差不多 就行 ， 所以 订 了 这家 价格 不算 太贵 的 酒店
GPT_NEG_tokenise, 1333	所以 订 了 这家 价格 不算 太贵 的	酒店	。 结果 真正 住 进去 以后 发现 ， 便宜 确实 是 有
GPT_NEG_tokenise, 1333	便宜 确实 是 有 原因 的 。 首先	酒店	走廊 特别 暗 ， 灯光 昏昏 黄黄的 ， 看着 就 不 舒服
GPT_NEG_tokenise, 1334	。 之前 看 网上 很多 人 推荐 这家	酒店	， 说 位置 方便 、 服务 不错 ， 所以 这次 带 爸妈
GPT_NEG_tokenise, 1335	管理水平 是 怎么 经营 下去 的 。 这家	酒店	最大 的 特点 就是 照片 拍 得 特别 好 ， 实际 情况
GPT_NEG_tokenise, 1336	服务态度 真的 太差 了 。 当天 中午 到	酒店	的 时候 ， 因为 航班 提前 ， 所以 想 问 一下 能
GPT_NEG_tokenise, 1338	出差 本来 时间 就 紧 ， 结果 一进	酒店	就 开始 各种 不顺 ， 先是 前台 排队 排 了 很 久
GPT_NEG_tokenise, 1339	完全 不是 那么回事 ， 一 开始 还 觉得	酒店	外观 看着 挺 正常 的 ， 进来 之后 才 发现 细节 特别
GPT_NEG_tokenise, 1345	， 但 放在 一起 就 会 觉得 整个	酒店	的 维护 状态 比较 一般 退房 的 时候 也 没有 太 多
GPT_NEG_tokenise, 1373	听 越 不对劲 ， 打电话 问才 说 就是	酒店	固定设备 运行 声音 ， 让 我 “ 适应 一下 ” ， 这种
GPT_NEG_tokenise, 1374	的 本来 想着 图个 省心 选 了 连锁	酒店	， 结果 一 进门 就 发现 卫生间 地面 是 湿 的 ，
GPT_NEG_tokenise, 1393	会 让 人 觉得 体验 有点累 入住 这家	酒店	本来 是 看 位置 方便 才 临时 订 的 ， 结果 一
GPT_NEG_tokenise, 1766	住 得 真 不值 真的 服 了 这	酒店	！ ！ ！ 一 进门 就 一股 怪味 冲 出来 ， 窗户
GPT_NEG_tokenise, 1895	到 外面 地面 ， 越洗 越乱 入住 这家	酒店	本来 想着 位置 方便 就 忍 一忍 ， 结果 从 进门 开始
GPT_NEG_tokenise, 1963	拖拉机 一样 响 ！ 一夜 没睡 ！ sb	酒店	能 不能 修 一下 啊 ！ 进门 一股 怪味 … 说不上来 但
GPT_NEG_tokenise, 2079	负分 ！ ！ ！ 住 过 不少 同价位	酒店	， 这 一家 真的 是 体验 最差 之一 ， 房间 说不上 脏
GPT_NEG_tokenise, 2112	来 第二次 sb 真的 无 语 ， 这	酒店	一 进门 就 感觉 不对劲 ， 地板 黏脚 一样 ， 拖鞋 都
GPT_NEG_tokenise, 2152	断联 sb 真的 服 了 ， 这 什么	酒店	， 进 房间 第一 感觉 就是 旧得 离谱 房卡 刷 半天 没
GPT_NEG_tokenise, 2229	挺 影响 心情 真的 服 了 ， 这	酒店	一 进来 就 有点 崩溃 ， 走廊 味道 就 不 太 对劲
GPT_NEG_tokenise, 2271	很差 。 第一次 来 这座 城市 ， 结果	酒店	位置 很 偏 ， 晚上 出门 连 吃饭 都 不 方便 。
GPT_NEG_tokenise, 2387	等待时间 较长 ， 效率 不高 。 凌晨 抵达	酒店	后 发现 大堂 居然 没有 人 值守 ， 只能 在 前台 等
GPT_NEG_tokenise, 2440	。 凌晨 走廊 有人 大声 交谈 ， 但	酒店	没有 任何 制止 措施 。 入住 时 等待 电梯 时间 过长 ，
GPT_NEG_tokenise, 2444	问题 ， 夜里 一直 传来 水流 撞击声 。	酒店	指示牌 不 清晰 ， 第一次 来 的 人 很 容易 迷路 。
GPT_NEG_tokenise, 2452	车 经过 走廊 ， 轮子 噪音 非常明显 。	酒店	提供 的 拖车 行李 服务 很 慢 ， 需要 等待 很 久
GPT_NEG_tokenise, 2460	不合理 ， 正对 书桌 导致 很 冷 。	酒店	整体 网络 在 公共 区域 也 不 稳定 ， 经常 断线 。
GPT_NEG_tokenise, 2463	夜间 火警 误报 持续 很 久 ， 但	酒店	处理速度 很 慢 。 入住 期间 发现 洗衣 服务 延误 严重 ，
GPT_NEG_tokenise, 2477	密封条 老化 ， 外面 风声 直接 灌进来 。	酒店	走廊 地毯 有 明显 破损 和 卷边 ， 拖 行李 很 容易
GPT_NEG_tokenise, 2483	传来 明显 拖动 家具 的 声音 ， 但	酒店	没有 任何 处理 。 房间 提供 的 免费 瓶装水 数量 不足 ，
GPT_NEG_tokenise, 2486	， 感觉 像是 被 随意 处理 过 。	酒店	大厅 空调 温度 过低 ， 等 办理手续 时 非常 冷 。 房间内
GPT_NEG_tokenise, 2496	总控 开关 ， 关灯 需要 逐个 操作 。	酒店	提供 的 行李车 数量 不足 ， 经常 需要 等待 别人 使用 完
GPT_NEG_tokenise, 2506	， 走廊 光线 直接 照进 房 内 。	酒店	公共 区域 座椅 数量 不足 ， 等待 时 没有 地方 坐 。
GPT_NEG_tokenise, 2517	仍 频繁 开关门 ， 噪音 很 明显 。	酒店	WiFi 需要 频繁 重新 登录 ， 使用 过程 中 非常 不 稳定
GPT_NEG_tokenise, 2537	水渍 残留 ， 看起来 没有 认真 擦拭 。	酒店	走廊 指示灯 有 部分 损坏 ， 晚上 方向 不太好 辨认 。 房间内
GPT_NEG_tokenise, 2545	空间设计 不合理 ， 行李 很难 完全 打开 。	酒店	公共 区域 香味 扩散 不均 ， 有些 地方 过 浓 有些 地方
GPT_NEG_tokenise, 2552	， 前台 人手 明显 不足 。 商务人士 用	酒店	网络 开会 时 频繁 卡顿 ， 导致 会议 中断 好 几次 。
GPT_NEG_tokenise, 2554	客人 觉得 停车 指引 不 清晰 ， 在	酒店	附近 绕 了 很 久 才 找到 入口 。 学生 旅客 认为
GPT_NEG_tokenise, 2609	效果 一般 ， 早上 光线 很 刺眼 。	酒店	公共 区域 座椅 不足 ， 等 人时 没有 地方 休息 。 房间内
GPT_NEG_tokenise, 2673	被 强光 直接 照醒 。 自驾 游客 反馈	酒店	周边 施工 复杂 ， 导航 到 入口 非常 混乱 。 学生 党
GPT_NEG_tokenise, 2687	心理 上 不够 安心 。 旅游 博主 觉得	酒店	整体 设计 缺乏 特色 ， 没有 亮点 可 拍 。 亲子 家庭
GPT_NEG_tokenise, 2712	， 差点 直接 误机 。 自驾 游客 觉得	酒店	入口 标识 不 清楚 ， 夜里 绕 了 很 久 才 找到
GPT_NEG_tokenise, 2745	不够 到位 。 凌晨 拖 着 行李 到	酒店	， 结果 大堂 冷冷清清 ， 站 了 好 一会儿 才 有人 慢慢
GPT_NEG_tokenise, 2784	没 处理 好 的 地方 。 夜里 到	酒店	时 前台 像 空 了 一样 ， 站 在 那里 有点像 被
GPT_NEG_tokenise, 2833	不合理 。 作为 摄影 爱好者 本来 想 拍点	酒店	环境 ， 结果 整体 破旧 感太强 ， 完全 不 符合 宣传 图
GPT_NEG_tokenise, 2863	， 这次 入住 很 不 满意 。 刚到	酒店	就 发现 大堂 空调 几乎 没有 效果 ， 站 着 办理 入住
GPT_NEG_tokenise, 2874	洗个 脸水 都积 在 那里 不 往下走 。	酒店	整体 指引 标识 很 乱 ， 第一次 来 的 人 很 容易
GPT_NEG_tokenise, 2880	异味 ， 像 很久没 清洗 过 一样 。	酒店	WiFi 需要 频繁 重新 登录 ， 非常 麻烦 且 不 稳定 。
GPT_NEG_tokenise, 2887	， 经常 找 不到 干净 盘子 使用 。	酒店	外卖 送 上楼 流程 混乱 ， 经常 送错 房间 或者 延迟 很
GPT_NEG_tokenise, 2893	和 热水 使用 方式 很难 弄 明白 。	酒店	周边环境 比较 吵 ， 晚上 还有 车辆 鸣笛 声 持续 不断 。
GPT_NEG_tokenise, 2901	， 即使 标注 禁烟 也 没有 改善 。	酒店	整体 维护 很 不 到位 ， 很多 细节 都 显得 缺乏 管理
GPT_NEG_tokenise, 2907	带 着 很重 行李 的 旅客 表示 ，	酒店	没有 行李 推车 或者 明显 指引 ， 上楼 过程 非常 吃力 。
GPT_NEG_tokenise, 2917	， 体验 大打折扣 。 早 班机 旅客 反馈	酒店	没有 提供 稳定 的 叫 早 服务 ， 完全 依赖 自己 闹钟
GPT_NEG_tokenise, 2925	过程 比较 混乱 。 健身 习惯 者 表示	酒店	没有 明确 说明 健身 设施 开放 时间 ， 实际 使用 时才 发现
GPT_NEG_tokenise, 2927	清理 干净 。 行程 紧张 的 旅客 发现	酒店	电梯 响应速度 慢 ， 赶时间 时 特别 焦虑 。 情侣 入住 发现
GPT_NEG_tokenise, 2931	不够 好 。 作为 第一次 使用 该 品牌	酒店	的 人 ， 整体 感觉 流程 混乱 ， 没有 统一标准 。 长途飞行
GPT_NEG_tokenise, 2939	作为 习惯 安静 环境 的 人 ， 发现	酒店	公共 区域 音乐 音量 偏 大 ， 有点 干扰 。 带 行李
GPT_NEG_tokenise, 2947	无法 对准 合适 构图 。 夜跑 爱好者 发现	酒店	没有 清晰 的 周边 跑步 路线 指引 ， 出门 锻炼 体验 很差
GPT_NEG_tokenise, 2976	没有 舒适感 。 出差 频繁 的 客人 觉得	酒店	信息系统 更新 慢 ， 很多 说明 不够 清楚 。 清晨 赶 行程
GPT_NEG_tokenise, 2984	也 没人 解释 原因 。 我 半夜 到	酒店	， 本来 很累 ， 结果 找 房间 还 绕 了 好几圈 。
GPT_NEG_tokenise, 3023	图片 差距 挺大 的 。 我 凌晨 到	酒店	的 时候 前台 没 人 接待 ， 等 了 很 久 才
GPT_NEG_tokenise, 3026	我 晚上 睡觉 特别 浅 ， 但 这家	酒店	走廊 脚步声 一直 不断 ， 几乎 整晚 没 休息 好 。 我
GPT_NEG_tokenise, 3032	我 作为 摄影 爱好者 ， 本来 想 拍	酒店	环境 ， 但 整体 灯光 和 装修 都 很 一般 。 我晚
GPT_NEG_tokenise, 3043	干净 。 我 作为 健身 习惯 者 ，	酒店	健身房 设备 太 少 ， 而且 维护 也 一般 。 我 觉得
GPT_NEG_tokenise, 3052	走廊 一直 有人 来回 走动 。 我 感觉	酒店	整体 管理 有点 混乱 ， 很多 事情 需要 反复 确认 。 我
GPT_NEG_tokenise, 3063	评价 差距 有点 大 。 我 凌晨 到	酒店	时 发现 没有 人 主动 指引 办理 流程 ， 整个 前台 显得
GPT_NEG_tokenise, 3074	行李 上去 ， 非常 吃力 。 我 在	酒店	里 很 容易 迷路 ， 楼层 指示 不 清晰 ， 绕 了
GPT_NEG_tokenise, 3092	报错 ， 最后 还是 人工 处理 。 我用	酒店	App 想 办理 入住 但 一直 登录 失败 ， 体验 不 顺畅
GPT_NEG_tokenise, 3113	我 作为 商务 客人 需要 打印文件 ， 但	酒店	打印服务 当天 无法 使用 。 我 叫 的 出租车 没有 按时 到达
GPT_NEG_tokenise, 3154	， 没有 及时 补充 。 我点 外卖 让	酒店	代收 ， 结果 被 放在 前台 没 人 通知 我 。 我
GPT_NEG_tokenise, 3168	发现 窗外 有 持续 施工 噪音 ， 但	酒店	没有 提前 告知 。 我 使用 浴室 时 发现 水龙头 水流 很
GPT_NEG_tokenise, 3194	。 我 需要 打印 紧急 文件 ， 但	酒店	打印 设备 当天 无法 使用 ， 没有 任何 替代 方案 。 我
GPT_NEG_tokenise, 3224	作为 一名 凌晨 到达 的 旅客 ， 发现	酒店	大堂 灯光 很 暗 ， 办理手续 时 有种 被忽视 的 感觉 。
GPT_NEG_tokenise, 3234	。 我 是 一名 健身 爱好者 ， 但	酒店	健身房 器械 老旧 且 有 明显 异响 。 我 作为 商务 顾问
GPT_NEG_tokenise, 3248	。 我 是 一名 出差 财务人员 ， 发现	酒店	网络 限制 导致 无法访问 公司 系统 。 我 作为 亲子 家庭成员 ，
GPT_NEG_tokenise, 3253	安全 。 我 作为 健身 教练 ， 发现	酒店	没有 提供 基础 拉伸 区域 ， 非常 不 便利 。 我 是
GPT_NEG_tokenise, 3262	。 我 是 一名 会议 参与者 ， 发现	酒店	公共 区域 WiFi 与 房间 不 一致 频繁 掉线 。 我 作为
GPT_NEG_tokenise, 3271	安全感 。 我 作为 一名 程序员 ， 发现	酒店	网络 在 晚上 高峰期 几乎 无法 使用 。 我 是 一名 早班
GPT_NEG_tokenise, 3281	。 我 作为 一名 健身 教练 ， 发现	酒店	健身房 设备 数量 不足 且 维护 不 及时 。 我 是 一名
GPT_NEG_tokenise, 3288	。 我 是 一名 夜间 工作者 ， 发现	酒店	公共 区域 噪音 持续 到 很 晚 。 我 作为 一名 出差
GPT_NEG_tokenise, 3330	打球 的 朋友 吃 完 烧烤 才 回	酒店	， 一进 房间 先找 插座 ， 结果 床头 只有 一边 能 充电
GPT_NEG_tokenise, 3349	来 拍 商业 宣传片 的 ， 凌晨 到	酒店	只想 快速 休息 结果 一直 在 大厅 站 着 等 房间 空间
GPT_NEG_tokenise, 3359	吓 得 我 扶 着 墙 走 到	酒店	已经 很 晚 ， 电梯 还 在 维修 一层 停 一会儿 ，
GPT_NEG_tokenise, 3437	了 ， 算了 懒得 说 临时 选 的	酒店	， 结果 电梯 慢得 要命 ， 还 经常 满员 。 房间 进去
GPT_NEG_tokenise, 3450	了 ， 不如 住 别的 临时 订 的	酒店	， 进门 感觉 就 不 太 对 ， 房间 有点 潮气 。
GPT_NEG_tokenise, 3693	桌上 忘 拿 了 。 公司 安排 附近	酒店	， 我 自己 没太 挑 。 结果 房间 进去 后 灯光 很
GPT_NEG_tokenise, 3696	早餐 ， 起晚 了 。 临时 订 的	酒店	， 图离 地铁 近 。 进 房间 后 发现 窗户 对 着
GPT_NEG_tokenise, 3701	WiFi 能用 但 慢 。 临时 订 的	酒店	， 说 是 位置 好 。 确实 位置 还 行 ， 但
GPT_NEG_tokenise, 3720	说 一句 ， 楼下 早餐 摊 反而 比	酒店	靠 谱 。 入住 过程 就 挺 折腾 的 ， 等 房
GPT_POS_tokenise, 1		酒店	位置 特别 方便 ， 离 地铁站 很近 ， 前台 服务态度 也 很
GPT_POS_tokenise, 5	还 主动 帮 我们 升级 了 房型 。	酒店	环境 比 想象 中好 ， 整体 住 得 很 满意 。 房间
GPT_POS_tokenise, 9	入住 速度 很快 ， 没有 等 太久 。	酒店	离 景点 很近 ， 步行 就 能 到 ， 非常 方便 。
GPT_POS_tokenise, 12	预期 大 ， 住 起来 很 舒适 。	酒店	装修 风格 很 温馨 ， 让 人 感觉 放松 。 服务 人员
GPT_POS_tokenise, 17	晚上 在 房间 里 感觉 特别 舒服 。	酒店	周边 吃饭 很 方便 ， 选择 很多 。 入住 过程 很 顺利
GPT_POS_tokenise, 23	都 很 好 用 。 这次 旅行 因为	酒店	体验 加 分 不少 。 空调 效果 很 好 ， 房间 温度
GPT_POS_tokenise, 28	， 整体 体验 一直 都 很 稳定 。	酒店	大堂 很漂亮 ， 第一印象 很 好 。 晚上 睡觉 很 安静 ，
GPT_POS_tokenise, 31	浴室 水压 很足 ， 洗澡 特别 舒服 。	酒店	交通 便利 ， 打车 和 坐 公交 都 方便 。 入住 时
GPT_POS_tokenise, 35	态度 很 好 ， 说话 很 温柔 。	酒店	整体 氛围 不错 ， 让 人 感觉 很 放松 。 周边环境 安全
GPT_POS_tokenise, 40	价格合理 ， 整体 服务 超过 预期 。 这家	酒店	细节 做 得 很 好 ， 住 起来 很 省心 。 第一次
GPT_POS_tokenise, 41	住 起来 很 省心 。 第一次 入住 这家	酒店	， 整体 感觉 非常 不错 。 前台 接待 很 专业 ， 还
GPT_POS_tokenise, 44	那么 小 ， 两个 人住 完全 够用 。	酒店	卫生 保持 得 很 好 ， 住 着 比较 放心 。 入住
GPT_POS_tokenise, 48	几晚 ， 服务质量 一直 都 很 稳定 。	酒店	附近 交通 发达 ， 出行 节省 了 很多 时间 。 房间 里
GPT_POS_tokenise, 51	超出 预期 ， 体验 感 很 好 。	酒店	位置 很 好找 ， 导航 直接 就 能 到 。 工作人员 办事效率
GPT_POS_tokenise, 57	， 行李 多 也 不会 觉得 拥挤 。	酒店	整体 很 有 品质 感 ， 看起来 比较 新 。 入住 期间
GPT_POS_tokenise, 62	的 ， 实际 体验 确实 很 好 。	酒店	员工 态度 友善 ， 让 人 感觉 很 亲切 。 入住 手续
GPT_POS_tokenise, 65	很 好 ， 晚上 睡觉 很 舒服 。	酒店	附近 便利店 很多 ， 买 东西 特别 方便 。 这次 出行 住
GPT_POS_tokenise, 69	空间 很多 ， 整理 东西 很 方便 。	酒店	整体 安静 整洁 ， 很 适合 休息 。 服务 响应速度 快 ，
GPT_POS_tokenise, 72	很 好 ， 房间 感觉 很 温馨 。	酒店	细节 做 得 不错 ， 入住 体验 比较 轻松 。 卫生 情况
GPT_POS_tokenise, 76	空气流通 不错 ， 没有 闷闷 的 感觉 。	酒店	的 隔音 比 很多 同价位 酒店 都 要 好 。 入住 体验
GPT_POS_tokenise, 76	感觉 。 酒店 的 隔音 比 很多 同价位	酒店	都 要 好 。 入住 体验 很 顺心 ， 没有 遇到 什么
GPT_POS_tokenise, 80	整体 来说 是 一家 值得 再次 入住 的	酒店	。 房间 非常 干净 整洁 ， 入住 体验 很 好 ， 前台
GPT_POS_tokenise, 82	好 ， 前台 服务 也 很 热情 。	酒店	位置 很 方便 ， 出行 和 吃饭 都 很 顺利 ， 整体
GPT_POS_tokenise, 90	， 住 起来 一点 也 不 压抑 。	酒店	装修 风格 简洁 现代 ， 看着 很 舒服 。 洗浴 用品 质量
GPT_POS_tokenise, 96	不错 ， 这个 价格 能住 到 这样 的	酒店	很 满意 。 空调 运行 稳定 ， 温度 调节 很 舒适 。
GPT_POS_tokenise, 98	运行 稳定 ， 温度 调节 很 舒适 。	酒店	整体 氛围 很 好 ， 让 人 感觉 放松 。 床品 柔软
GPT_POS_tokenise, 110	房间 布置 温馨 ， 有家 的 感觉 。	酒店	整体 管理 规范 ， 看得出 很 用心 。 工作人员 很 友善 ，
GPT_POS_tokenise, 118	流程 也 很快 ， 不 耽误 行程 。	酒店	细节 做 得 不错 ， 比如 灯光 和 布局 都 很 合理
GPT_POS_tokenise, 123	入住 和 退房 都 非常 高效 顺畅 。	酒店	地理位置 优越 ， 周边 交通 便利 ， 出行 和 购物 都 非常
GPT_POS_tokenise, 127	市中心 也 能 保持良好 的 休息 氛围 。	酒店	内部 装修 风格 现代 简洁 ， 看起来 很 舒适 并且 具有 高级
GPT_POS_tokenise, 132	稳定 ， 使用 体验 非常 舒适 放心 。	酒店	整体 管理 非常 规范 ， 从 入住 到 离店 都 感受 到
GPT_POS_tokenise, 136	条件 完全 超出 了 我 的 预期 。	酒店	大堂 环境 宽敞明亮 ， 给 人 一种 很 舒适 的 第一印象 。
GPT_POS_tokenise, 143	处 也 打扫 得 非常 干净 到位 。	酒店	位置 靠近 地铁站 ， 出行 去 各个 景点 都 非常 方便快捷 。
GPT_POS_tokenise, 147	起来 感觉 很 干净 也 很 安心 。	酒店	周边环境 安静 ， 没有 嘈杂 声音 ， 非常适合 休息 睡眠 。 前台
GPT_POS_tokenise, 157	需求 时 能够 及时 提供 帮助 支持 。	酒店	整体 氛围 轻松 舒适 ， 让 人 一 进来 就 觉得 很
GPT_POS_tokenise, 163	需求 基本 都 能 及时 得到 解决 。	酒店	整体 环境 维护 得 很 好 ， 走廊 和 公共 区域 都
GPT_POS_tokenise, 167	很 舒服 ， 一夜 都 很 安稳 。	酒店	位置 很 好找 ， 导航 过来 非常 顺利 ， 没有 任何 麻烦
GPT_POS_tokenise, 172	会 主动 问候 ， 体验 很 好 。	酒店	提供 的 基础设施 很 齐全 ， 日常 需求 都 能 满足 。
GPT_POS_tokenise, 179	活动 空间 足够 ， 不会 觉得 拥挤 。	酒店	大堂 很 有 设计 感 ， 进入 后 第一印象 非常 好 。
GPT_POS_tokenise, 183	长时间 休息 也 不会 觉得 不 舒服 。	酒店	整体 氛围 很 安静 ， 非常适合 休息 或 短期 居住 。 服务
GPT_POS_tokenise, 189	长时间 待 着 也 不会 觉得 闷 。	酒店	管理 规范 ， 给 人 一种 很 专业 可靠 的 感觉 。
GPT_POS_tokenise, 196	很 好 ， 水压 稳定 且 舒适 。	酒店	整体 布局合理 ， 动线 清晰 不 容易 迷路 。 客房 隔音 效果
GPT_POS_tokenise, 199	整体 服务 和 环境 都 很 好 。	酒店	细节 处理 得 很 到位 ， 让 人 感受 到 用心 经营
GPT_POS_tokenise, 203	没有 任何 等待时间 ， 体验 很 轻松 。	酒店	整体 氛围 安静 温和 ， 非常适合 放松 休息 。 客房 空间 利用
GPT_POS_tokenise, 207	触感 柔软 ， 睡眠 体验 很 好 。	酒店	周边 交通网络 发达 ， 去 任何 地方 都 比较 快捷 。 卫生间
GPT_POS_tokenise, 212	友善 ， 沟通 起来 非常 自然 顺畅 。	酒店	公共 区域 整洁 明亮 ， 走进 去 就 觉得 很 舒服 。
GPT_POS_tokenise, 217	身体 很 放松 ， 睡得 很 踏实 。	酒店	位置 优越 ， 周围 生活 设施 齐全 很 方便 。 房间 采光
GPT_POS_tokenise, 223	使用 体验 让 人 感觉 很 安心 。	酒店	整体 管理水平 不错 ， 细节 处理 得 比较 到位 。 房间 隔音
GPT_POS_tokenise, 228	实用 ， 住 起来 非常 方便 舒适 。	酒店	整体 环境 维护 良好 ， 看起来 非常 整洁 有序 。 入住 过程
GPT_POS_tokenise, 233	很 好 ， 基本功能 都 很 顺畅 。	酒店	周围环境 安静 ， 没有 噪音 干扰 休息 。 前台 接待 态度 自然
GPT_POS_tokenise, 243	登记 到 进入 房间 几乎 没有 等待 。	酒店	整体 环境 安静 舒适 ， 适合 休息 和 放松 身心 。 客房
GPT_POS_tokenise, 247	感 很 好 ， 睡得 很 踏实 。	酒店	位置 便利 ， 周边 出行 方式 很多 ， 移动 起来 很 轻松
GPT_POS_tokenise, 257	睡 也 不会 感到 疲惫 或 不适 。	酒店	周边 配套 完善 ， 餐饮 和 便利店 都 很 近 。 房间
GPT_POS_tokenise, 263	洗漱 用品 质量 也 比较 令人 放心 。	酒店	管理 有序 ， 整体 给 人 专业 且 可靠 的 感觉 。
GPT_POS_tokenise, 268	， 没有 多余 浪费 空间 的 设计 。	酒店	整体 维护 状态 很 好 ， 看起来 非常 干净 整齐 。 入住
GPT_POS_tokenise, 273	功能齐全 ， 使用 体验 都 很 顺手 。	酒店	周边环境 安静 ， 没有 明显 噪音 影响 休息 。 前台 接待 亲切
GPT_POS_tokenise, 283	非常 高效 ， 没有 任何 多余 等待时间 。	酒店	整体 环境 维护 得 很 好 ， 处处 都 显得 干净 有序
GPT_POS_tokenise, 287	， 睡上去 支撑 感 舒适 且 安稳 。	酒店	所在位置 出行 便利 ， 交通 选择 非常 丰富 。 浴室 设施 干净
GPT_POS_tokenise, 297	下 后 身体 支撑 感 很 好 。	酒店	周边 生活 设施 齐全 ， 日常 需求 都 能 满足 。 房间
GPT_POS_tokenise, 303	干净 整洁 ， 使用 起来 非常 舒适 。	酒店	管理水平 不错 ， 各项 安排 都 比较 合理 。 房间 隔音 效果
GPT_POS_tokenise, 308	实用 ， 住 起来 非常 顺手 自然 。	酒店	整体 维护 很 好 ， 设施 看起来 都 很 新 。 入住
GPT_POS_tokenise, 313	， 日常 使用 功能 都 很 完善 。	酒店	周边环境 安静 ， 没有 噪音 干扰 休息 。 前台 服务态度 自然 亲切
GPT_POS_tokenise, 323	， 几分钟 就 完成 了 全部 流程 。	酒店	整体 环境 维护 得 很 好 ， 看起来 干净 又 有 秩序
GPT_POS_tokenise, 327	舒适 ， 睡眠 质量 明显 提升 不少 。	酒店	位置 很 好 ， 周边 交通 方式 选择 多 而且 便利 。
GPT_POS_tokenise, 337	很 好 ， 睡 起来 很 踏实 。	酒店	周边 配套 完善 ， 日常生活 需求 都 很 方便 。 房间 采光
GPT_POS_tokenise, 343	， 使用 体验 很 好 很 放心 。	酒店	整体 管理 规范 ， 细节 处理 得 比较 用心 。 房间 隔音
GPT_POS_tokenise, 348	简洁 ， 住 起来 非常 顺手 方便 。	酒店	整体 维护 良好 ， 各项 设施 状态 都 很 不错 。 入住
GPT_POS_tokenise, 353	功能齐全 ， 使用 起来 都 很 顺畅 。	酒店	周边环境 安静 ， 非常适合 休息 放松 。 前台 服务 自然 亲切 ，
GPT_POS_tokenise, 363	几乎 没有 等待 就 顺利 拿到 房卡 。	酒店	整体 维护 得 很 好 ， 每个 角落 都 显得 干净 有序
GPT_POS_tokenise, 367	了 一晚 感觉 休息 得 特别 好 。	酒店	位置 便利 ， 出门 就 能 找到 多种 交通 方式 。 浴室
GPT_POS_tokenise, 377	， 支撑 均匀 ， 睡眠 质量 不错 。	酒店	周边 生活 配套 齐全 ， 吃饭 购物 都 很 方便 。 房间
GPT_POS_tokenise, 383	整洁 ， 使用 起来 很 舒适 放心 。	酒店	整体 管理 有序 ， 各项 细节 都 安排 得 比较 到位 。
GPT_POS_tokenise, 388	的 装饰 ， 住 起来 很 方便 。	酒店	整体 维护 状态 很 好 ， 看起来 整洁 又 新 。 入住
GPT_POS_tokenise, 393	， 日常 使用 完全 没有 任何 不便 。	酒店	周围环境 安静 ， 没有 噪音 影响 休息 质量 。 前台 服务 自然
GPT_POS_tokenise, 403	行李 ， 整体 服务 很 贴心 周到 。	酒店	大厅 香氛 淡雅 不 刺鼻 ， 一 进门 就 感觉 很 放松
GPT_POS_tokenise, 409	， 刷卡 进出 让 人 很 安心 。	酒店	电梯 运行 速度 快 ， 即使 高峰 时段 也 不 需要 等待
GPT_POS_tokenise, 412	， 用 起来 体验 感 很 好 。	酒店	前台 提供 地图 指引 ， 帮助 规划 路线 非常 实用 。 房间
GPT_POS_tokenise, 419	清爽 ， 没有 任何 不适 的 感觉 。	酒店	装饰 风格 有 设计 感 ， 细节 上 看得出 用心 。 早餐
GPT_POS_tokenise, 423	， 空调 使用 起来 很 稳定 舒适 。	酒店	附近 步行 就 能 到 地铁站 ， 出行 效率 很 高 。
GPT_POS_tokenise, 426	设计 合理 ， 使用 起来 很 方便 。	酒店	整体 安保 措施 严格 ， 入住 过程 让 人 很 有 安全感
GPT_POS_tokenise, 430	安排 合理 ， 不会 打扰 客人 休息 。	酒店	提供 行李 寄存 服务 ， 非常适合 提前 到达 或 延迟 离开 。
GPT_POS_tokenise, 434	， 即使 临街 也 不会 觉得 吵 。	酒店	工作人员 主动 提供 叫车 服务 ， 非常 省心 方便 。 房间 整体
GPT_POS_tokenise, 437	柔软 干净 ， 使用 起来 很 安心 。	酒店	提供 的 WiFi 覆盖 稳定 ， 视频会议 也 不卡顿 。 入住 过程
GPT_POS_tokenise, 443	顺畅 ， 没有 任何 拖延 和 麻烦 。	酒店	整体 环境 维护 得 很 用心 ， 公共 区域 始终保持 明亮 干净
GPT_POS_tokenise, 447	感 很 好 ， 睡得 非常 安稳 。	酒店	位置 交通 便利 ， 去 市区 主要 区域 都 能 快速 抵达
GPT_POS_tokenise, 457	后 身体 不会 感到 疲惫 或 不适 。	酒店	周边 配套 设施 完善 ， 生活 便利 度 很 高 。 房间
GPT_POS_tokenise, 463	， 没有 任何 使用 不适 的 感觉 。	酒店	管理 非常 规范 ， 入住 体验 始终保持 一致性 。 房间 隔音 效果
GPT_POS_tokenise, 468	家具 摆放 不会 影响 日常 活动 空间 。	酒店	整体 设施 维护 得 很 好 ， 看起来 依旧 很 新 。
GPT_POS_tokenise, 483	， 几乎 没有 排队 等待 的 时间 。	酒店	整体 环境 维护 得 很 好 ， 公共 区域 始终保持 干净 明亮
GPT_POS_tokenise, 487	感 很 好 ， 休息 很 充分 。	酒店	所在位置 出行 便利 ， 打车 和 公共交通 都 很 方便 。 浴室
GPT_POS_tokenise, 497	， 睡 一晚 感觉 身体 放松 很多 。	酒店	周边 配套 丰富 ， 吃饭 和 购物 都 很 方便 。 房间
GPT_POS_tokenise, 503	干净 ， 使用 起来 很 放心 舒适 。	酒店	管理 有条理 ， 各项 服务 安排 都 比较 合理 。 房间 隔音
GPT_POS_tokenise, 508	实用 ， 没有 多余 复杂 的 装饰 。	酒店	整体 维护 状况 很 好 ， 看起来 比较 新 。 入住 体验
GPT_POS_tokenise, 513	正常 ， 使用 过程 中 很 顺手 。	酒店	周围环境 比较 安静 ， 很 适合 休息 睡觉 。 前台 接待 自然
GPT_POS_tokenise, 523	， 整个 过程 几乎 没有 任何 等待 。	酒店	整体 环境 保持 得 很 好 ， 给 人 一种 秩序 感
GPT_POS_tokenise, 527	睡上去 感觉 支撑 很 好 很 放松 。	酒店	周边 交通 很 方便 ， 出门 就 能 轻松 找到 出行 方式
GPT_POS_tokenise, 537	， 睡醒 后 身体 不会 觉得 疲惫 。	酒店	周边 生活 设施 齐全 ， 日常 需求 都 能 满足 。 房间
GPT_POS_tokenise, 543	很 好 ， 使用 体验 舒适 干净 。	酒店	管理 规范 ， 各项 服务 安排 都 很 有条理 。 房间 隔音
GPT_POS_tokenise, 548	起来 不会 有 不 方便 的 地方 。	酒店	整体 维护 良好 ， 各项 设施 看起来 都 很 新 。 入住
GPT_POS_tokenise, 553	， 使用 起来 都 很 方便 顺手 。	酒店	周边环境 安静 ， 没有 噪音 干扰 休息 。 前台 服务态度 自然 亲切
GPT_POS_tokenise, 563	指引 电梯 位置 ， 体验 很 贴心 。	酒店	整体 设计 比较 现代 ， 公共 空间 让 人 感觉 很 舒适
GPT_POS_tokenise, 567	干净 度 让 人 感觉 非常 放心 。	酒店	所在区域 很 安静 ， 晚上 几乎 听 不到 外界 声音 。 浴室
GPT_POS_tokenise, 571	礼貌 ， 交流 过程 中 非常 自然 。	酒店	提供 的 饮品 补给 很 及时 ， 体验 上 很 加分 。
GPT_POS_tokenise, 577	都 合适 ， 睡眠 体验 很 好 。	酒店	周边 步行 范围 内 餐饮 选择 很多 ， 非常 方便 。 房间
GPT_POS_tokenise, 583	异味 ， 使用 体验 整体 很 不错 。	酒店	整体 氛围 比较 安静 ， 适合 休息 和 放松 。 房间 隔热
GPT_POS_tokenise, 588	， 使用 过程 中 没有 任何 不适感 。	酒店	整体 维护 得 很 好 ， 看起来 比较 新且 干净 。 入住
GPT_POS_tokenise, 592	采光 均匀 ， 不会 有 阴暗 角落 。	酒店	电梯 运行 平稳 ， 上 下楼 体验 很 舒适 。 周边 交通
GPT_POS_tokenise, 599	实用 风格 ， 居住 体验 很 顺手 。	酒店	整体 服务 稳定 可靠 ， 让 人 感觉 很 安心 。 入住
GPT_POS_tokenise, 602	整个 过程 非常 高效 几乎 不用 排队 。	酒店	提供 电子 房卡 ， 直接 用 手机 开门 特别 方便 顺畅 。
GPT_POS_tokenise, 608	挂衣 和 收纳 行李 都 很 轻松 。	酒店	提供 枕头 选择 服务 ， 不同 软 硬度 睡 起来 差异 明显
GPT_POS_tokenise, 611	设备 ， 整体 呼吸 感 很 清爽 。	酒店	健身房 设备 很 新 ， 锻炼 时 感觉 空间 也 很 舒适
GPT_POS_tokenise, 616	选择 丰富 ， 补充 饮料 很 方便 。	酒店	提供 行李 寄存 柜 ， 出行 前后 都 很 省心 。 卫生间
GPT_POS_tokenise, 620	好 ， 睡懒觉 完全 不 受 影响 。	酒店	提供 深夜 简餐 服务 ， 晚归 也 不用 担心 用餐 问题 。
GPT_POS_tokenise, 624	接口 配置 齐全 ， 充电 非常 便利 。	酒店	整体 艺术 装饰 较 多 ， 走廊 也 很 有 设计 感
GPT_POS_tokenise, 627	好 ， 适合 短暂 停留 或 阅读 。	酒店	提供 洗衣 快速 服务 ， 出差 期间 非常 实用 。 浴室 水压
GPT_POS_tokenise, 631	可靠 ， 对 行程 安排 帮助 很大 。	酒店	提供 环保 洗护 用品 ， 使用 起来 感觉 很 安心 。 前台
GPT_POS_tokenise, 637	， 早 出行 时 特别 实用 贴心 。	酒店	设有 安静 阅读 区 ， 环境 非常适合 放松 阅读 。 客房 灯光
GPT_POS_tokenise, 643	， 整个 离店 过程 非常 高效 省时 。	酒店	提供 欢迎 饮品 服务 ， 刚 到达 时 感觉 特别 有 仪式
GPT_POS_tokenise, 647	， 对 海外 旅客 非常 友好 实用 。	酒店	提供 城市 导览 二维码 ， 扫码 就 能 获取 详细 游玩 信息
GPT_POS_tokenise, 650	入住 时 空气 更加 舒适 不 干燥 。	酒店	提供 延时 早餐 服务 ， 对 晚起 客人 非常 贴心 友好 。
GPT_POS_tokenise, 653	预约 专车 ， 出行 安排 非常 顺畅 。	酒店	提供 环保 回收 分类 系统 ， 整体 入住 体验 更 有 环保
GPT_POS_tokenise, 656	空气 流动 感 很 好 很 自然 。	酒店	设有 快速 行李 配送 机器人 ， 科技 感 和 效率 都 很
GPT_POS_tokenise, 659	灯 ， 夜间 办公 非常 清晰 舒适 。	酒店	提供 儿童用品 服务 ， 对 家庭 入住 非常 友好 周到 。 入住
GPT_POS_tokenise, 662	， 适合 不想 出门 用餐 的 客人 。	酒店	设有 商务中心 ， 可以 打印文件 非常 方便 。 客房 窗帘 采用 双层
GPT_POS_tokenise, 664	双层 遮光 设计 ， 光线 控制 非常灵活 。	酒店	提供 免费 城市地图 ， 拿取 后 出行 非常 方便 实用 。 前台
GPT_POS_tokenise, 667	连接 ， 无需 额外 操作 很 省心 。	酒店	提供 行李 代收 服务 ， 提前 到达 也 可以 安心 寄存 。
GPT_POS_tokenise, 670	迷你 保险柜 ， 贵重物品 存放 很 安心 。	酒店	提供 拼车 服务 推荐 ， 出行 选择 更加 灵活多样 。 客房 配有
GPT_POS_tokenise, 673	协助 订购 门票 ， 非常适合 旅游 入住 。	酒店	设有 安静 办公区 ， 适合 临时 远程 工作 使用 。 房间 提供
GPT_POS_tokenise, 675	高度 选择 ， 睡眠 体验 更 个性化 。	酒店	提供 快速 干洗 服务 ， 对 商务 出行 非常 实用 。 浴室
GPT_POS_tokenise, 679	语言 频道 ， 娱乐 选择 很 丰富 。	酒店	提供 专属 叫车 通道 ， 高峰 时段 也 很 方便 。 整体
GPT_POS_tokenise, 682	也 比 想象 中 更 干净 整洁 。	酒店	位置 很 方便 ， 周边 吃饭 和 出行 都 很 顺畅 ，
GPT_POS_tokenise, 691	入住 到 退房 都 没有 任何 麻烦 。	酒店	大堂 环境 很 舒服 ， 有种 安静 放松 的 氛围 。 Wi
GPT_POS_tokenise, 697	噪音 干扰 ， 睡眠 质量 很 好 。	酒店	整体 维护 得 不错 ， 看得出 有 在 认真 管理 。 床上用品
GPT_POS_tokenise, 702	安静 ， 温度 调节 也 很 灵敏 。	酒店	周边环境 不错 ， 晚上 散步 很 舒服 。 房间 设计 合理 ，
GPT_POS_tokenise, 713	， 躺 下 就 不想 起来 了 。	酒店	整体 氛围 比较 安静 ， 适合 商务 出行 。 退房 流程 很快
GPT_POS_tokenise, 722	， 入住 期间 调节 设备 非常 方便 。	酒店	支持 无 接触 入住 流程 ， 整个 体验 既 快捷 又 安全
GPT_POS_tokenise, 726	多功能 充电站 ， 电子设备 充电 很 方便 。	酒店	提供 专属 旅行 手册 ， 里面 有 很多 实用 的 本地 信息
GPT_POS_tokenise, 729	冰箱 ， 夜间 完全 不会 影响 休息 。	酒店	提供 自助 洗衣房 ， 长住 期间 使用 很 方便 。 前台 可以
GPT_POS_tokenise, 732	书桌 高度 ， 办公 体验 更加 舒适 。	酒店	提供 早餐 预约 时间 选择 ， 避免 高峰 拥挤 很 贴心 。
GPT_POS_tokenise, 734	系统 ， 晚上 起身 非常 方便 安全 。	酒店	提供 免费 自行车 租借 ， 周边 出行 体验 很 好 。 浴室
GPT_POS_tokenise, 737	模式 ， 适合 不同 使用 场景 切换 。	酒店	提供 行李 快递 寄送 服务 ， 离店 时 特别 省心 。 前台
GPT_POS_tokenise, 740	休息 时 视野 很 好 很 放松 。	酒店	提供 本地 交通卡 购买 服务 ， 出行 准备 很 轻松 。 房间内
GPT_POS_tokenise, 743	在线 预约 清洁 时间 ， 非常灵活 方便 。	酒店	提供 迷你 会议 空间 ， 临时 办公 很 实用 。 客房 提供
GPT_POS_tokenise, 746	， 对 临时 办公 需求 很 友好 。	酒店	提供 外卖 取餐 柜 ， 取餐 过程 非常 安全 便捷 。 房间内
GPT_POS_tokenise, 749	洗护 套装 ， 使用 感受 很 好 。	酒店	支持 数字 发票 自动 发送 ， 报销 流程 很 顺畅 。 客房
GPT_POS_tokenise, 752	预约 景点 门票 ， 非常 省 时间 。	酒店	提供 夜间 安保 巡查 服务 ， 入住 感觉 很 安全 。 房间内
GPT_POS_tokenise, 755	， 洗澡 过程 中 温度 非常 稳定 。	酒店	提供 本地 活动 推荐 屏幕 ， 获取信息 很 方便 。 客房 可
GPT_POS_tokenise, 758	， 对 出差 安排 很 有 帮助 。	酒店	支持 移动 支付 快速 结算 ， 消费 体验 很 顺畅 。 房间
GPT_POS_tokenise, 761	满意 。 这次 入住 体验 很 满意 ，	酒店	环境 整洁 安静 ， 整体 让 人 感觉 很 放松 。 前台
GPT_POS_tokenise, 764	任何 异味 ， 住 得 很 安心 。	酒店	地理位置 很 好 ， 出门 就 能 找到 地铁 和 餐厅 ，
GPT_POS_tokenise, 769	热水 供应 稳定 ， 使用 体验 不错 。	酒店	整体 比较 安静 ， 晚上 没有 任何 噪音 影响 休息 。 入住
GPT_POS_tokenise, 774	明亮 ， 心情 也 跟着 变 好 。	酒店	服务 细致 ， 日常用品 补充 得 很 及时 。 空调 效果 很
GPT_POS_tokenise, 779	好 ， 细节 处理 得 比较 到位 。	酒店	周边环境 不错 ， 晚上 很 适合 散步 。 入住 体验 整体 很
GPT_POS_tokenise, 783	， 不 需要 等待 ， 很 省心 。	酒店	装修 风格 简洁 现代 ， 看起来 比较 有 质感 。 服务 响应速度
GPT_POS_tokenise, 791	很 友善 ， 沟通 起来 很 轻松 。	酒店	整体 管理 规范 ， 入住 体验 比较 安心 。 床 的 软
GPT_POS_tokenise, 795	， 即使 晚一点 去 也 有 选择 。	酒店	位置 交通 便利 ， 出行 很省 时间 。 房间 没有 异味 ，
GPT_POS_tokenise, 803	坐 着 喝茶 看 街景 很 惬意 。	酒店	靠近 公园 ， 早上 散步 体验 非常 轻松 舒服 。 房间 可以
GPT_POS_tokenise, 836	很 好 ， 步行 就 能 到达 。	酒店	离 博物馆 很近 ， 步行 参观 非常 方便 省时 。 地铁站 步行
GPT_POS_tokenise, 840	。 这次 入住 整体 感觉 非常 舒心 ，	酒店	环境 安静 整洁 ， 让 人 一 进门 就 放松 下来 。
GPT_POS_tokenise, 843	得 不错 ， 看得出 打扫 很 用心 。	酒店	位置 很 理想 ， 出行 和 吃饭 都 很 方便 ， 省
GPT_POS_tokenise, 848	整洁 ， 使用 起来 没有 任何 不适感 。	酒店	晚上 特别 安静 ， 完全 不会 影响 休息 质量 。 入住 过程
GPT_POS_tokenise, 853	明亮 ， 心情 也 跟着 变 好 。	酒店	服务 很 细致 ， 日常 需求 基本 都 能 及时 响应 。
GPT_POS_tokenise, 858	不错 ， 入住 时 没有 任何 问题 。	酒店	周边环境 不错 ， 晚上 很 安静 适合 散步 。 入住 体验 整体
GPT_POS_tokenise, 870	友善 ， 让 人 感觉 很 放松 。	酒店	整体 管理 规范 ， 入住 体验 比较 安心 可靠 。 床 的
GPT_POS_tokenise, 874	补充 很 及时 ， 选择 也 比较稳定 。	酒店	交通 便利 ， 出行 很 省心 。 房间 空气清新 ， 没有 异味
GPT_POS_tokenise, 880	给 人 一种 很 放松 的 感觉 。	酒店	前台 服务态度 很 好 ， 办理 入住 速度 很快 ， 没有 任何
GPT_POS_tokenise, 892	， 白天 待 着 感觉 很 舒服 。	酒店	整体 服务 响应 很 及时 ， 有 需求 都 能 快速 处理
GPT_POS_tokenise, 901	简单 快捷 ， 不 需要 多余 等待 。	酒店	整体 设计 风格 比较 现代 ， 看着 很 舒服 。 服务 人员
GPT_POS_tokenise, 909	态度 友好 ， 交流 起来 很 轻松 。	酒店	管理 比较 规范 ， 住 得 比较 安心 。 床垫 舒适度 不错
GPT_POS_tokenise, 920	的 床铺 ， 整体 观感 很 舒服 。	酒店	大厅 空间 很大 ， 坐下 来 等候 时 完全 不会 觉得 拥挤
GPT_POS_tokenise, 924	很 实用 ， 休息 时 很 方便 。	酒店	整体 装修 偏 温馨 风格 ， 住 起来 有种 放松 的 感觉
GPT_POS_tokenise, 929	规整 ， 晚上 睡觉 感觉 特别 安心 。	酒店	整体 环境 保持 得 很 干净 ， 细节 也 处理 得 不错
GPT_POS_tokenise, 933	， 回到 房间 时 总是 干干净净 的 。	酒店	入口 设计 醒目 ， 第一次 来 也 很 容易 找到 。 房间内
GPT_POS_tokenise, 937	， 使用 时 体验 一直 很 好 。	酒店	整体 给 人 的 感觉 比较 安稳 ， 住 着 很 踏实
GPT_POS_tokenise, 942	柔和 ， 晚上 休息 氛围 很 好 。	酒店	整体 卫生 做 得 不错 ， 看起来 很 干净 整齐 。 床垫
GPT_POS_tokenise, 946	不错 ， 外界 声音 基本 听 不到 。	酒店	位置 交通 方便 ， 出门 很 容易 叫车 。 前台 接待 很
GPT_POS_tokenise, 951	设施 齐全 ， 使用 起来 很 方便 。	酒店	环境 整体 比较 安静 ， 适合 休息 。 卫生间 保持 得 很
GPT_POS_tokenise, 955	没有 任何 复杂 环节 ， 很 省心 。	酒店	整体 服务 比较稳定 ， 让 人 感觉 放心 。 房间 体验 很
GPT_POS_tokenise, 957	。 这次 入住 体验 整体 很 顺畅 ，	酒店	环境 干净 清爽 ， 让 人 一 进门 就 感觉 舒服 。
GPT_POS_tokenise, 960	杂乱 感 ， 住 得 很 安心 。	酒店	位置 不错 ， 出门 就 能 找到 便利店 和 餐馆 ， 非常
GPT_POS_tokenise, 970	很 明亮 ， 心情 也 很 好 。	酒店	服务 很 及时 ， 有 需求 基本 马上 就 能 解决 。
GPT_POS_tokenise, 987	很 耐心 ， 沟通 起来 很 轻松 。	酒店	管理 有序 ， 入住 体验 比较 安心 。 床垫 支撑力 不错 ，
GPT_POS_tokenise, 998	完全 没有 异味 让 人 很 放心 。	酒店	入口 有 清晰 指引 标识 ， 第一次 来 也 能 轻松 找到
GPT_POS_tokenise, 1002	放 饮料 和 水果 非常 方便 实用 。	酒店	整体 灯光设计 偏 暖色调 ， 晚上 氛围 很 放松 。 浴室 水温
GPT_POS_tokenise, 1005	桌面 边角 都 整理 得 很 干净 。	酒店	大厅 有 舒适 座椅 区 ， 等 人时 不会 觉得 疲惫 。
GPT_POS_tokenise, 1010	走动 和 使用 空间 都 很 充足 。	酒店	周边 餐饮 很多 ， 随便 走走 就 能 找到 合适 的 餐厅
GPT_POS_tokenise, 1015	充足 ， 临时 办公 也 很 方便 。	酒店	整体 维护 状态 很 好 ， 看起来 干净 又 有 秩序 。
GPT_POS_tokenise, 1020	， 细节 部分 处理 得 比较 到位 。	酒店	整体 环境 安静 ， 适合 休息 和 放松 心情 。 客房 设施
GPT_POS_tokenise, 1025	非常 平整 ， 看起来 很 整洁 舒适 。	酒店	电梯 运行 平稳 ， 上 下楼 体验 很 好 。 房间 整体
GPT_POS_tokenise, 1029	干净 整洁 ， 使用 体验 很 安心 。	酒店	整体 服务 节奏 稳定 ， 体验 比较 连贯 。 房间 没有 任何
GPT_POS_tokenise, 1033	， 日常 使用 基本 都 能 满足 。	酒店	工作人员 态度 真诚 ， 整体 服务 体验 不错 。 房间 整体 感受
GPT_POS_tokenise, 1035	人 满意 的 入住 体验 。 这次 在	酒店	入住 时 正好 赶上 提前 到 店 ， 前台 很 贴心 地帮
GPT_POS_tokenise, 1038	， 整体 卫生 做 得 很 细致 。	酒店	电梯 运行 很快 ， 即使 高峰 时段 也 几乎 不用 等待 。
GPT_POS_tokenise, 1041	水流 很强 ， 洗澡 体验 非常 解压 。	酒店	提供 的 枕头 支撑 感 很 好 ， 睡得 比 在家 还
GPT_POS_tokenise, 1045	有人 经过 也 几乎 听 不到 声音 。	酒店	提供 的 拖鞋 和 洗漱 用品 质量 不错 ， 用 起来 很
GPT_POS_tokenise, 1049	好 ， 饮料 保持 得 很 凉爽 。	酒店	大门口 就 能 打车 ， 出行 特别 省心 。 入住 期间 工作人员
GPT_POS_tokenise, 1053	独立 小 阳台 ， 空气 很 清新 。	酒店	整体 灯光 氛围 很 好 ， 晚上 在 大堂 坐 着 也
GPT_POS_tokenise, 1057	了 房型 ， 空间 明显 更 宽敞 。	酒店	提供 的 热 水壶 干净 无 异味 ， 用 起来 放心 。
GPT_POS_tokenise, 1060	整洁 ， 脚 踩 上去 很 舒服 。	酒店	附近 就 有 超市 ， 临时 买 东西 非常 方便 。 这次
GPT_POS_tokenise, 1064	等 人时 坐 着 不会 觉得 累 。	酒店	停车场 空间 充足 ， 自驾 入住 很 轻松 。 房间 镜子 设计
GPT_POS_tokenise, 1067	时段 ， 整个 楼层 都 很 安静 。	酒店	提供 的 矿泉水 每天 都 会 补充 ， 很 贴心 。 客房
GPT_POS_tokenise, 1071	是 整体 清洁 维护 状态 很 好 。	酒店	周边 绿化 不错 ， 早上 散步 很 舒服 。 洗手间 排水 很
GPT_POS_tokenise, 1077	感受 到 适宜 的 温度 很 贴心 。	酒店	大堂 有 淡淡 背景音乐 ， 等待 办理 时 氛围 很 轻松 不
GPT_POS_tokenise, 1082	的 防滑垫 很稳 ， 洗澡时 安全感 很强 。	酒店	整体 采光 设计 很 好 ， 大堂 白天 非常 明亮 通透 。
GPT_POS_tokenise, 1087	， 使用 体验 很 有 惊喜 感 。	酒店	走廊 铺设 厚 地毯 ， 行走 时 非常 安静 舒适 。 前台
GPT_POS_tokenise, 1091	刺鼻 气味 ， 整体 空气质量 很 好 。	酒店	提供 自助 饮水 区 ， 补水 非常 方便 实用 。 浴室 热水
GPT_POS_tokenise, 1095	人员 始终保持 微笑 ， 感觉 很 舒服 。	酒店	大堂 摆放 绿植 很多 ， 整体 环境 很 有 生机 感 。
GPT_POS_tokenise, 1099	丰富 ， 晚上 休息 时 不会 无聊 。	酒店	整体 动线 设计 合理 ， 找 房间 非常 顺畅 。 房间内 配有
GPT_POS_tokenise, 1103	不 拥挤 ， 活动 空间 比较 充足 。	酒店	提供 快速 退房 通道 ， 离店 体验 很 高效 。 前台 可以
GPT_POS_tokenise, 1106	照明 均匀 ， 没有 明显 阴影 区域 。	酒店	提供 安静 休息 提醒 服务 ， 整体 氛围 管理 很 好 。
GPT_POS_tokenise, 1109	小 欢迎 礼品 ， 感觉 很 温暖 。	酒店	整体 温度控制 很 好 ， 公共 区域 也 很 舒适 。 房间内
GPT_POS_tokenise, 1113	清洁 光滑 ， 使用 电脑 很 顺手 。	酒店	整体 管理 有序 ， 从 入住 到 离店 都 很 顺畅 。
GPT_POS_tokenise, 1115	一次 令人 放松 的 停留 。 这次 入住	酒店	整体 体验 很 舒适 ， 房间 干净 整洁 ， 第一印象 很 好
GPT_POS_tokenise, 1118	， 白天 休息 也 不会 觉得 刺眼 。	酒店	整体 氛围 安静 ， 适合 放松 和 休息 。 床铺 很 舒适
GPT_POS_tokenise, 1128	很 好 ， 空气 感觉 很 清新 。	酒店	服务 比较 细致 ， 日常 需求 基本 都 能 满足 。 空调
GPT_POS_tokenise, 1133	整体 卫生状况 良好 ， 没有 任何 不适感 。	酒店	周边环境 安静 ， 晚上 休息 很 安心 。 入住 体验 整体 比较
GPT_POS_tokenise, 1137	过程 很快 ， 不 需要 排队 等待 。	酒店	装修 风格 现代 简洁 ， 看起来 很 清爽 。 服务 响应速度 不错
GPT_POS_tokenise, 1145	工作人员 态度 友好 ， 沟通 很 顺畅 。	酒店	管理 规范 ， 入住 过程 让 人 安心 。 床垫 支撑 适中
GPT_POS_tokenise, 1154	， 适合 短住 或 出差 。 这次 入住	酒店	整体 感受 很 不错 ， 环境 干净 整洁 ， 让 人 一
GPT_POS_tokenise, 1157	， 看起来 很 新 也 很 干净 。	酒店	位置 不错 ， 周边 交通 和 餐饮 都 很 方便 。 床铺
GPT_POS_tokenise, 1167	好 ， 白天 待 着 很 舒服 。	酒店	服务 响应 很 及时 ， 有 需求 很快 就 能 解决 。
GPT_POS_tokenise, 1172	很 好 ， 住 起来 比较 安心 。	酒店	周边环境 安静 ， 适合 休息 放松 。 入住 体验 很 顺畅 ，
GPT_POS_tokenise, 1184	工作人员 态度 友好 ， 沟通 没有 障碍 。	酒店	管理 有序 ， 住 得 比较 放心 。 床垫 舒适度 很 好
GPT_POS_tokenise, 1195	没有 任何 异味 让 人 很 安心 。	酒店	整体 动线 设计 合理 ， 第一次 来 也 能 快速 找到 房间
GPT_POS_tokenise, 1199	冰箱 ， 存放 饮品 非常 方便 实用 。	酒店	大堂 布置 温馨 ， 等待 时 不会 觉得 无聊 或 焦躁 。
GPT_POS_tokenise, 1205	白天 整体 空间 感觉 很 通透 明亮 。	酒店	周边 生活 设施 齐全 ， 日常 出行 很 方便 。 前台 讲解
GPT_POS_tokenise, 1209	后 身体 状态 很 好 很 放松 。	酒店	整体 环境 安静 ， 没有 明显 噪音 干扰 休息 。 房间内 家具
GPT_POS_tokenise, 1213	， 让 人 感觉 很 轻松 舒服 。	酒店	电梯 运行 平稳 ， 上 下楼 几乎 没有 等待 。 客房 灯光设计
GPT_POS_tokenise, 1217	办理 非常 顺畅 ， 几乎 不用 等待 。	酒店	公共 区域 整洁 有序 ， 看起来 很 舒适 。 客房 清扫 非常
GPT_POS_tokenise, 1221	不错 ， 夜晚 睡眠 质量 很 好 。	酒店	整体 维护 良好 ， 看起来 整洁 又 新 。 浴室镜 面 清晰
GPT_POS_tokenise, 1226	， 睡 起来 很 舒服 很 安心 。	酒店	位置 交通 便利 ， 出行 选择 很多 很 灵活 。 前台 人员
GPT_POS_tokenise, 1231	正常 ， 使用 过程 中 很 顺手 。	酒店	整体 服务 稳定 ， 体验 比较 一致 可靠 。 整个 入住 过程
GPT_POS_tokenise, 1235	的 床铺 ， 整体 感觉 很 温馨 。	酒店	内部 指引 非常 清晰 ， 第一次 入住 也 不会 迷路 。 客房
GPT_POS_tokenise, 1240	使用 时 没有 滑腻 感 很 安全 。	酒店	整体 装饰 风格 简洁 大方 ， 视觉 上 很 舒服 不 杂乱
GPT_POS_tokenise, 1245	均匀 ， 白天 不 需要 额外 开灯 。	酒店	周围环境 安静 ， 晚上 休息 完全 不会 被 打扰 。 前台 人员
GPT_POS_tokenise, 1249	， 温度 稳定 使用 感 很 好 。	酒店	电梯 运行 顺畅 ， 高峰 时段 也 不 拥挤 。 房间内 家具
GPT_POS_tokenise, 1252	， 没有 复杂 手续 或 多余 步骤 。	酒店	整体 环境 维护 得 很 好 ， 公共 区域 始终 整洁 。
GPT_POS_tokenise, 1258	很 干净 ， 没有 任何 异味 问题 。	酒店	整体 服务 节奏 稳定 ， 体验 过程 很 顺畅 。 客房 内
GPT_POS_tokenise, 1261	， 进入 后 很快 就 舒适 了 。	酒店	位置 出行 便利 ， 交通 方式 选择 很多 。 前台 解释 入住
GPT_POS_tokenise, 1265	良好 ， 长时间 停留 也 不会 闷 。	酒店	管理 有序 ， 各项 安排 都 很 合理 。 床上用品 干净 柔软
GPT_POS_tokenise, 1269	柔和 ， 晚上 休息 氛围 很 好 。	酒店	整体 维护 良好 ， 看起来 干净 又 整洁 。 客房 设计 简洁
GPT_POS_tokenise, 1273	。 这次 入住 体验 整体 很 满意 ，	酒店	环境 干净 整齐 ， 让 人 感觉 很 安心 。 前台 服务
GPT_POS_tokenise, 1276	整体 看起来 很 新 也 很 舒适 。	酒店	位置 便利 ， 周边 生活 设施 齐全 。 床铺 非常 舒适 ，
GPT_POS_tokenise, 1291	情况 良好 ， 住 得 很 放心 。	酒店	周边环境 安静 ， 适合 休息 。 入住 过程 很 顺利 ， 没有
GPT_POS_tokenise, 1303	态度 很 好 ， 交流 顺畅 自然 。	酒店	管理 规范 ， 入住 体验 比较 安心 。 床垫 舒适度 很 好
GPT_POS_tokenise, 1312	广州 出差 ， 本来 就是 随便 订 的	酒店	， 想着 能住 就 行 ， 结果 到 了 之后 整体 比
GPT_POS_tokenise, 1313	看 了 很多 评价 之后 选 了 这家	酒店	， 结果 到 了 之后 感觉 还 挺 稳 的 。 大堂
GPT_POS_tokenise, 1314	这次 出差 在 杭州 住 了 三晚 ，	酒店	整体 属于 比较 实用型 的 ， 没有 太 多 花里胡哨 的 东西
GPT_POS_tokenise, 1315	这次 一个 人来 旅游 ， 住 了 这家	酒店	三天 ， 整体 体验 比 我 想象 中好 一点 。 刚到 的
GPT_POS_tokenise, 1315	来说 属于 那种 住 着 不会 出错 的	酒店	。 这次 来 成都 主要 是 休息 几天 ， 选 这家 酒店
GPT_POS_tokenise, 1316	成都 主要 是 休息 几天 ， 选 这家	酒店	也 是 朋友 推荐 的 。 入住 之后 感觉 确实 还 行
GPT_POS_tokenise, 1317	两晚 ， 总体 感觉 还是 比较满意 的 。	酒店	外观 看着 一般 ， 但 进去 之后 还 挺 整洁 的 ，
GPT_POS_tokenise, 1318	一下 。 这次 在 深圳 临时 订 的	酒店	， 本来 没抱 期待 ， 结果 入住 之后 还 挺 惊喜 的
GPT_POS_tokenise, 1318	洗澡水 很 稳定 ， 这点 比 很多 同价位	酒店	好 。 前台 退房 也 很快 ， 没有 拖时间 。 整体 来说
GPT_POS_tokenise, 1319	。 这次 在 南京 住 了 两天 ，	酒店	位置 挺 关键 的 ， 离 地铁站 很近 ， 出行 很 方便
GPT_POS_tokenise, 1320	的 一家 商务酒店 。 这次 旅行 住 这家	酒店	三 晚 ， 感觉 最 明显 的 就是 稳定 ， 没有 什么
GPT_POS_tokenise, 1321	接受 。 这次 来 西安 玩选 了 这家	酒店	， 位置 真的 挺 方便 的 ， 去 景点 打车 都 不远
GPT_POS_tokenise, 1322	这次 出差 在 厦门 住 了 几天 ，	酒店	整体 感觉 比较 稳 。 房间 不算 大 ， 但 收拾 得
GPT_POS_tokenise, 1323	但 不算 严重 。 这次 住 了 这家	酒店	两晚 ， 整体 感觉 还 可以 。 前台 效率 挺 高 的
GPT_POS_tokenise, 1324	这次 一个 人来 武汉 住 了 三天 ，	酒店	属于 比较 中规中矩 的 类型 ， 但 细节 做 得 还行 。
GPT_POS_tokenise, 1325	。 这次 在 青岛 住 了 两晚 ，	酒店	位置 挺不错 ， 离 海边 不远 ， 走路 也 能 到 一些
GPT_POS_tokenise, 1326	声音 。 这次 带 朋友 来 住 这家	酒店	， 总体 体验 还 不错 。 房间 空间 够用 ， 两个 人住
GPT_POS_tokenise, 1326	比较 方便 ， 出门 就 能 打车 。	酒店	整体 比较 干净 整齐 ， 没有 什么 让 人 不 舒服 的
GPT_POS_tokenise, 1327	， 感觉 属于 那种 不会 踩 雷 的	酒店	。 房间 每天 打扫 得 挺 干净 ， 回来 都 是 整洁
GPT_POS_tokenise, 1328	但 可靠 。 这次 出差 临时 订 的	酒店	， 结果 体验 还 可以 。 房间 不大 但 够用 ， 布局合理
GPT_POS_tokenise, 1328	的 。 整体 就是 比较 实用 的 一家	酒店	。 这次 旅行 住 这家 酒店 两晚 ， 整体 感觉 比较 轻松
GPT_POS_tokenise, 1329	的 一家 酒店 。 这次 旅行 住 这家	酒店	两晚 ， 整体 感觉 比较 轻松 。 房间 干净 ， 没有 异味
GPT_POS_tokenise, 1330	。 这次 在 天津 住 了 一晚 ，	酒店	整体 还 行 。 房间 比较 安静 ， 晚上 没 怎么 被
GPT_POS_tokenise, 1331	舒服 的 那种 。 这次 住 了 这家	酒店	三天 ， 整体 比较满意 。 房间 每天 打扫 得 很 及时 ，
GPT_POS_tokenise, 1332	。 这次 来 住 感觉 还 可以 ，	酒店	整体 偏 实用 风格 ， 没有 太 多 装饰 但 够用 。
GPT_POS_tokenise, 1334	但 还 能 接受 。 这次 住 这家	酒店	整体 感觉 不错 ， 房间 比 预期 干净 ， 床 也 挺舒服
GPT_POS_tokenise, 1335	选择 。 这次 旅行 住 了 三天 ，	酒店	整体 比较稳定 。 房间 干净 ， 床 舒服 ， 睡得 很 好
GPT_POS_tokenise, 1336	。 这次 来 住 感觉 还 可以 ，	酒店	整体 比较 安静 。 房间 卫生 不错 ， 床单 干净 。 洗澡
GPT_POS_tokenise, 1338	什么 槽 点 。 这次 出差 住 这家	酒店	， 感觉 还 行 。 房间 简单 但 干净 ， 床 也
GPT_POS_tokenise, 1340	服务 正常 。 属于 比较 稳 的 一家	酒店	。 这次 旅行 住 了 两晚 ， 整体 还 行 。 房间
GPT_POS_tokenise, 1344	明显 问题 。 这次 住 了 两晚 ，	酒店	整体 还 可以 。 房间 干净 ， 设施 基本 够用 。 前台
GPT_POS_tokenise, 1345	。 这次 来 上海 出差 住 的 这家	酒店	， 整体 感觉 还 挺 超出 预期 的 ， 本来 只是 随便
GPT_POS_tokenise, 1347	很 好 。 原本 是 临时 订 的	酒店	， 也 没 做 太 多 期待 ， 到 了 之后 反而
GPT_POS_tokenise, 1348	。 住 了 两天 感觉 还 可以 ，	酒店	位置 挺 好 的 ， 去 哪 都 算 方便 ， 打车
GPT_POS_tokenise, 1349	能 接受 。 这次 出差 选 的 这家	酒店	算是 比较 稳 的 选择 ， 没有 什么 特别 惊艳 的 地方
GPT_POS_tokenise, 1350	来 杭州 玩 的 时候 住 的 这家	酒店	， 总体 体验 还 不错 ， 位置 挺 好 ， 离 景点
GPT_POS_tokenise, 1351	。 这次 一个 人 旅行 随便 订 的	酒店	， 结果 出乎意料 还 可以 ， 房间 不大 但 一个 人住 完全
GPT_POS_tokenise, 1352	不过 整体 还是 能 休息 好 的 。	酒店	位置 很 好找 ， 导航 直接 到 门口 ， 前台 办理 入住
GPT_POS_tokenise, 1354	不 影响 使用 。 临时 出差 选 的	酒店	， 价格 不高 所以 本来 没太多 期待 ， 结果 入住 后 觉得
GPT_POS_tokenise, 1355	声 。 带 朋友 一起 住 的 这家	酒店	， 整体 还 算 满意 ， 前台 还 挺 贴心 帮 我们
GPT_POS_tokenise, 1356	时候 有点 局促 。 这次 旅行 住 这家	酒店	算是 比较 顺 的 一次 体验 ， 入住 退房 都 很快 ，
GPT_POS_tokenise, 1357	感觉 还 行 ， 属于 那种 中规中矩 的	酒店	， 没有 特别 亮点 但 也 不会 失望 ， 前台 态度 不错
GPT_POS_tokenise, 1358	， 就是 电视信号 有点 不太 清晰 。 这家	酒店	位置 挺不错 的 ， 周边 吃饭 很 方便 ， 下楼 就 能
GPT_POS_tokenise, 1359	新 。 这次 来 广州 住 的 这家	酒店	整体 感觉 还 可以 ， 交通 方便 ， 去 商圈 也 不远
GPT_POS_tokenise, 1360	。 住 了 两天 总体 体验 不错 ，	酒店	环境 比较 安静 ， 晚上 不会 太吵 ， 适合 休息 ， 房间
GPT_POS_tokenise, 1361	稍微 注意 一点 。 这次 出行 选 的	酒店	属于 比较 实用型 的 ， 没有 太 多 花哨 的 东西 ，
GPT_POS_tokenise, 1363	的 时候 容易 溅水 。 这次 住 的	酒店	算是 性价比 还 不错 的 选择 ， 价格 不贵 但 整体 还
GPT_POS_tokenise, 1364	， 就是 房间 WiFi 偶尔 不太 稳定 。	酒店	位置 很 好 ， 出门 就是 地铁口 ， 出行 特别 方便 ，
GPT_POS_tokenise, 1366	下来 。 这次 家庭 出游 住 的 这家	酒店	总体 还 可以 ， 空间 够用 ， 小孩 也 能 活动 开
GPT_POS_tokenise, 1367	的 ， 就是 卫生间 稍微 有点 小 。	酒店	整体 比较 朴实 ， 没有 太 多 亮点 但 也 不会 踩
GPT_POS_tokenise, 1369	声音 。 住 下来 感觉 还 不错 ，	酒店	位置 在 市区 ， 去 哪 都 方便 ， 房间 干净 度
GPT_POS_tokenise, 1370	偏暗 ， 不太 适合 晚上 工作 。 这家	酒店	属于 那种 基础 型 的 ， 但 做 得 还 算 扎实
GPT_POS_tokenise, 1372	稍微 慢 一点点 。 这次 旅行 选 的	酒店	还 算 顺利 ， 交通 方便 ， 周边 吃 的 很多 ，
GPT_POS_tokenise, 1374	两个 人 行李 放 起来 有点 挤 。	酒店	整体 体验 中规中矩 ， 服务 人员 态度 正常 ， 房间 干净 ，
GPT_POS_tokenise, 1375	声音 稍微 大 一点 。 这次 住 的	酒店	算是 比较稳定 的 一家 ， 没有 特别 惊喜 但 也 没有 问题
GPT_POS_tokenise, 1377	小 了 一点 ， 办公 不太 宽松 。	酒店	位置 很 好 ， 附近 商圈 和 地铁 都 很 近 ，
GPT_POS_tokenise, 1380	可以 ， 就是 WiFi 偶尔 卡顿 一下 。	酒店	整体 还 可以 ， 属于 那种 不会 出错 的 类型 ， 位置
GPT_POS_tokenise, 1381	这次 来 南京 是 临时 出差 订 的	酒店	， 本来 想着 随便 住 一晚 就 行 ， 结果 整体 体验
GPT_POS_tokenise, 1382	。 这次 在 杭州 住 了 三天 ，	酒店	位置 还 算 可以 ， 去 西湖 打车 十几分钟 ， 出行 不算
GPT_POS_tokenise, 1383	。 这次 在 上海 住 了 两晚 ，	酒店	离 地铁口 挺近 ， 走路 几分钟 就 到 ， 拖 箱子 也
GPT_POS_tokenise, 1384	。 这次 来 成都 住 了 三晚 ，	酒店	在 一条 小 路上 ， 晚上 反而 挺 安静 的 ， 不会
GPT_POS_tokenise, 1385	。 这次 在 西安 住 了 两晚 ，	酒店	外观 看着 普通 ， 但 进去 之后 还 可以 ， 大堂 挺
GPT_POS_tokenise, 1386	， 整体 感觉 还 挺 轻松 的 。	酒店	离 海边 不算 远 ， 天气 好 的 时候 走 过去 也
GPT_POS_tokenise, 1387	这次 在 深圳 出差 住 了 三天 ，	酒店	整体 比较 现代 一点 ， 房间 看起来 比较 清爽 。 每天 打扫
GPT_POS_tokenise, 1388	都 可以 ， 整体 属于 比较 实用型 的	酒店	。 这次 去 青岛 住 了 三天 ， 酒店 位置 不错 ，
GPT_POS_tokenise, 1389	。 这次 去 青岛 住 了 三天 ，	酒店	位置 不错 ， 离 海边 不远 ， 走路 也 能 过去 。
GPT_POS_tokenise, 1390	。 这次 来 广州 住 了 两晚 ，	酒店	位置 挺 方便 的 ， 地铁 出来 走 一段 就 到 了
GPT_POS_tokenise, 1391	。 这次 在 重庆 住 了 三天 ，	酒店	在 坡 上 ， 上下 走路 稍微 有点累 ， 但 整体 还
GPT_POS_tokenise, 1392	。 这次 在 苏州 住 了 两天 ，	酒店	整体 比较 安静 ， 晚上 基本 没什么 噪音 。 房间 布置 简单
GPT_POS_tokenise, 1393	。 这次 在 长沙 住 了 两晚 ，	酒店	位置 还 可以 ， 离 市中心 不远 。 房间 进去 没有 异味
GPT_POS_tokenise, 1396	。 这次 在 合肥 住 了 两晚 ，	酒店	整体 中规中矩 ， 房间 干净 整齐 。 空调 运行 稳定 ， 晚上
GPT_POS_tokenise, 1397	。 这次 在 济南 住 了 三天 ，	酒店	位置 还 可以 ， 出门 打车 方便 。 房间 干净 ， 没有
GPT_POS_tokenise, 1398	。 这次 在 大连 住 了 两晚 ，	酒店	整体 不错 ， 房间 干净 整齐 。 晚上 比较 安静 ， 没有
GPT_POS_tokenise, 1404	不错 ， 下次 来 这边 还会 考虑 。	酒店	不吵 ， 晚上 休息 得 很 好 ， 隔音 比 想象 中好
GPT_POS_tokenise, 1416	挺 便利 ， 出行 打车 也 方便 。	酒店	整体 干净 整洁 ， 看起来 比较 新 。 服务态度 不错 ， 有问必答
GPT_POS_tokenise, 1433	。 退房 也 很快 ， 没有 拖延 。	酒店	位置 不错 ， 打车 也 很 好 定位 。 整体 住 下来
GPT_POS_tokenise, 1437	入住 体验 还 行 ， 属于 稳妥 型	酒店	。 简单 住 一晚 的话 完全 没 问题 ， 挺 方便 的
GPT_POS_tokenise, 1446	联系 寄 回来 了 ， 挺 负责 。	酒店	不算 特别 豪华 ， 但 整体 住 起来 很 踏实 。 晚上
GPT_POS_tokenise, 1453	挺 安静 的 ， 睡得 挺 沉 。	酒店	离 地铁站 不远 ， 拖 行李 走 过去 也 不 费劲 。
GPT_POS_tokenise, 1454	不 费劲 。 临时 改了 入住 时间 ，	酒店	也 很快 帮 我 调整 好 了 。 房间 比 图片 看起来
GPT_POS_tokenise, 1465	流程 很 简单 ， 没有 多余 步骤 。	酒店	位置 还 可以 ， 去 景点 打车 也 方便 。 房间 卫生
GPT_POS_tokenise, 1476	感觉 比较稳定 ， 是 那种 不会 出错 的	酒店	。 价格 和 位置 匹配 度 还 可以 ， 算 合理 。
GPT_POS_tokenise, 1483	。 临时 改 行程 提前 到 了 ，	酒店	也 很快 给 安排 了 房间 ， 没有 卡 。 一 进门
GPT_POS_tokenise, 1494	放 点 饮料 挺 方便 。 晚上 回	酒店	比较 晚 ， 还 能 顺利 点到 外卖 ， 很 方便 。
GPT_POS_tokenise, 1500	一点 ， 但 睡着 还 挺舒服 的 。	酒店	位置 不难 找 ， 导航 直接 就 到 了 。 房间 里
GPT_POS_tokenise, 1506	， 晚上 还 挺 有 氛围 的 。	酒店	整体 给 人 感觉 比较 干净利落 。 有 需求 打电话 给 前台
GPT_POS_tokenise, 1514	及时 ， 每天 回来 都 很 整齐 。	酒店	周边 吃 的 选择 挺 多 ， 出门 就 能 解决 。
GPT_POS_tokenise, 1523	挺快 就 热 了 ， 这点 比 很多	酒店	好 ， 不用 等 太久 ， 水温 也 比较稳定 。 早餐 一般般
GPT_POS_tokenise, 1526	价格 不高 ， 性价比 算 中等偏上 吧 。	酒店	在 市区 里面 ， 出行 挺 方便 的 ， 打车 也好 叫车
GPT_POS_tokenise, 1533	网页 还 行 ， 不算 大 问题 。	酒店	整体 偏 商务 风格 ， 没有 太 多 装饰 ， 但 比较
GPT_POS_tokenise, 1539	算 顺畅 ， 没有 太 多 折腾 。	酒店	外观 看起来 一般 ， 但 里面 还 算 干净 整齐 。 周边
GPT_POS_tokenise, 1559	不 惊艳 但 能 住 得 舒服 的	酒店	。 整体 感觉 还 可以 ， 房间 不算 大 但 挺 干净
GPT_POS_tokenise, 1560	一开 就 热 ， 这点 比 很多 同价位	酒店	好 ， 就是 隔音 一般 ， 走廊 有人 说话 能 听见 一点
GPT_POS_tokenise, 1573	再 优化 一下 。 总体 就是 方便 型	酒店	， 适合 赶 火车 或者 短住 。 早餐 一般般 ， 种类 偏少
GPT_POS_tokenise, 1575	挺 稳定 ， 热得快 ， 这点 比 有些	酒店	强 。 房间 灯光 偏 柔和 ， 晚上 看着 不 刺眼 ，
GPT_POS_tokenise, 1580	算是 比较顺利 ， 没有 什么 大 问题 。	酒店	位置 还 可以 ， 周围 有 便利店 ， 买 东西 挺 方便
GPT_POS_tokenise, 1590	没有 惊喜 ， 但 也 不 失望 。	酒店	整体 比较 基础 款 ， 偏 实用 。 早餐 地方 有点 挤
GPT_POS_tokenise, 1600	的 ， 晚上 很 安静 没什么 噪音 。	酒店	位置 不错 ， 出门 就 有 便利店 和 地铁 ， 赶 行程
GPT_POS_tokenise, 1611	还 可以 ， 白天 挺 亮堂 的 。	酒店	整体 偏老 一点 ， 但 维护 得 还行 ， 没有 明显 脏乱
GPT_POS_tokenise, 1617	洗澡水 很 稳定 ， 这点 比 一些 同价位	酒店	好 很多 。 整体 没有 踩 雷 ， 就是 比较 普通 的
GPT_POS_tokenise, 1624	异味 ， 这点 让 我 比较 放心 。	酒店	有点 年代 感 ， 但 卫生 做 得 还 可以 。 窗帘
GPT_POS_tokenise, 1634	还 算 新鲜 ， 没有 太 油腻 。	酒店	位置 在 市中心 ， 去 哪 都 方便 。 装修 风格 比较
GPT_POS_tokenise, 1641	会 稍微 挤 一点 ， 行李 摊不开 。	酒店	挺 新 的 感觉 ， 装修 偏 简洁 风 ， 卫生 做
GPT_POS_tokenise, 1649	多 惊喜 但 也 没 踩 雷 。	酒店	离 火车站 真的 很近 ， 走路 几分钟 就 到 ， 赶 早班车
GPT_POS_tokenise, 1651	热水 来得 很快 ， 这点 比 一些 同档	酒店	好 。 整体 装修 比较简单 ， 属于 实用型 ， 不是 那种 豪华
GPT_POS_tokenise, 1658	款 没 问题 。 整体 就是 方便 型	酒店	， 适合 短住 。 这家 酒店 整体 感觉 挺 干净 的 ，
GPT_POS_tokenise, 1659	方便 型 酒店 ， 适合 短住 。 这家	酒店	整体 感觉 挺 干净 的 ， 进门 没有 异味 ， 房间 整理
GPT_POS_tokenise, 1669	了 之后 整体 比 想象 中好 很多 。	酒店	位置 还 挺 好找 的 ， 离 地铁 不算 远 ， 拖
GPT_POS_tokenise, 1670	接受 。 本来 是 临时 订 的 这家	酒店	， 价格 也 不算 贵 ， 就 没 抱 太高 期待 ，
GPT_POS_tokenise, 1671	还行 。 整体 属于 比较 稳 的 那种	酒店	。 出差 住 了 一晚 ， 整体 体验 算是 比较 顺 的
GPT_POS_tokenise, 1672	整体 体验 算是 比较 顺 的 那种 。	酒店	在 主 路边 上 ， 打车 很 方便 ， 一说 名字 司机
GPT_POS_tokenise, 1673	时候 其实 只是 随便 选 的 一个 过渡	酒店	， 没想到 住 下来 还 挺舒服 。 房间 风格 比较简单 ， 但
GPT_POS_tokenise, 1674	可以 ， 去 景点 打车 都 不远 。	酒店	整体 不算 新 ， 但 维护 得 还 算 干净 。 房间
GPT_POS_tokenise, 1676	的 ， 入住 之后 确实 还 可以 。	酒店	位置 挺 方便 的 ， 附近 地铁 和 公交 都 有 ，
GPT_POS_tokenise, 1676	不错 。 算是 比较 靠 谱 的 一家	酒店	。 临时 出行 订 的 这家 ， 价格 不高 所以 本来 没抱
GPT_POS_tokenise, 1677	比较 干净 ， 睡着 也 还 舒服 。	酒店	位置 还 可以 ， 走 几步 就 有 便利店 。 前台 处理
GPT_POS_tokenise, 1677	使用 。 整体 就是 那种 简单 实用型 的	酒店	。 这次 住 的 是 一晚 短住 ， 整体 体验 还 挺
GPT_POS_tokenise, 1678	还 可以 ， 没有 发现 明显 问题 。	酒店	不算 特别 新 ， 但 维护 得 还行 。 早上 退房 也
GPT_POS_tokenise, 1679	体验 。 这次 过来 开会 选 的 这家	酒店	， 主要 是 图个 离 会场 近 ， 走路 大概 十分钟 左右
GPT_POS_tokenise, 1680	可以 。 整体 属于 那种 不 出错 的	酒店	。 这次 是 一个 人来 旅游 ， 随便 选 的 酒店 ，
GPT_POS_tokenise, 1681	是 一个 人来 旅游 ， 随便 选 的	酒店	， 本来 没太大 期待 ， 结果 实际 体验 还 可以 。 位置
GPT_POS_tokenise, 1682	整体 算是 比较 顺 的 一次 入住 。	酒店	外观 看着 一般 ， 但 进去 之后 还 可以 ， 房间 没有
GPT_POS_tokenise, 1683	。 整体 属于 比较 稳 的 商务 型	酒店	。 临时 转机 住 了 一晚 ， 主要 就是 图个 方便 ，
GPT_POS_tokenise, 1685	新 ， 但 维护 得 还行 。 这家	酒店	是 朋友 推荐 的 ， 来 了 之后 感觉 还 行 。
GPT_POS_tokenise, 1687	还够用 ， 小孩 活动 也 没 问题 。	酒店	整体 不算 豪华 ， 但 卫生 做 得 还 可以 ， 地面
GPT_POS_tokenise, 1689	。 这次 是 短期 出差 选 的 这家	酒店	， 位置 挺 方便 的 ， 去 客户 那边 打车 也 快
GPT_POS_tokenise, 1692	太 影响 。 整体 还 算 满意 。	酒店	位置 还 可以 ， 离主路 不远 ， 打车 很 方便 。 房间
GPT_POS_tokenise, 1695	顺路 住 的 ， 主要 图 方便 。	酒店	离 地铁站 不远 ， 走 过去 不 费劲 。 房间 面积 一般
GPT_POS_tokenise, 1696	服务态度 不错 。 整体 就是 稳稳 的 那种	酒店	。 这次 是 朋友 帮忙 订 的 房间 ， 到 了 之后
GPT_POS_tokenise, 1698	住 了 一晚 ， 整体 还 可以 。	酒店	位置 比较 好找 ， 导航 直接 到 门口 。 房间 设施 不算
GPT_POS_tokenise, 1701	好 了 ， 还 挺 顺 的 。	酒店	位置 还 不错 ， 离 地铁站 不远 ， 走路 几分钟 就 到
GPT_POS_tokenise, 1722	， 没有 什么 不 舒服 的 地方 。	酒店	位置 挺 好找 的 ， 导航 直接 就 到 了 。 房间
GPT_POS_tokenise, 1734	整体 就是 比较 基础 但 干净 的 那种	酒店	。 临时 订 的 房间 ， 结果 还 算 满意 。 晚上
GPT_POS_tokenise, 1742	不少 ， 进门 那一刻 有点 小 惊喜 。	酒店	周围 挺 安静 的 ， 晚上 几乎 听 不到 车 声 ，
GPT_POS_tokenise, 1754	但 住 起来 不 压抑 。 晚上 回	酒店	很 晚 ， 门口 还是 有人 值班 ， 感觉 比较 安心 。
GPT_POS_tokenise, 1765	房间 ， 结果 整体 体验 还 不错 。	酒店	外面 看着 一般 ， 但 里面 还 算 干净 整洁 。 停车
GPT_POS_tokenise, 1779	。 整体 体验 属于 那种 不会 出错 的	酒店	类型 。 这次 入住 整体 还 可以 ， 房间 不算 大 ，
GPT_POS_tokenise, 1781	了 一会儿 ， 总体 还 算 顺利 。	酒店	位置 还 不错 ， 离 地铁站 不远 ， 走路 几分钟 就 到
GPT_POS_tokenise, 1784	入住 挺快 的 ， 没有 排队 太久 。	酒店	在 市中心 边上 ， 去 哪里 都 不算 远 ， 交通 算是
GPT_POS_tokenise, 1786	方便 ， 整体 还 算 舒服 。 这家	酒店	性价比 还 行 ， 价格 不高 但 基本功能 都 有 ， 床
GPT_POS_tokenise, 1789	什么 问题 。 这次 是 临时 订 的	酒店	， 没想到 还 挺 顺利 ， 房间 干净 度 可以 ， 床
GPT_POS_tokenise, 1790	一般 ， 但 晚上 睡觉 没 影响 。	酒店	位置 不错 ， 周边 吃 的 很多 ， 出门 就 能 找到
GPT_POS_tokenise, 1793	， 就是 浴室 排水 稍微 慢 一点点 。	酒店	在 主路 旁边 ， 打车 很 方便 ， 进 房间 第一 感觉
GPT_POS_tokenise, 1796	服务态度 不错 。 整体 来说 就是 中规中矩 的	酒店	， 没有 特别 惊喜 ， 但 也 没有 踩 雷 ， 位置
GPT_POS_tokenise, 1799	也 比较 安静 ， 适合 简单 休息 。	酒店	外观 看着 一般 ， 但 里面 还 算 整洁 ， 房间 卫生
GPT_POS_tokenise, 1804	简单 但 干净 ， 适合 出差 过渡 。	酒店	位置 还 可以 ， 离 商圈 不远 ， 走路 或者 打车 都
GPT_POS_tokenise, 1809	比较 安心 。 这次 出差 选 的 这家	酒店	， 位置 不错 ， 房间 虽然 简单 但 实用 ， 办公 也
GPT_POS_tokenise, 1811	卫生间 也 比较 干净 ， 热水 很快 。	酒店	不算 新 ， 但 维护 得 还行 ， 房间 没有 破损 ，
GPT_POS_tokenise, 1817	顺畅 ， 房间 干净 ， 基本 满意 。	酒店	整体 比较 普通 ， 但胜 在 位置 和 干净 度 ， 适合
GPT_POS_tokenise, 1819	一点 声音 ， 但 不 影响 休息 。	酒店	位置 挺 方便 的 ， 离 地铁 不远 ， 拖 行李 走
GPT_POS_tokenise, 1823	窗户 有点 小 ， 白天 采光 一般 。	酒店	整体 风格 比较 朴素 ， 没有 什么 装饰 ， 但胜 在 干净
GPT_POS_tokenise, 1827	可以 ， 就是 没有 太 多 变化 。	酒店	外面 看起来 普通 ， 但 里面 卫生 做 得 还 不错 ，
GPT_POS_tokenise, 1833	但 也 没有 不 舒服 的 地方 。	酒店	周边 比较 安静 ， 晚上 基本 没有 吵闹声 ， 适合 休息 。
GPT_POS_tokenise, 1839	， 整体 体验 比较稳定 ， 适合 短住 。	酒店	离 商圈 不远 ， 吃饭 购物 都 比较 方便 。 床 睡
GPT_POS_tokenise, 1844	就 结束 了 ， 没有 耽误 行程 。	酒店	整体 属于 比较 基础 的 类型 ， 但 干净 度 是 可以
GPT_POS_tokenise, 1849	还 可以 ， 不 需要 等 太久 。	酒店	位置 好找 ， 导航 直接 就 能 到 门口 。 房间 布置
GPT_POS_tokenise, 1856	没有 明显 问题 ， 算是 正常 水平 。	酒店	适合 短暂 停留 ， 不太 适合 长住 ， 但 一晚 体验 还
GPT_POS_tokenise, 1858	， 这点 比 我 之前 住 的 一些	酒店	好 很多 ， 就是 早餐 选择 有点 少 ， 种类 不 多
GPT_POS_tokenise, 1859	种类 不 多 ， 稍微 有点 失望 。	酒店	离 地铁站 挺近 的 ， 走路 几分钟 就 到 了 ， 赶时间
GPT_POS_tokenise, 1864	维护 得 还行 ， 没有 明显 问题 。	酒店	整体 偏 简单 风格 ， 没有 太 多 装饰 ， 但 干净
GPT_POS_tokenise, 1871	开灯 也 够用 ， 影响 不 大 。	酒店	位置 还 行 ， 周边 吃 的 挺 多 ， 晚上 出去
GPT_POS_tokenise, 1878	特别 生硬 ， 沟通 还 算 顺畅 。	酒店	离 商圈 不远 ， 打车 很 方便 ， 位置 算是 加 分项
GPT_POS_tokenise, 1888	， 水温 也 比较稳定 ， 没有 忽冷忽热 。	酒店	外观 看起来 一般 ， 但 内部 还 算 干净 整洁 。 前台
GPT_POS_tokenise, 1896	使用 。 总体 来说 就是 简单 干净 型	酒店	， 不 复杂 但 够用 。 晚上 到 得 比较 晚 ，
GPT_POS_tokenise, 1898	一晚 ， 整体 属于 比较 稳 的 那种	酒店	。 房间 装修 比较简单 ， 没有 太 多 装饰 ， 但 干净
GPT_POS_tokenise, 1900	也 比较 安静 ， 没有 被 打扰 。	酒店	整体 不算 新 ， 但 维护 得 还 可以 。 前台 服务
GPT_POS_tokenise, 1901	。 本来 是 看 评价 订 的 这家	酒店	， 一 开始 还 有点 担心 ， 结果 到 了 之后 反而
GPT_POS_tokenise, 1902	， 选 了 一个 位置 比较 方便 的	酒店	。 住 了 三天 整体 感觉 还 算 满意 ， 首先 交通
GPT_POS_tokenise, 1903	踩 雷 。 临时 出差 订 的 这家	酒店	， 原本 没抱 太高 期待 ， 结果 实际 体验 还 可以 。
GPT_POS_tokenise, 1904	， 选 了 一个 评价 还 不错 的	酒店	。 整体 感觉 比较 轻松 ， 房间 虽然 不 大 ， 但
GPT_POS_tokenise, 1905	等 一下 ， 不过 还 能 接受 。	酒店	位置 还 算 可以 ， 离 商圈 和 地铁 都 不远 ，
GPT_POS_tokenise, 1906	， 结果 体验 比 想象 中好 一点 。	酒店	外观 看起来 一般 ， 但 里面 还 算 干净 整齐 ， 前台
GPT_POS_tokenise, 1907	可以 。 这次 是 朋友 推荐 来 的	酒店	， 住 了 两晚 之后 感觉 还 行 。 位置 不错 ，
GPT_POS_tokenise, 1908	比较稳定 的 类型 。 出差 选 的 这家	酒店	， 主要 看中 交通 方便 。 实际 住 下来 感觉 也 还
GPT_POS_tokenise, 1932	采光 真的 挺 上镜 。 商务谈判 失败 但	酒店	体验 还 不错 的 那种 复杂 心情 。 穷游党 表示 ， 位置
GPT_POS_tokenise, 1960	干净 的 。 做 市场调研 的 人员 ，	酒店	网速 稳定 让 我 能 及时 传 文件 。 带 爷爷奶奶 旅行
GPT_POS_tokenise, 1969	不 尴尬 挺 自然 。 商务谈判 失败 但	酒店	体验 不错 的 人 ， 至少 这一晚 没崩 。 凌晨 赶 火车
GPT_POS_tokenise, 1974	救命 。 外地 看展 的 人 ， 回	酒店	路程 不 复杂 很 省心 。 住院 陪护 家属 中途 休息 一
GPT_POS_tokenise, 2000	觉得 很 合适 。 临时 出差 选 的	酒店	， 没想到 体验 还 挺 超出 预期 的 。 床垫 偏软 但
GPT_POS_tokenise, 2019	了 大忙 。 整体 服务态度 比 很多 同价位	酒店	要 好 一些 。 住 得 挺 放松 的 ， 没有 任何
GPT_POS_tokenise, 2036	得 不错 ， 用 起来 很 方便 。	酒店	位置 很 好 ， 出门 打车 和 坐地铁 都 很 方便 。
GPT_POS_tokenise, 2043	， 没有 杂乱 的 感觉 。 晚上 回	酒店	很 顺利 ， 安全感 挺足 的 。 整体 性价比 不错 ， 住
GPT_POS_tokenise, 2051	， 早上 可以 睡 到 自然 醒 。	酒店	整体 维护 得 不错 ， 看起来 比较 新 。 入住 体验 很
GPT_POS_tokenise, 2063	夜里 没有 噪音 干扰 ， 睡得 很沉 。	酒店	周边 比较 便利 ， 生活 设施 齐全 。 入住 时有 工作人员 主动
GPT_POS_tokenise, 2071	出行 最 担心 卫生 和 安全 ， 这家	酒店	在 这两点 上 都 做 得 不错 ， 细节 处理 得 比较
GPT_POS_tokenise, 2085	的 时候 不会 忽冷忽热 ， 这点 在外 住	酒店	真的 很 重要 。 整体 环境 维护 得 很 好 ， 大堂
GPT_POS_tokenise, 2091	来 这边 办事 的 人 来说 ， 这家	酒店	位置 很 合适 ， 周边 配套 也 比较 齐全 。 洗漱 用品
GPT_POS_tokenise, 2094	， 属于 那种 住 着 很 省心 的	酒店	。 窗户 隔音 效果 不错 ， 外面 有 车流 但 在 房间
GPT_POS_tokenise, 2100	感觉 很 舒服 。 作为 短期 停留 的	酒店	来说 ， 这里 的 整体 体验 是 比较稳定 且 可靠 的 。
GPT_POS_tokenise, 2103	或者 视频 通话 都 没有 出现 卡顿 。	酒店	整体 给 人 的 感觉 是 比较 低调 但 靠 谱 ，
GPT_POS_tokenise, 2110	再来 这座 城市 出差 或者 旅行 ， 这家	酒店	会 是 我 优先 考虑 的 选择 。 这次 入住 让 我
GPT_POS_tokenise, 2114	时候 最 看重 舒适 和 安全 ， 这家	酒店	在 这些 方面 都 做 得 比较 扎实 ， 没有 让 人
GPT_POS_tokenise, 2149	进门 到 进 房间 都 很 顺利 。	酒店	整体 给 人 的 感觉 是 低调 但 可靠 ， 没有 浮夸
GPT_POS_tokenise, 2150	。 如果 以后 再 来 这边 ， 这家	酒店	应该 还是 会 作为 优先选择 。 这次 入住 整体 给 我 的
GPT_POS_tokenise, 2162	问题 ， 是 那种 让 人 省心 的	酒店	。 房间 清洁 保持 得 不错 ， 即使 连续 住 几天 也
GPT_POS_tokenise, 2189	， 没有 任何 卡顿 或 复杂 步骤 。	酒店	整体 风格 比较 低调 务实 ， 但 体验 很 扎实 可靠 。
GPT_POS_tokenise, 2190	。 如果 以后 再来 这座 城市 ， 这家	酒店	会 是 我 比较 优先 考虑 的 选择 之一 。 第一次 一个
GPT_POS_tokenise, 2192	带 小朋友 出门 最 怕 折腾 ， 这家	酒店	整体 流程 很 顺 ， 进出 都 很 方便 ， 减少 了
GPT_POS_tokenise, 2193	短期培训 学员 ， 白天 很累 ， 晚上 回	酒店	能 彻底 放松 下来 ， 环境 挺 安静 的 。 出差 临时
GPT_POS_tokenise, 2199	。 作为 早 班机 出发 的 旅客 ，	酒店	离 交通 点 很 近 ， 早上 出门 特别 省心 。 房间
GPT_POS_tokenise, 2204	问题 。 第一次 来 这座 城市 旅游 ，	酒店	的 位置 让 我 很快 适应 周边环境 。 晚上 回来 很晚 也
GPT_POS_tokenise, 2211	挺 安稳 的 ， 没有 被 打扰 。	酒店	整体 气氛 比较 平静 ， 不会 有 嘈杂 或 混乱 的 感觉
GPT_POS_tokenise, 2234	帮助 很大 。 出差 途中 临时 选择 的	酒店	， 实际 体验 比 预期 更稳 ， 没有 出现 任何 突发状况 。
GPT_POS_tokenise, 2239	比较 放松 。 早班车 赶 行程 时 ，	酒店	位置 比较 友好 ， 出门 时间 控制 得 很 轻松 。 房间
GPT_POS_tokenise, 2244	干净 状态 。 第一次 来 这个 城市 ，	酒店	让 整个 落脚 过程 变得 很 顺利 。 晚上 回来 比较 晚
GPT_POS_tokenise, 2251	没 压力 ， 环境 控制 得 不错 。	酒店	整体 氛围 比较 平和 ， 没有 嘈杂 或 混乱 的 感觉 。
GPT_POS_tokenise, 2275	带 父母 旅行 时 最 怕麻烦 ， 这家	酒店	的 整体 流程 让 人 很 省心 。 考试 前一天 住 在
GPT_POS_tokenise, 2278	的 感觉 。 临时 改 行程 选择 这家	酒店	， 实际 体验 比 预期 更稳 ， 没有 踩 坑 。 房间
GPT_POS_tokenise, 2284	下降 感 。 第一次 来 这个 城市 ，	酒店	让 整个 落脚 过程 变得 非常 顺畅 。 晚上 回 酒店 比较
GPT_POS_tokenise, 2285	落脚 过程 变得 非常 顺畅 。 晚上 回	酒店	比较 晚 也 不会 紧张 ， 环境 和 管理 都 比较稳定 。
GPT_POS_tokenise, 2291	这里 的 整体 环境 算 比较 友好 。	酒店	整体 节奏 偏 安静 ， 不会 有 混乱 或 嘈杂 感 。
GPT_POS_tokenise, 2312	很快 调整 状态 。 临时 出差 选到 这家	酒店	， 整个 过程 没有 任何 卡壳 点 ， 属于 很顺 的 一次
GPT_POS_tokenise, 2322	波动 。 第一次 来 这座 城市 ， 这家	酒店	让 整个 落脚 过程 变得 很 自然 。 晚上 回 酒店 的
GPT_POS_tokenise, 2323	落脚 过程 变得 很 自然 。 晚上 回	酒店	的 体验 很 稳定 ， 没有 让 人 感到 不适 或 紧张
GPT_POS_tokenise, 2351	， 最 在意 的 就是 稳定性 ， 这家	酒店	给 我 的 感觉 就是 “ 不会 出错 ” 。 临时 改签
GPT_POS_tokenise, 2440	波动 。 第一次 到 这座 城市 ， 这家	酒店	让 落地 过程 变得 简单 很多 。 晚上 回 房间 时 整体
GPT_POS_tokenise, 2469	。 刚调 岗 到 外地 工作 ， 这家	酒店	的 节奏感 很 平稳 ， 让 我 适应 得 更 快 。
GPT_POS_tokenise, 2481	比较 平稳 的 落脚 感 。 夜间 回	酒店	时 整体 环境 比较 平和 ， 没有 紧张感 。 房间 使用 逻辑
GPT_POS_tokenise, 2505	地方 。 刚进 房间 那一刻 没有 任何 “	酒店	常见 的 味道 ” ， 这点 让 我 挺 意外 的 ，
GPT_POS_tokenise, 2519	这种 感觉 很 难得 。 住 过 不少	酒店	， 这里 属于 “ 你 不会 记得 它 哪里 特别 ， 但
GPT_POS_tokenise, 2560	。 走廊 没有 杂音 ， 这点 比 很多	酒店	体验 都 好 。 洗澡 的 时候 水流 很 稳定 ， 不会
GPT_POS_tokenise, 2572	。 我 那天 甚至 忘 了 自己 在	酒店	， 因为 太 自然 了 。 行李箱 打开 后 也 不 影响
GPT_POS_tokenise, 2601	， 生活节奏 不会 被打乱 。 加班 后 回	酒店	， 能 很快 从 紧张状态 切换 到 放松 状态 。 清洁 做
GPT_POS_tokenise, 2637	落差 感 。 第一次 到 这个 城市 ，	酒店	像是 一个 “ 缓冲区 ” ， 让 我 慢慢 适应环境 。 晚上
GPT_POS_tokenise, 2676	人 不 需要 特意 解释 “ 我 在	酒店	” 。 夜里 起身 去 洗手间 ， 动线 很顺 ， 没有 摸黑
GPT_POS_tokenise, 2739	的 时候 甚至 会 忘记 自己 是 在	酒店	， 比较 自然 。 窗帘 一拉上 之后 ， 外界 信息 就 被
GPT_POS_tokenise, 2743	刚进 房间 的 时候 没有 那种 “ 陌生	酒店	的 拘束 感 ” ， 反而 像是 一个 已经 准备 好 的
GPT_POS_tokenise, 2944	吃 上 几口 。 凌晨 一点多 才 到	酒店	， 门口 灯 还 亮 着 可以 陪 客户 从 医院 做
GPT_POS_tokenise, 2976	“ 要 拍照 打卡 才 好看 ” 的	酒店	， 但 住 起来 反而 更 放松 ， 不会 有 压力感 。
GPT_POS_tokenise, 2984	。 五百 左右 住 到 这个 位置 的	酒店	算 中等偏上 ， 窗外 视野 还 行 ， 晚上 灯光 柔和 ，
GPT_POS_tokenise, 2994	挺不错 。 这次 来 巴黎 出差 住 这家	酒店	， 离 地铁 走路 几分钟 ， 晚上 也 挺 安静 的 ，
GPT_POS_tokenise, 2997	住 起来 没 压力 。 挺 好 。	酒店	位置 有点 小巷子 里 ， 但 导航 很 好找 ， 服务 人员
GPT_POS_tokenise, 3002	晚上 出去 溜达 一圈 很 方便 ， 回	酒店	也 不远 ， 整体 节奏 比较 轻松 ， 适合 边玩 边住 的
GPT_POS_tokenise, 3003	可以 ， 属于 会 再 考虑 的 那种	酒店	。 还 行 。 来 巴黎 临时 住 的 这 一家 ，
GPT_POS_tokenise, 3005	啦 。 第一眼 感觉 就是 比较 随性 那种	酒店	， check in 也 没 啥 拖沓 ， 房间 布局 简单 但
GPT_POS_tokenise, 3008	。 整体 就是 那种 不 折腾 人 的	酒店	， 进门 流程 快 一点 ， 房间 虽然 不大 但 动线 还
GPT_POS_tokenise, 3016	落脚 OK 。 住 的 是 杭州 这家	酒店	， 离 地铁站 很近 ， 走路 不用 多久 ， 晚上 回去 挺
GPT_POS_tokenise, 3020	适合 短暂 停留 还 行 。 南京 这家	酒店	离 商圈 不远 ， 打车 十 来 分钟 ， 房间 虽然 不大
GPT_POS_tokenise, 3022	好 就 能 走 OK 。 重庆 这家	酒店	在 路边 但 不 吵 ， 晚上 窗户 关上 基本 安静 ，
GPT_POS_tokenise, 3024	。 来 北京 出差 临时 订 的 这家	酒店	， 离 地铁口 不远 ， 晚上 回去 周边 不吵 ， 前台 说话
GPT_POS_tokenise, 3028	视频 就 睡 。 不错 。 深圳 这家	酒店	周边 吃 的 特别 多 ， 晚上 出去 走 两步 就 能
GPT_POS_tokenise, 3030	还 行 。 南京 这边 临时 订 的	酒店	， 位置 不算 偏 ， 周围 吃饭 选择 多 ， 晚上 回去
GPT_POS_tokenise, 3031	就 能 放空 。 OK 。 武汉 这家	酒店	离 地铁站 挺近 ， 走 几分钟 就 到 ， 前台 处理 事情
GPT_POS_tokenise, 3033	临时 过夜 。 还 行 。 苏州 这家	酒店	离 景点 不远 ， 走走 也 能 到 ， 晚上 回去 路上
GPT_POS_tokenise, 3036	手机 到 睡着 真心 可以 ！ 广州 这家	酒店	位置 太加分 了 ， 出门 就是 吃 的 和 地铁 ， 白天
GPT_POS_tokenise, 3038	躺平 住 着 挺 上头 ！ 深圳 这家	酒店	周边 太 方便 了 ， 楼下 咖啡店 、 小吃店 一堆 ， 晚上
GPT_POS_tokenise, 3040	状态 有点 舒服 到 离谱 ！ 南京 这家	酒店	位置 选得 很 聪明 ， 出门 打车 也 快 ， 晚上 回去
GPT_POS_tokenise, 3042	住 完 有点 不想 退房 ！ 重庆 这家	酒店	晚上 特别 适合 溜达 回来 ， 周围 吃 的 太 多 了
GPT_POS_tokenise, 3043	睡着 这次 选得 挺 对 ！ 苏州 这家	酒店	离 景点 不远 ， 走路 也 能 到 ， 白天 逛 完
GPT_POS_tokenise, 3044	这次 在 北京 南站 附近 随手 订 的	酒店	， 拖 箱子 走 几分钟 就 到 ， 晚上 回来 累到 只
GPT_POS_tokenise, 3048	起来 住 着 挺 顺手 ！ 深圳 这家	酒店	周围 吃 的 太 多 了 ， 夜里 出去 走 两步 就
GPT_POS_tokenise, 3050	的 感觉 太爽 有点 上头 ！ 南京 这家	酒店	位置 挺会选 的 ， 打车 和 地铁 都 方便 ， 晚上 回来
GPT_POS_tokenise, 3087	多 ， 夜里 还有 小店 开着 ， 回	酒店	路上 也 不 复杂 ， 拖 着 行李 走 一会儿 就 能
GPT_POS_tokenise, 3112	了 直接 下去 买 泡面 ， 感觉 比	酒店	早餐 还 实在 一点 … 退房 的 时候 很快 ， 前台 小哥
GPT_POS_tokenise, 3176	箱子 声音 挺 明显 的 凌晨 到 的	酒店	， 前台 还 在 ， 办理 速度 还算快 ， 电梯 里 有点
GPT_POS_tokenise, 3184	倒 是 挺 省事 北京 南站 那 家	酒店	还 行 ， 前台 小哥 挺能 聊 的 ， 问 路线 也
GPT_POS_tokenise, 3186	慢 但 也 能 忍 广州 天河 这家	酒店	挺 热闹 楼下 全是 吃 的 ， 前台 小姐姐 说 粤语 我
GPT_POS_tokenise, 3188	但 干净 ， 西湖 走 到 腿酸 回	酒店	直接 躺平 窗外 风声 和 人声 混着 ， 早上 被 阳光 照醒
GPT_POS_tokenise, 3194	被 太阳 晒醒 有点 懵 北京 那 家	酒店	还 行 前台 小哥 挺 热情 问 啥 都 答 ， 晚上
GPT_POS_tokenise, 3218	孩子 来 杭州 玩 两天 ， 本来 怕	酒店	吵 ， 结果 还 挺 安静 的 ， 就是 走廊 偶尔 有人
GPT_POS_tokenise, 3220	位置 方便 去 哪 都 近 成都 这家	酒店	咋 说 呢 ， 价格 不贵 但 房间 比 想象 好 一点点
GPT_POS_tokenise, 3261	这个 好评 晚上 直接 躺 着 看剧 爽歪歪	酒店	位置 不错 出门 就 有 便利店 半夜 饿 了 也 不 慌
GPT_POS_tokenise, 3266	房间 有点 小 设计 感 不像 那种 老土	酒店	早上 退房 很快 没 拖时间 适合 赶路的人 停车位 还 算 好找 开车
GPT_POS_tokenise, 3285	提醒 我带 充电器 前台 有点 细心 下雨天 回来	酒店	直接 暖烘烘 的 真的 舒服 前台 那 哥们儿 有点 搞笑 一边 办
GPT_POS_tokenise, 3290	洗头 差点 给 我 冲飞 半夜 才 到	酒店	前台 还 在 刷 手机 但 办事 挺快 没卡 我 床挺软 我
GPT_POS_tokenise, 3305	问 路线 还 帮 我 画图 下雨天 回来	酒店	整个 人 都 暖 了 有点 治愈 枕头 给 两个 软硬 不同
GPT_POS_tokenise, 3328	小 细节 做 得 还行 比 想象 中好点	酒店	还 行 ， 地段 方便 前台 小哥 有点 幽默 check in 挺快
GPT_POS_tokenise, 3333	送上来 ， 省事 出差 来 这边 两天 ，	酒店	位置 真心 可以 ， 楼下 吃 的 挺 多 ， 晚上 还有
GPT_POS_tokenise, 3339	保安 还 帮忙 撑 了 伞 ， 虽然	酒店	外观 一般般 但 进来 感觉 还 可以 ， 房间 窗帘 一拉 就
GPT_POS_tokenise, 3342	的 ， 舒服 晚上 加班 到 很 晚回	酒店	， 前台 还给 我留 了 热水 ， 说 了 一句 辛苦 了
GPT_POS_tokenise, 3351	有点 难刷 ， 其他 ok 临时 订 的	酒店	， 本来 没抱 太大 希望 ， 结果 进 房间 还 挺 惊喜
GPT_POS_tokenise, 3354	， 每天 回来 都 挺 累 的 ，	酒店	阿姨 打扫 还 挺 勤快 ， 会 帮 我 把 桌子 收拾
GPT_POS_tokenise, 3360	打车 过来 司机 还 绕路 ， 到 了	酒店	有点烦 ， 但 进去 之后 前台 说话 挺 温和 的 ， 给
GPT_POS_tokenise, 3366	住 带 爸妈 来 的 ， 他们 对	酒店	要求 不高 ， 说 干净 能 睡 就 行 ， 这里 刚好
GPT_POS_tokenise, 3420	但 能 摸清 退房 速度 挺快 ， 省事	酒店	在 市中心 ， 出门 打车 巨 方便 半夜 到 的 ， 前台
GPT_POS_tokenise, 3440	挺 在意 退房 很快 ， 几乎 没 说话	酒店	大堂 有点 小 但 灯光 还 行 wifi 有时候 抽风 ， 看
GPT_POS_tokenise, 3472	别扭 晚上 刷 手机 刷到 睡着 那种 房间	酒店	位置 还 行 ， 出门 挺 方便 前台 那 哥们 挺能 聊
GPT_POS_tokenise, 3492	有点 暗 那天 我 拖 着 箱子 到	酒店	已经 快 十一点 了 ， 本来 一路 高铁 加 转车 已经 累到
GPT_POS_tokenise, 3493	差点 没 起来 赶车 出差 来 的 ，	酒店	就 在 地铁口 不远 ， 走 过去 大概 十分钟 吧 ， 拖
GPT_POS_tokenise, 3495	一路上 他 在 车上 就 闹腾 ， 到	酒店	的 时候 我 已经 快 没电 了 ， 前台 还 挺 耐心
GPT_POS_tokenise, 3496	走 晚上 加班 到 很 晚 才 回	酒店	， 一 进门 就 想 直接 躺 地上 那种 累 ， 电梯
GPT_POS_tokenise, 3497	， 算是 意外 靠 谱 临时 订 的	酒店	， 本来 以为 会 踩 雷 ， 结果 还 行 ， 房间
GPT_POS_tokenise, 3498	我 还 差点 忘 了 充电器 在 房间	酒店	不算 新 ， 走廊 有点 旧旧 的 感觉 ， 但 房间 里面
GPT_POS_tokenise, 3499	， 拖 着 箱子 一路 狂奔 ， 进	酒店	的 时候 整个 人 都 汗湿 了 ， 前台 还 在 ，
GPT_POS_tokenise, 3501	还 在 想 昨晚 到底 几点 睡 的	酒店	位置 还 行 ， 楼下 就 有 吃 的 ， 晚上 下去
GPT_POS_tokenise, 3503	， 没 耽误 我 赶车 一个 人住 这种	酒店	其实 要求 不 多 ， 能 洗澡 能 睡觉 就够 了 ，
GPT_POS_tokenise, 3506	收过 了 ， 反正 挺 省事 晚上 回	酒店	的 时候 外面 下雨 ， 我 鞋子 都 湿 了 ， 进门
GPT_POS_tokenise, 3509	豆浆 刷 手机 ， 气氛 挺松 的 那种	酒店	不算 豪华 ， 但 也 没 啥 让 人 皱眉 的 地方
GPT_POS_tokenise, 3510	还是 饿醒 才 去 吃 点 东西 ，	酒店	楼下 还有 夜宵 摊 ， 随便 吃 了 点 回来 继续 躺
GPT_POS_tokenise, 3512	那种 不会 出彩 但 也 不会 添麻烦 的	酒店	酒店 位置 挺 好 ， 出门 打车 方便 前台 办 入住 挺快
GPT_POS_tokenise, 3513	不会 出彩 但 也 不会 添麻烦 的 酒店	酒店	位置 挺 好 ， 出门 打车 方便 前台 办 入住 挺快 的
GPT_POS_tokenise, 3534	， 鞋子 都 湿 了 一半 ， 进	酒店	的 时候 地板 挺 干净 的 ， 我 还 怕 滑 ，
GPT_POS_tokenise, 3535	白天 跑 了 一堆 地方 ， 晚上 回	酒店	已经 不想 说话 了 ， 电梯 等 了 一会儿 但 也 没
GPT_POS_tokenise, 3538	他 一路 在 车上 闹 ， 到 了	酒店	还 在 蹦 ， 前台 帮 我们 办 入住 挺快 的 ，
GPT_POS_tokenise, 3539	死 ， 隔音 一般 但 还 能 忍	酒店	位置 还 行 ， 附近 吃 的 挺 多 ， 我 晚上
GPT_POS_tokenise, 3540	几次 才 找到 舒服 姿势 临时 订 的	酒店	， 本来 以为 会 很 一般 ， 结果 进 房间 还 算
GPT_POS_tokenise, 3544	还是 饿醒 才 下去 买 吃 的 ，	酒店	楼下 夜宵 还 挺 多 ， 回来 继续 躺 ， 房间 不吵
GPT_POS_tokenise, 3548	手机 出门 赶车 那天 特别 紧张 ， 结果	酒店	这边 反而 挺顺 ， 前台 办事 很快 ， 我 几乎 没 等
GPT_POS_tokenise, 3551	在 发呆 ， 出来 就 直接 躺 了	酒店	不算 豪华 ， 但胜 在 不 折腾 人 ， 前台 说话 挺
GPT_POS_tokenise, 3556	还 在 想 自己 是不是 忘带 啥 了	酒店	位置 还 算 可以 ， 找路 不 费劲 前台 有点 社牛 那种
GPT_POS_tokenise, 3597	住 这次 来 这边 出差 临时 订 的	酒店	， 本来 还 挺 担心 的 ， 结果 一进 大堂 灯光 偏暖
GPT_POS_tokenise, 3600	， 关窗 还 能 睡 临时 订 的	酒店	， 本来 没 啥 期待 ， 结果 进门 那一刻 还 行 ，
GPT_POS_tokenise, 3602	省事 ， 整体 属于 那种 不 折腾 的	酒店	赶 高铁 住 了 一晚 ， 早上 五点 多 退房 ， 前台
GPT_POS_tokenise, 3609	外卖 送上来 很快 ， 整体 就是 那种 实用型	酒店	， 不花 但 也 不 踩 雷 出差 三天 都 住 这里
GPT_POS_tokenise, 3619	有点 城市 感 ， 不闷 临时 订 的	酒店	， 到 了 发现 比 想象 中好 一点 ， 前台 说话 挺
GPT_POS_tokenise, 3623	两天 ， 感觉 就是 那种 不 麻烦 的	酒店	， 东西 够用 ， 位置 方便 ， 前台 不冷不热 但 正常 沟通
HUM_cat-hotel_pol-NEG_tokenise, 1	的 标间 ， 怪 自己 了 ， 这	酒店	评级 标准 咋 能 这样 呢 ， 老 四星 也 太 追求
HUM_cat-hotel_pol-NEG_tokenise, 1	过夜 ， 前台 美女 说 ： 我们 星级	酒店	没有 免费 停车 的 。 。 。 此处 省略 一万 字 我
HUM_cat-hotel_pol-NEG_tokenise, 2	入住 如 家 ， 不 知道 是不是 这家	酒店	的 使用率 太高 了 ， 设施 都 比较 陈旧 。 浴巾 的
HUM_cat-hotel_pol-NEG_tokenise, 2	有 黑黑的 东西 ， 看起来 好脏 。 一般	酒店	的 隔音 都 不会 很 好 ， 可是 我 没想到 如 家
HUM_cat-hotel_pol-NEG_tokenise, 3	一点 好 的, 反正 如果 住 这种	酒店	, 不如 委屈 点住 廉价 连锁 酒店 还 可以 省钱 早餐 没
HUM_cat-hotel_pol-NEG_tokenise, 3	这种 酒店, 不如 委屈 点住 廉价 连锁	酒店	还 可以 省钱 早餐 没 啥 东西 吃, 又 是 一个
HUM_cat-hotel_pol-NEG_tokenise, 4	房会 赶不上 飞机 建议 携程 取消 推荐 该	酒店	, 环境 很差, 楼下 有 迪厅, 不仅 有 噪音,
HUM_cat-hotel_pol-NEG_tokenise, 14	取消 了 订单 ！ 真的 差 ， 这家	酒店	实在 是 服务 有 问题 ， 说染 头发 掉色 ， 弄脏了 他
HUM_cat-hotel_pol-NEG_tokenise, 14	） ， 呵呵 ， 住 了 那么 多年	酒店	也 是 第一次 ， 也 不 和 他们 说 ， 你 喜欢
HUM_cat-hotel_pol-NEG_tokenise, 14	， 房间 隔音 差 ， 管理 参差不齐 ，	酒店	位置 差 ， 加上 打 的 费用 一样 ！ 就是 靠 服务员
HUM_cat-hotel_pol-NEG_tokenise, 15	家 ？ 以后 真的 不住 如 家 ！	酒店	不 承认 此次 预定 ， 与 携程 交涉 7 、 8 次
HUM_cat-hotel_pol-NEG_tokenise, 15	6 月 20 日 ： 明明 入住 了	酒店	！ 300 多 无 窗房 ， 勉强 3 星级 别的 标准 ，
HUM_cat-hotel_pol-NEG_tokenise, 20	有 奇怪 的 味道 ， 东西 忘 在	酒店	打电话 跟 对方 说 住宿 时间 和 房间 号 对方 不 仔细听
HUM_cat-hotel_pol-NEG_tokenise, 26	推荐 的 我们 本来 订购 的 是 五星级	酒店	原因 我定 了 三个 房间 全部 没 了 才 订 了 这个
HUM_cat-hotel_pol-NEG_tokenise, 26	房间 全部 没 了 才 订 了 这个	酒店	酒店 很 旧 卫生 只能 说 一般 服务 人员 不苟言笑 事实 评价
HUM_cat-hotel_pol-NEG_tokenise, 26	全部 没 了 才 订 了 这个 酒店	酒店	很 旧 卫生 只能 说 一般 服务 人员 不苟言笑 事实 评价 可能
HUM_cat-hotel_pol-NEG_tokenise, 26	砖石 回到 家 我们 第一 时间 就 联系	酒店	酒店 工作人员 说 还 没有 人 入住 过 去 找 戒指 却
HUM_cat-hotel_pol-NEG_tokenise, 26	回到 家 我们 第一 时间 就 联系 酒店	酒店	工作人员 说 还 没有 人 入住 过 去 找 戒指 却 没
HUM_cat-hotel_pol-NEG_tokenise, 26	回应 我 就 自己 在 一次 打电话 回去	酒店	没有 抱歉 也 没有 说 赔偿 就 说 找 不到 就 完事
HUM_cat-hotel_pol-NEG_tokenise, 26	半 的 宝宝 以后 我们 不会 来 你们	酒店	甚至 我 觉得 要 去 旅游 的 也 看 一下 毕竟 出门
HUM_cat-hotel_pol-NEG_tokenise, 27	也 贵 不到 哪里 非常 糟糕 的 一个	酒店	， 我 是 看 了 网上 评论 才 会 考虑 入住 这个
HUM_cat-hotel_pol-NEG_tokenise, 27	了 网上 评论 才 会 考虑 入住 这个	酒店	的 。 结果 所有 的 都 言过其实 。 我 住 的 是
HUM_cat-hotel_pol-NEG_tokenise, 27	的 豪华 单人间 ， 入住 之后 ， 发现	酒店	房间 非常 不好 ， 房间 很小 ， 而且 毛巾 ， 床单 都
HUM_cat-hotel_pol-NEG_tokenise, 27	， 晚上 觉得 有点 冷 ， 想 跟	酒店	多要 张 被子 。 结果 被 告知 如果 多加 被子 要加 钱
HUM_cat-hotel_pol-NEG_tokenise, 27	床单 上 ， 我 还 没 跟 你	酒店	索赔 呢 ） 。 于是 跟前 台 理论 ， 然后 把 床单
HUM_cat-hotel_pol-NEG_tokenise, 27	这个 费用 ， 但是 一直 在 携城 上订	酒店	就是 多少 钱 就 多少 钱 。 有 什么 城市 建设费 ，
HUM_cat-hotel_pol-NEG_tokenise, 27	感觉 很 不 舒服 。 于是 让 他	酒店	拿出 相关 的 规定 给 我 看 。 结果 所谓 的 大堂
HUM_cat-hotel_pol-NEG_tokenise, 27	前台 说 日本 人 很 喜欢 住 这个	酒店	。 对不起 ， 我 不是 日本 人 ， 日本 人 喜欢 ，
HUM_cat-hotel_pol-NEG_tokenise, 27	携城 的 印象 。 总而言之 ， 很烂 的	酒店	。 现在 是 淡季 也 敢 要 这个 价格 ， 真是 穷
HUM_cat-hotel_pol-NEG_tokenise, 27	， 真是 穷 疯 了 。 可能 这个	酒店	主要 针对 包月 客户 ， 其他 散客 逮住 一个 黑 一个 ，
HUM_cat-hotel_pol-NEG_tokenise, 27	一个 ， 建议 大家 不要 去 这个 烂	酒店	。 入住 的 是 主楼 标间 ， 房间 比较 小 ， 但是
HUM_cat-hotel_pol-NEG_tokenise, 33	懂 携程 把 他 放入 同 四星 的	酒店	！ ！ ！ 不会 再来 了 交通 便利 ， 房间 装修 比较
HUM_cat-hotel_pol-NEG_tokenise, 34	服务 也 差点 ， 可能 这 就是 老	酒店	的 服务 弊端 。 以前 也 住 过 ， 但是 这次 觉得
HUM_cat-hotel_pol-NEG_tokenise, 39	心理素质 的 ， 我 相当 不 推荐 此	酒店	订单 时间 错误 ， 住 不了 ， 让 其他 朋友 去 住
HUM_cat-hotel_pol-NEG_tokenise, 41	说明 ， 很 不 满意 。 差评 ！	酒店	前台 服务员 态度 高冷 ， 因为 是 携程 订房 ， 拿 不到
HUM_cat-hotel_pol-NEG_tokenise, 43	, 鄙视 之 ~ 很 差经 。 所有	酒店	人员, 总台 ， 总机 ， 不知 谁 是 客人 谁 是
HUM_cat-hotel_pol-NEG_tokenise, 43	差经 。 不敢相信 这是 上海 航空 开 的	酒店	。 也 对 携程 很 生气 给 我 推荐 这样 的 一个
HUM_cat-hotel_pol-NEG_tokenise, 43	生气 给 我 推荐 这样 的 一个 烂	酒店	。 提醒 广大 旅客 们 决不 要订 上海 航空 酒店 浦东 机场
HUM_cat-hotel_pol-NEG_tokenise, 43	提醒 广大 旅客 们 决不 要订 上海 航空	酒店	浦东 机场 店 。 你们 定 很 后悔 的 。 房间 太小
HUM_cat-hotel_pol-NEG_tokenise, 45	太 多, 象 轰炸机. 对 该	酒店	不是 很 满意. 预定 入住 2 天. 结果 入住 当日
HUM_cat-hotel_pol-NEG_tokenise, 45	客人 已 退房, 这 完全 是 该	酒店	对 协程 的 欺骗. 很 没 好感. 非常 不 满意
HUM_cat-hotel_pol-NEG_tokenise, 48	， 要 我 手机 全程 给 导航 ，	酒店	感觉 一般 吧 装潢 相对 现代化 感强 一点 ， 最 让 我
HUM_cat-hotel_pol-NEG_tokenise, 49	600 多一晚 的 价格 觉得 不值 ！ 这个	酒店	是 我 住 过 的 国内 四星级 酒店 里 最差 的 一间
HUM_cat-hotel_pol-NEG_tokenise, 49	酒店 是 我 住 过 的 国内 四星级	酒店	里 最差 的 一间 ， 服务态度 和 质量 都 很 差 ，
HUM_cat-hotel_pol-NEG_tokenise, 49	但是 我们 住 过 附近 其他 的 三星级	酒店	， 各 方面 都 比 这家 好 ， 价格 还 能 便宜
HUM_cat-hotel_pol-NEG_tokenise, 49	便宜 100 多 ， 建议 千万别 住 ！	酒店	里 有 一家 公安局 在 办公 ， 所以 大部分 都 是 公安局
HUM_cat-hotel_pol-NEG_tokenise, 50	！ 出差 入住 ， 价格 比较 优惠 ，	酒店	位置 很 好 ， 比较 干净 ， 就是 周边 吃饭 有点 贵
HUM_cat-hotel_pol-NEG_tokenise, 50	， 具体 到 几点 记不清 ， 要 看	酒店	介绍 了 。 以后 公司 人员 到 浦东 ， 都 给 安排
HUM_cat-hotel_pol-NEG_tokenise, 50	到 浦东 ， 都 给 安排 到 这家	酒店	， 老 酒店 ， 离 机场 近 ， 有 免费 接送 大巴
HUM_cat-hotel_pol-NEG_tokenise, 51	都 给 安排 到 这家 酒店 ， 老	酒店	， 离 机场 近 ， 有 免费 接送 大巴 。 设施 一般般
HUM_cat-hotel_pol-NEG_tokenise, 53	方便 ， 性价比 差 ！ 一个 破落 的	酒店	、 开车 路过 不得不 住 ！ 奇怪 的 服务员 早晨 四点 钟
HUM_cat-hotel_pol-NEG_tokenise, 54	总之 、 万 不得 以 、 不住 ！	酒店	有 餐厅 但 只 提供 早餐, 没有 午饭 和 晚饭,
HUM_cat-hotel_pol-NEG_tokenise, 54	没有 午饭 和 晚饭, 要 跑 到	酒店	外面 自己 找 饭店 去 吃, 非常 不 方便. 照片
HUM_cat-hotel_pol-NEG_tokenise, 56	元 的 房费 ， 附近 有 经济 连锁	酒店	都 比 这家 要 性价比 要 好 。 这家 酒店 对待 客人
HUM_cat-hotel_pol-NEG_tokenise, 56	比 这家 要 性价比 要 好 。 这家	酒店	对待 客人 就 像 对待 流水线 上 的 商品 ， 让 人
HUM_cat-hotel_pol-NEG_tokenise, 56	转机 的话 ， 去 华美达 等 另外 几个	酒店	吧 … … 房间 装修 实在 是 不敢恭维, 洗脸盆 下面 还
HUM_cat-hotel_pol-NEG_tokenise, 57	不如 锦江 之星, 如 家 快捷 等	酒店	. 2008 - 01 - 6 日住 了 一晚 288 的 豪华
HUM_cat-hotel_pol-NEG_tokenise, 58	两晚 ， 结果 一个 晚上 就 受够了 ，	酒店	是 在 是 垃圾 ， 设施 陈旧 ， 隔音 效果 差 ，
HUM_cat-hotel_pol-NEG_tokenise, 58	号码 却是 一楼 的 一个 商店 ， 跟	酒店	没什么 关系 ， 而且 不能 总台 结帐 。 房内 送餐 同样 是
HUM_cat-hotel_pol-NEG_tokenise, 58	携程 ： 怎么 会 跟 这种 差劲 的	酒店	合作 ？ 大家 的 投诉 这么 多 应该 早点 将 其 列表
HUM_cat-hotel_pol-NEG_tokenise, 60	信心 了 。 垃圾 ， 就 一 快捷酒店	酒店	房间 小 ， 又 没 窗户 ， 房间内 还有 异味 ， 压抑感
HUM_cat-hotel_pol-NEG_tokenise, 61	的, 以后 绝对 不会 再 选择 这个	酒店	了. 酒店 周边环境 尚可, 离 火车站 5 公里 左右,
HUM_cat-hotel_pol-NEG_tokenise, 62	绝对 不会 再 选择 这个 酒店 了.	酒店	周边环境 尚可, 离 火车站 5 公里 左右, 算远, 房间
HUM_cat-hotel_pol-NEG_tokenise, 65	性价比 不高 酒店设施 很差 ， 根本 不像 四星	酒店	。 卫生间 的 镜子 边上 已 破烂不堪 ， 马桶 也 下不去 水
HUM_cat-hotel_pol-NEG_tokenise, 65	已 破烂不堪 ， 马桶 也 下不去 水 。	酒店	里 吃晚饭 时 ， 只有 3 桌 ， 但 等 菜 半个
HUM_cat-hotel_pol-NEG_tokenise, 66	。 在 北京 住 过 不下 10 多家	酒店	， 也 喜欢 住 公寓 ， 从 凯宾斯基 到 建国 饭店 ，
HUM_cat-hotel_pol-NEG_tokenise, 66	我 住 过 的 有史以来 最差 的 一个	酒店	公寓 。 难怪 价格 不上不下 ， 不是 因为 临时 有事 绝对 不住
HUM_cat-hotel_pol-NEG_tokenise, 70	好 。 这 几乎 是 江阴 最好 的	酒店	了 ， 有 很多 老外 都 住 在 这里 。 房间 的
HUM_cat-hotel_pol-NEG_tokenise, 71	房间 。 然后 早上 8 点 就 被	酒店	的 施工人员 吵醒 。 前台 解决问题 的 态度 还 不错 。 装修
HUM_cat-hotel_pol-NEG_tokenise, 77	。 不是 很 好 比较 老 一般 般的	酒店	， 太 差 ， 不会 再住 洒店 的 房间 太小, 设计
HUM_cat-hotel_pol-NEG_tokenise, 78	宽带 的 费用 后 ， 与 五星级 的	酒店	差 不了 多少 。 我 要说 超级 差 ， 没 窗户 ，
HUM_cat-hotel_pol-NEG_tokenise, 81	规矩 ， 携程 下面 还有 这样 的 合作	酒店	？ 让 人 感觉 不 舒服 。 凌晨 00 ：: 35
HUM_cat-hotel_pol-NEG_tokenise, 82	的 航班 抵达 浦东 机场 。 因 考虑	酒店	离 机场 近 ， 又 有 班车 （ 末班车 1: 30
HUM_cat-hotel_pol-NEG_tokenise, 82	在 T2 航站楼 的 27 号口 ， 未见	酒店	巴士 。 联系 酒店 告知 到 点 车子 会到 。 巴士 很
HUM_cat-hotel_pol-NEG_tokenise, 82	27 号口 ， 未见 酒店 巴士 。 联系	酒店	告知 到 点 车子 会到 。 巴士 很 准时 。 1:
HUM_cat-hotel_pol-NEG_tokenise, 82	很 准时 。 1: 40 分 抵达	酒店	， 告知 房间 卫生 未好 需要 等待 45 分钟 左右; 原因
HUM_cat-hotel_pol-NEG_tokenise, 82	需要 等待 45 分钟 左右; 原因 是	酒店	满房 。 为了 让 家人 早点 休息 ， 我 建议 酒店 是否
HUM_cat-hotel_pol-NEG_tokenise, 82	为了 让 家人 早点 休息 ， 我 建议	酒店	是否 有 其他 房间 （ 例如 大床 ） 可换 （ 原定 两标
HUM_cat-hotel_pol-NEG_tokenise, 82	进 房间 以后 发现 没有 备用 床褥 （	酒店	房间 按 常规 都 有 备用 被褥 或是 毛毯 吧 ） ，
HUM_cat-hotel_pol-NEG_tokenise, 82	” 于是 寻找 值班 经理 投诉 并 希望	酒店	方给 一个 说法 ： 1. 首先 旺季 酒店 满房 可以 理解
HUM_cat-hotel_pol-NEG_tokenise, 82	方给 一个 说法 ： 1. 首先 旺季	酒店	满房 可以 理解 ， 但是 酒店 一直 未 联系 我 确认 用房
HUM_cat-hotel_pol-NEG_tokenise, 82	首先 旺季 酒店 满房 可以 理解 ， 但是	酒店	一直 未 联系 我 确认 用房 。 2. 在 机场 1
HUM_cat-hotel_pol-NEG_tokenise, 82	机场 1: 12 分 我 电话 过	酒店	确认 班车 事宜 ， 证明 将 有 客人 入住 ， 为何 那
HUM_cat-hotel_pol-NEG_tokenise, 82	保证 客人 即时 入住 ？ 4. 如果	酒店	地理位置 好 ， 经常 满房 ， 是否 该 有 充足 的 备用
HUM_cat-hotel_pol-NEG_tokenise, 82	还要 提 一下 的 是 ： 卫生 ：	酒店	的 浴巾 有 污渍 ， 洗脸 台 的 镜子 也 是 污迹
HUM_cat-hotel_pol-NEG_tokenise, 82	预订 ， 我 一定 拒绝 付费 。 这家	酒店	的 管理 存在 严重不足 酒店 。 很 不 友好 的 住宿 。
HUM_cat-hotel_pol-NEG_tokenise, 82	付费 。 这家 酒店 的 管理 存在 严重不足	酒店	。 很 不 友好 的 住宿 。 入住 才 了解 ， 除了
HUM_cat-hotel_pol-NEG_tokenise, 87	不满 后 帮助 查询 。 （ 1 ）	酒店	册子 介绍 说 房间内 提供 饮用水 ， 水壶 内 没有 水 ，
HUM_cat-hotel_pol-NEG_tokenise, 89	， 飞机 起降 机 很 吵 ， 龙艺订	酒店	很 方便 便 极差 的 一次 体验 ， 酒店 该 摘星 酒店
HUM_cat-hotel_pol-NEG_tokenise, 90	很 方便 便 极差 的 一次 体验 ，	酒店	该 摘星 酒店 比较 旧 ， 不 符合 四星 标准 ， 出行
HUM_cat-hotel_pol-NEG_tokenise, 91	极差 的 一次 体验 ， 酒店 该 摘星	酒店	比较 旧 ， 不 符合 四星 标准 ， 出行 不是 很 方便
HUM_cat-hotel_pol-NEG_tokenise, 92	遇上 连车 都 不 帮 你 叫 的	酒店	。 竟然 让 客人 自己 提 着 大箱子 走上 20 分钟 去
HUM_cat-hotel_pol-NEG_tokenise, 92	。 这 是 我 遇上 的 最差 的	酒店	。 如果 有 零分 第一个 打 给 它 。 酒店 卫生条件 一般
HUM_cat-hotel_pol-NEG_tokenise, 93	如果 有 零分 第一个 打 给 它 。	酒店	卫生条件 一般 ， 没有 纱窗 ， 入住 时 窗户 大开 ， 也
HUM_cat-hotel_pol-NEG_tokenise, 93	也 没有 蚊香 ， 蚊子 挺 多 。	酒店	有 小 蟑螂 出现 。 早起 赶 飞机 ， 6 点多钟 了
HUM_cat-hotel_pol-NEG_tokenise, 95	好多 头发 ！ 卫生 做 的 不好 ！	酒店	有点 旧 没有 新装修 ， 价位 有点 高 ， 有 地理 优势
HUM_cat-hotel_pol-NEG_tokenise, 97	。 实在 是 不会 再 去 住 的	酒店	。 后悔! 不值! 唯一 优点 交通 方便. 在 很
HUM_cat-hotel_pol-NEG_tokenise, 99	, 恶心! 建议 取消 很 不好 的	酒店	, 不 懂 为何 有些 评价 会 说 不错, 1.
HUM_cat-hotel_pol-NEG_tokenise, 99	有些 评价 会 说 不错, 1.	酒店	很 旧, 房间 霉味 非常 重, 跟前 台 抱怨,
HUM_cat-hotel_pol-NEG_tokenise, 99	也 不愿开 栅栏, 让 车 可以 靠近	酒店	的 门口, 直到 我们 开口 骂 人才 开, 服务 很差
HUM_cat-hotel_pol-NEG_tokenise, 100	服务 很差 没见 过 这么 差 的 四星	酒店	! 建议 大家 以后 千万别 住, 离 银滩 很远 很 远
HUM_cat-hotel_pol-NEG_tokenise, 101	差得 没法 提了! 没有 什么 可说 的	酒店	都 是 一个样 4 星 酒店 实际 情况 不如 快捷酒店 卫生 隔音
HUM_cat-hotel_pol-NEG_tokenise, 102	可说 的 酒店 都 是 一个样 4 星	酒店	实际 情况 不如 快捷酒店 卫生 隔音 服务 人员 态度 都 不好 ，
HUM_cat-hotel_pol-NEG_tokenise, 105	从来 没有 遇到 这么 差 的 4 星	酒店	。 强烈 不 推荐 ！ ！ ！ 太老 了 房间 潮湿 有
HUM_cat-hotel_pol-NEG_tokenise, 108	将 就 洗澡 吧 。 。 差评 老	酒店	， 地毯 脏 ， 上网 在 走廊 里 房间 隔音 效果 极差
HUM_cat-hotel_pol-NEG_tokenise, 110	去 提醒 ， 但 仅限于 你 投诉 后	酒店	房间 设施 已经 比较 陈旧 。 入住 的 房间内 柜门 和 床
HUM_cat-hotel_pol-NEG_tokenise, 110	非常 难看 ， 是 在 如家汉庭 这种 经济型	酒店	里 也 看不到 的 景象 。 浴缸 下 落水 的 旋钮 居然
HUM_cat-hotel_pol-NEG_tokenise, 111	这样 一个 酒店业 十分 发达 的 城市 ，	酒店	服务 差 ， 入住 登记 时 强调 要 安静 的 房间 ，
HUM_cat-hotel_pol-NEG_tokenise, 112	婚纱照 。 我们 选择 是 三亚 明珠 海景	酒店	， 大东海 的 分光 不如 亚龙湾 ， 明珠 海景 酒店 的 设施
HUM_cat-hotel_pol-NEG_tokenise, 112	大东海 的 分光 不如 亚龙湾 ， 明珠 海景	酒店	的 设施 服务 更加 让 人 失望 ， 甚至 令人气愤 。 我们
HUM_cat-hotel_pol-NEG_tokenise, 112	的 她 脑袋 疼 ， 我 发现 是	酒店	的 大 锅炉 在 作怪 ， 这时候 我 做 了 一个 错误
HUM_cat-hotel_pol-NEG_tokenise, 112	我 只好 非常 失望 的 离开 了 这家	酒店	。 这次 痛苦 的 旅行 ， 让 我 记住 了 这家 垃圾
HUM_cat-hotel_pol-NEG_tokenise, 112	旅行 ， 让 我 记住 了 这家 垃圾	酒店	— — 三亚 明珠 酒店 ！ 特别 是 那个 林 女士 、
HUM_cat-hotel_pol-NEG_tokenise, 112	了 这家 垃圾 酒店 — — 三亚 明珠	酒店	！ 特别 是 那个 林 女士 、 周 女士 的 店大欺客 的
HUM_cat-hotel_pol-NEG_tokenise, 112	： 广大 驴友 如果 一定 要 入住 该	酒店	， 最好 实地考察 一下 房间 的 噪音 ， 应该 不会 低于 60
HUM_cat-hotel_pol-NEG_tokenise, 113	所以 选择 住 的 离 外滩 近 的	酒店	， 25 号 入住 一切 OK ， 宾馆 周围环境 不怎么样 就是 离
HUM_cat-hotel_pol-NEG_tokenise, 113	就 没有 再说 了 ， 但是 如果 这个	酒店	对 每个 客人 都 这样 一间 10 块 那 一天 可以 多
HUM_cat-hotel_pol-NEG_tokenise, 113	人来 当面 道歉 。 总之 住 在 这个	酒店	是 我们 整个 假期 的 瑕疵 ， 以后 我 绝对 不会 再
HUM_cat-hotel_pol-NEG_tokenise, 113	， 以后 我 绝对 不会 再 来 这个	酒店	住 了 。 地段 马马乎乎 。 但 这个 楼 本来 就 像
HUM_cat-hotel_pol-NEG_tokenise, 116	的 水平 ， 告诫 那些 准备 预定 此家	酒店	的 朋友 们 一定 要 擦亮眼睛 ！ 房间 设施 比较简单 。 服务员
HUM_cat-hotel_pol-NEG_tokenise, 119	边上 的 星宇 大酒店 真的 是 物超所值 。	酒店	性价比 不高 房间 很小 ， 叫 什么 港式 房间 ， 另 一种
HUM_cat-hotel_pol-NEG_tokenise, 122	对不起 这个 价格 ， 不会 再 去 ！	酒店	一楼 连 大堂 都 没有 能 拍照片 说 那栋 楼 就是 这家
HUM_cat-hotel_pol-NEG_tokenise, 122	没有 能 拍照片 说 那栋 楼 就是 这家	酒店	吗 ？ 反正 被 图片 给 坑 了 。 住 进去 酒店
HUM_cat-hotel_pol-NEG_tokenise, 122	被 图片 给 坑 了 。 住 进去	酒店	窗户 都 打不开 房间 一股 烧焦 了 的 怪味 还换 不了 房
HUM_cat-hotel_pol-NEG_tokenise, 123	无比 ， 最让人 气愤 一间 标榜 五星级 的	酒店	， 五星级 的 收费 但 所 配置 的 产品 品牌 远远 达
HUM_cat-hotel_pol-NEG_tokenise, 126	周边 无 吃 的 ， 吃货 的 地狱	酒店	较 老, 空调 效果 不行. 建议 订 别的 酒店,
HUM_cat-hotel_pol-NEG_tokenise, 127	, 空调 效果 不行. 建议 订 别的	酒店	, 省得 心痛, 因为 这家 酒店 在我看来 是 多么 的 糟糕
HUM_cat-hotel_pol-NEG_tokenise, 127	别的 酒店, 省得 心痛, 因为 这家	酒店	在我看来 是 多么 的 糟糕 住 进去 感觉 不是 那么回事, 很
HUM_cat-hotel_pol-NEG_tokenise, 129	所有 的 零食 全 扔 了 。 告诉	酒店	， 前台 说 让 服务员 过去 看 一下 ， 难道 老鼠 还会
HUM_cat-hotel_pol-NEG_tokenise, 129	我们 给 打发 了 。 小 地方 的	酒店	真的 不能 住 啊 ！ 黑点 ， 一群 乡下人 掳 钱 的
HUM_cat-hotel_pol-NEG_tokenise, 131	乡下人 掳 钱 的 寨子 。 最近 这	酒店	每次 都 找 借口 说 无线 这个 问题 那个 问题 ， 有
HUM_cat-hotel_pol-NEG_tokenise, 131	， 已经 是 我们 浦东 转机 默认 的	酒店	了 ， 但 无线 问题 不 解决 我们 只能 考虑 换 酒店
HUM_cat-hotel_pol-NEG_tokenise, 131	无线 问题 不 解决 我们 只能 考虑 换	酒店	了 ， 遗憾 ！ 前台 接待 态度 非常 差 ！ 说 粗口
HUM_cat-hotel_pol-NEG_tokenise, 133	有 其它 选择 就 不要 选择 这里 ！	酒店	服务设施 不错 周边环境 很 好 是 出差 选择 酒店 。 订 了
HUM_cat-hotel_pol-NEG_tokenise, 133	服务设施 不错 周边环境 很 好 是 出差 选择	酒店	。 订 了 商务 大床 间 ， 可惜 房间 小 的 可怜
HUM_cat-hotel_pol-NEG_tokenise, 135	不要 入住 ！ 相当 差 ， 真不知道 该	酒店	是 怎么 升 上 五星 的 。 升星 之后 价格 还长 了
HUM_cat-hotel_pol-NEG_tokenise, 138	特价 的, 然后 我 特别 关注 ：	酒店	美其名曰 的 787 梦幻 餐厅 的 服务员 用 扫地 的 扫把 直接
HUM_cat-hotel_pol-NEG_tokenise, 138	梦幻 奇葩 了 ！ 太 恶心 了 ！	酒店	一般 ， 设施 老旧 ， 毛巾 浴巾 很 久 ， 地毯 不
HUM_cat-hotel_pol-NEG_tokenise, 138	饮用 。 此行 最后 一站 ， R 在	酒店	的 礼品店 买 小 礼物 和 扇子 ， 东西 是 地摊货 品质
HUM_cat-hotel_pol-NEG_tokenise, 138	， 甚至 没有 煎蛋 。 。 。 。	酒店	二楼 的 餐厅 出品 可以 ， 只是 价格 稍贵 ， 特别 是
HUM_cat-hotel_pol-NEG_tokenise, 139	和 服务 了 ！ 常人 慎入 ！ 这家	酒店	怎么 可能 是 五星级 的 呢? 酒店 房间 小, 装修
HUM_cat-hotel_pol-NEG_tokenise, 139	酒店 怎么 可能 是 五星级 的 呢?	酒店	房间 小, 装修 普通, 床 比起 其他 五星级 酒店 小
HUM_cat-hotel_pol-NEG_tokenise, 139	, 装修 普通, 床 比起 其他 五星级	酒店	小. 这些 暂且不说. 服务员 的 态度 真的 是 不敢恭维.
HUM_cat-hotel_pol-NEG_tokenise, 139	衣服 拿 着 信用卡 再 去 前台.	酒店	硬件 方面 也 就 不 说 什么 了, 但是 服务员 的
HUM_cat-hotel_pol-NEG_tokenise, 140	由于 临时 到 邯郸 ， 时间 较晚 ，	酒店	都 订满 了 ， 只好 住 这 ， 以前 通过 携程 订住
HUM_cat-hotel_pol-NEG_tokenise, 140	一路上 服务生 不停 的 给 我 介绍 他们	酒店	是 国营 的 云云 。 我 住 在 4 楼 ， 刚一进
HUM_cat-hotel_pol-NEG_tokenise, 140	在 携程 的 帮助 下定 了 燕赵 之星	酒店	， 非常 满意 ， 携程 的 态度 我 认为 是 非常 好
HUM_cat-hotel_pol-NEG_tokenise, 140	一点 建议 ， 希望 携程 在 选择 合作	酒店	时能 认真 筛选 ， 像 这种 收费 与 服务 极 不 相符
HUM_cat-hotel_pol-NEG_tokenise, 140	这种 收费 与 服务 极 不 相符 的	酒店	， 坚决 拒绝 门外 ， 宁少 勿 滥 。 发誓 ， 再
HUM_cat-hotel_pol-NEG_tokenise, 141	勿 滥 。 发誓 ， 再 不住 这个	酒店	， 服务 非常 差 ， 4 星级 酒店 没有 门童 开门 ，
HUM_cat-hotel_pol-NEG_tokenise, 141	酒店 ， 服务 非常 差 ， 4 星级	酒店	没有 门童 开门 ， 接 行李 。 只有 保安 催 TAXI 马上
HUM_cat-hotel_pol-NEG_tokenise, 143	都 很 近 。 建议 携程 取消 该	酒店	的 协议 。 这家 酒店 的 三星 不 知道 是 怎样 评出来
HUM_cat-hotel_pol-NEG_tokenise, 143	携程 取消 该 酒店 的 协议 。 这家	酒店	的 三星 不 知道 是 怎样 评出来 的 ？ 房间 小不说 ，
HUM_cat-hotel_pol-NEG_tokenise, 143	怪味 ， 下水道 堵 了 没人管 ， 三星级	酒店	竟然 早上 没有 热水 ， 服务 人员 态度生硬 ， 一副 爱住 不住
HUM_cat-hotel_pol-NEG_tokenise, 146	改动 了 。 去 哪儿 网 ， 和	酒店	都 不讲道理 。 自己 在 日本 生活 多年 ， 从来 没有 碰到
HUM_cat-hotel_pol-NEG_tokenise, 146	。 去 哪儿 网 服务 极差 ， 而	酒店	也 是 服务 极差 。 我们 国外 华人 只能 尽量 不 回国
HUM_cat-hotel_pol-NEG_tokenise, 147	不 知道 被 坑 了 多少 人 。	酒店	位置 在 火车站 对面 ， 汽车 客运站 就 在 附近 。 但
HUM_cat-hotel_pol-NEG_tokenise, 147	早餐 很差 ， 而且 房间 比较 旧 ，	酒店	为了 省 电 ， 连 走廊 的 电灯 都 经常 关掉 ，
HUM_cat-hotel_pol-NEG_tokenise, 149	外机 的 声音. 无法 入睡 二.	酒店	服务员 好象 都 是 别人 欠 她 钱 的 表情, 不过
HUM_cat-hotel_pol-NEG_tokenise, 149	小 日本 却 非常 热情. 三.	酒店	送 的 早餐 品种 小 也 就 吧 了, 但是 卫生
HUM_cat-hotel_pol-NEG_tokenise, 149	没有 洗 一样. 四. 这样 的	酒店	以后 免费 也 不住 了. 对 这家 店 非常 之 失望
HUM_cat-hotel_pol-NEG_tokenise, 150	提个醒 ， 希望 以后 携程 能 慎重 推荐	酒店	。 这 是 我 住 过 最差 嘴烂 服务 最 恶劣 的
HUM_cat-hotel_pol-NEG_tokenise, 153	几年 的 老 装修 。 还是 住潭江 半岛	酒店	吧 ， 虽然 潭江 半岛 酒店 也 不是 很 让 我 满意
HUM_cat-hotel_pol-NEG_tokenise, 153	住潭江 半岛 酒店 吧 ， 虽然 潭江 半岛	酒店	也 不是 很 让 我 满意 。 但是 为了 出行 安全 考虑
HUM_cat-hotel_pol-NEG_tokenise, 156	指手画脚 ， 对于 上海 航空 的 领导 对	酒店	的 管理 有点 失望 。 不 帮忙 拿 行李 ， 从 主楼
HUM_cat-hotel_pol-NEG_tokenise, 159	推荐 了 这家 曾经 感觉 非常 不错 的	酒店	。 可 这次 的 感觉 完全 两样 ， 可以 这么 说 很
HUM_cat-hotel_pol-NEG_tokenise, 159	退出 来 。 晕 阿 ， 这 什么	酒店	阿 ！ 经过 一番 争执 总算 讨到 了 四间 原本 就 预定
HUM_cat-hotel_pol-NEG_tokenise, 159	了 ， 按 原价 支付 ， 懒得 和	酒店	搞 ， 折腾 得 自己 心情 不 美丽 。 4 。 最
HUM_cat-hotel_pol-NEG_tokenise, 159	， 凌晨 5 点多 竟然 在 四星 的	酒店	里面 被 热醒 ， 前提 是 我 空调 开到 22 度 ，
HUM_cat-hotel_pol-NEG_tokenise, 159	， 才 将 中央空调 重新 开启 。 什么	酒店	阿 ， 对得起 他 那 闪闪 亮 的 四颗星 吗 ？ 关
HUM_cat-hotel_pol-NEG_tokenise, 159	节约 他们 多少 能源 费 阿 ？ 真不知道	酒店	是 如何 考虑 的 ， 客人 重要 还是 节约 下来 的 那么
HUM_cat-hotel_pol-NEG_tokenise, 159	的 能源 成本 重要 ？ 后来 下楼 和	酒店	经理 交涉 半天 也 没有 结果 也 不 解决问题 ， 心情 非常
HUM_cat-hotel_pol-NEG_tokenise, 159	叫 咱 是 弱势群体 呢 。 结帐 时	酒店	经理 过来 又 解释 说 没 有关 空调 ， 是 水温 上去
HUM_cat-hotel_pol-NEG_tokenise, 159	折 。 这时 我 已经 没 心情 和	酒店	多 罗嗦 了 ， 赶紧 结了 帐 走 人 ， 不要 让
HUM_cat-hotel_pol-NEG_tokenise, 159	美丽 心情 再次 受到 影响 。 试问 如果	酒店	真的 问心无愧 没 有关 空调 那么 你 干嘛 来 给 我 的
HUM_cat-hotel_pol-NEG_tokenise, 162	上 极尽 完美 之辞 的 推荐 了 该	酒店	. 网上 看 图片 和 介绍, 觉得 应该 也 不错 (
HUM_cat-hotel_pol-NEG_tokenise, 165	串 因为 早上 飞机 才 订 的 这家	酒店	， 机场 每 半小时 有 接驳 车 还 蛮 方便 ， 但
HUM_cat-hotel_pol-NEG_tokenise, 166	不 安全 。 反正 ， 不像 三星 的	酒店	。 设施 比较 简陋 ， 卫生 不好 ， 不会 再 入住 。
HUM_cat-hotel_pol-NEG_tokenise, 168	再 入住 。 周末 住 了 一晚 ，	酒店	周边 还是 可以 的 ， 出行 很 方便 ~ 周日 去 花果山
HUM_cat-hotel_pol-NEG_tokenise, 169	三路 已经 是 晚上 十点 ， 打电话 给	酒店	说 不能 办理 入住 了 ， 晚上 的 海天 三路 特别 荒凉
HUM_cat-hotel_pol-NEG_tokenise, 169	问题 有 疑问 于是 打电话 给 客服 ，	酒店	却 又 改口说 可以 入住 ， 都 十二点 了 ， 十点 的
HUM_cat-hotel_pol-NEG_tokenise, 170	。 服务 差 ， 怎么 会 有 一间	酒店	没 热水 呢? 我 之前 看到 是 一月 的 点评 说
HUM_cat-hotel_pol-NEG_tokenise, 171	还 说 你们 不住 ， 可以 换 别的	酒店	， 不 知道 他们 怎么 想 的 ， 最后 我们 决定 更换
HUM_cat-hotel_pol-NEG_tokenise, 173	一股 子 怪味 。 太 陈旧 了 ！	酒店	房间内 装修 很 旧 ， 感觉 住 起来 不 舒服 。 酒店
HUM_cat-hotel_pol-NEG_tokenise, 174	旧 ， 感觉 住 起来 不 舒服 。	酒店	位置 还 可以 ， 有 接送 班车 ， 但 前台 服务员 业务水平
HUM_cat-hotel_pol-NEG_tokenise, 176	！ 这是 一家 连 三星级 都 没有 的	酒店	。 非常 不 满意 ： 1 ： 携程 上 不知 我 什么
HUM_cat-hotel_pol-NEG_tokenise, 176	1 ： 携程 上 不知 我 什么 这家	酒店	的 综合 评分 是 4. 3 。 误导 客人 。 2
HUM_cat-hotel_pol-NEG_tokenise, 176	. 3 。 误导 客人 。 2 ：	酒店	信价 比不高 ， 地段 也 太 偏 。 3 ： 早餐 是
HUM_cat-hotel_pol-NEG_tokenise, 176	： 早餐 是 我 吃 过 最差 的	酒店	， 肉包 里面 还有 苍蝇 。 请 大家 千万别 去 住 ，
HUM_cat-hotel_pol-NEG_tokenise, 177	诚恳 ， 下次 愿意 再 住 住 ！	酒店	位置 还 可以 价格 也 勉强 房间 比较 陈旧 卫生状况 也 不太近
HUM_cat-hotel_pol-NEG_tokenise, 177	卫生状况 也 不太近 人意 总之 不 象 三星级	酒店	不好 ， 不好 ， 不好 房间 挺大 ， 有 班车 ， 但是
HUM_cat-hotel_pol-NEG_tokenise, 182	。 希望 有 进步 。 时常 客人 来	酒店	房间 没有 窗户 ， 床尾 很大 的 柱子 挡 道 ， 房间
HUM_cat-hotel_pol-NEG_tokenise, 183	找 ， 没有 早餐 ， 服务态度 很差 。	酒店	太旧, 不象 4 星, 房间 隔音 太 差, 隔壁
HUM_cat-hotel_pol-NEG_tokenise, 184	、 杂物 乱堆 乱放 的 场景 （ 看得出	酒店	管理 、 服务 的 基本 水准 ） 。 餐饮 差 ： 办理
HUM_cat-hotel_pol-NEG_tokenise, 184	办理 入住 手续 时 ， 总台 推荐 在	酒店	用餐 （ 加之 17087105 的 好评 ） ， “ 果断 ” 决定
HUM_cat-hotel_pol-NEG_tokenise, 184	是 最 要命 的 一点 ， 在 离开	酒店	后 的 路上 ， 车上 的 两位 女士 （ 妹妹 和 夫人
HUM_cat-hotel_pol-NEG_tokenise, 184	看看 400 多块 的 享受 这样 的 度假	酒店	， 也 就 不 奇怪 了 。 我 每次 入住 一个 酒店
HUM_cat-hotel_pol-NEG_tokenise, 184	不 奇怪 了 。 我 每次 入住 一个	酒店	， 都 喜欢 以 褒 为主 ， 点评 一下 。 但 唯一
HUM_cat-hotel_pol-NEG_tokenise, 184	且 毫不 偏激 地说 一句 ， 这样 的	酒店	， 有 辱 携程 ！ 补充 点评 2007 年 5 月 9
HUM_cat-hotel_pol-NEG_tokenise, 184	可见 那些 小红点 很毒 的 ， 住 这个	酒店	后悔 死 了 ！ 有待 改善 。 位置 很 方便 ， 酒店
HUM_cat-hotel_pol-NEG_tokenise, 185	！ 有待 改善 。 位置 很 方便 ，	酒店	还有 机场 大巴 接送 ， 但是 房间 真心 一般 ， 酒店 食物
HUM_cat-hotel_pol-NEG_tokenise, 185	大巴 接送 ， 但是 房间 真心 一般 ，	酒店	食物 很 难吃 提早 预定 的 房间 3 间 标房 4 夜
HUM_cat-hotel_pol-NEG_tokenise, 186	3 间 标房 4 夜 ， 到 了	酒店	, 看样子 是 个 刚 改造 的 样子, 很多 地方 还
HUM_cat-hotel_pol-NEG_tokenise, 186	式 的), 前台 时 被 告知	酒店	没收 到 定房 通知 ， 等 了 2 个 小时 ， 安排
HUM_cat-hotel_pol-NEG_tokenise, 186	了 先 挤 吧.... 晚上 回	酒店	, 前台 告知 有 双床 房 可以 调, 赶快 全部 调换
HUM_cat-hotel_pol-NEG_tokenise, 187	进去 最 后悔 的 一次 预订 ， 这家	酒店	卫生 真的 很脏 ， 这 是 最 公布 的 ， 最 基本
HUM_cat-hotel_pol-NEG_tokenise, 189	20 元 ， 实际 收取 38 元 ，	酒店	解释 是 网上 价格 没有 更新 。 2. 隔音 效果 极差
HUM_cat-hotel_pol-NEG_tokenise, 189	更新 。 2. 隔音 效果 极差 ，	酒店	5 楼为 KTV ， 我 住 在 10 楼 ， 晚上 能
HUM_cat-hotel_pol-NEG_tokenise, 189	， 才 弄 好 ， 实在 不敢想像 这种	酒店	会出 这种 事情 ； 4. 服务态度 差 ， 给 人 一种
HUM_cat-hotel_pol-NEG_tokenise, 189	总之 ， 这 是 我 感觉 最差 的	酒店	！ 设备陈旧 ， 插座 都 找 不到 ！ 性价比 不高 ， 早餐
HUM_cat-hotel_pol-NEG_tokenise, 197	建议 旅游 的 人 住 道里区 ， 这个	酒店	太远 了 ， 交通 不 方便 ， 客房 新装修 ， 但 浴室
HUM_cat-hotel_pol-NEG_tokenise, 198	。 这 是 个 中式 的 老 五星级	酒店	。 性价比 太差 了 ， 给 平时 住 的 3 星级 的
HUM_cat-hotel_pol-NEG_tokenise, 198	， 给 平时 住 的 3 星级 的	酒店	差不多 。 不 推荐 。 房间 中规中矩 。 。 。 卫生间 和
HUM_cat-hotel_pol-NEG_tokenise, 201	, 无法 完睡. 肯定 配不上 4 星级	酒店	的 称号 （ 携程 注明 可是 4 颗星 ） 1. 大堂
HUM_cat-hotel_pol-NEG_tokenise, 201	不能 订 火车票 ， 岂有此理 ！ 哪有 四星级	酒店	不能 预定 火车票 的 ， 没辙 ， 只有 自己 打 的 去
HUM_cat-hotel_pol-NEG_tokenise, 204	一步 ， 这时 后面 来 了 车要 进入	酒店	， 由于 我 的 车 被 拦住 ， 结果 谁 都 没法
HUM_cat-hotel_pol-NEG_tokenise, 204	是 让 人 气愤 。 门卫 如果 给	酒店	前台 打个 电话 其实 很 容易 知道 是否 有房 ， 而 这样
HUM_cat-hotel_pol-NEG_tokenise, 204	知道 是否 有房 ， 而 这样 做 对	酒店	本身 也 没有 任何 好处 ， 明明 有房 就是 不卖 ， 难道
HUM_cat-hotel_pol-NEG_tokenise, 204	好处 ， 明明 有房 就是 不卖 ， 难道	酒店	这么 财大气粗 ， 店大欺客 ？ 环境 一般 ， 只能 作为 换乘 飞机
HUM_cat-hotel_pol-NEG_tokenise, 206	明确 的 答复 。 我们 一致 认为 这家	酒店	不 值得 推荐 。 很差 ， 非常 差 。 特别 是 服务员
HUM_cat-hotel_pol-NEG_tokenise, 209	差 看着 地理位置 合适 才 选 的 这家	酒店	， 酒店 没有 明显 招牌 。 房间 里 有 一股 香烟 和
HUM_cat-hotel_pol-NEG_tokenise, 209	地理位置 合适 才 选 的 这家 酒店 ，	酒店	没有 明显 招牌 。 房间 里 有 一股 香烟 和 霉味 儿
HUM_cat-hotel_pol-NEG_tokenise, 212	。 机场 附近 ， 噪声 大 经济 类	酒店	， 所以 价格 适中 。 酒店设施 服务 就 一般 了 。 虽然
HUM_cat-hotel_pol-NEG_tokenise, 213	， 下次 还 不如 住 在 市区 。	酒店	在 市中心 ， 是 个 很 老牌 的 酒店 ， 但是 可能
HUM_cat-hotel_pol-NEG_tokenise, 213	在 市中心 ， 是 个 很 老牌 的	酒店	， 但是 可能 比较 久 了 ， 设施 比较 陈旧 。 之前
HUM_cat-hotel_pol-NEG_tokenise, 213	比较 陈旧 。 之前 在 携程 上定 的	酒店	， 到 前台 上去 后 ， 前台 说 没有 接到 单子 ，
HUM_cat-hotel_pol-NEG_tokenise, 213	， 携程网 工作人员 多次 发送 传真 单子 给	酒店	， 酒店 一直 称未 收到 ， 最后 等到 10 点多 ， 强烈要求
HUM_cat-hotel_pol-NEG_tokenise, 213	工作人员 多次 发送 传真 单子 给 酒店 ，	酒店	一直 称未 收到 ， 最后 等到 10 点多 ， 强烈要求 携程 人员
HUM_cat-hotel_pol-NEG_tokenise, 213	入住 。 由于 是 给 客户 定 的	酒店	， 给 客户 造成 了 很大 麻烦 ， 真的 很 糟心 。
HUM_cat-hotel_pol-NEG_tokenise, 215	看不到. 好 在 白天 都 不 在	酒店	, 也 就 不在意. 但 房间 装饰 除了 大 以外,
HUM_cat-hotel_pol-NEG_tokenise, 215	也 不 及时 通知 我, 看来 这个	酒店	在 客人 退房 时 是 不 查房 的. 最 离谱 的
HUM_cat-hotel_pol-NEG_tokenise, 216	。 。 。 总而言之 ， 非常 老旧 的	酒店	， 设施 陈旧 ， 设计 缺乏 人性化 的 考虑 ， 不 方便
HUM_cat-hotel_pol-NEG_tokenise, 216	正是如此 ， 价格 倒 是 便宜 。 这种	酒店	呢 ， 再 不 用心 去 改变 ， 迟早会 被 边缘化 ，
HUM_cat-hotel_pol-NEG_tokenise, 218	不能 刷卡 ， 招待所 都 不如 。 新	酒店	的 内部 各 方面 都 不错. 服务 也 还行. 行李
HUM_cat-hotel_pol-NEG_tokenise, 220	的 报销 制度 严格, 所以 我 在	酒店	结帐 的 时候 让 前台 在 打印 出来 的 明细单 上 加盖
HUM_cat-hotel_pol-NEG_tokenise, 220	前台 在 打印 出来 的 明细单 上 加盖	酒店	的 章 (大家 说 这个 要求 过分 吗), 但是
HUM_cat-hotel_pol-NEG_tokenise, 220	回去 不能 报销 费用 的话, 这样 的	酒店	谁 还 敢 住? 如果 不是 急 着 赶 飞机 的话
HUM_cat-hotel_pol-NEG_tokenise, 220	着 赶 飞机 的话, 一定 要 找	酒店	要个 说法! 建议 报销 制度 严格 的 朋友 不要 考虑 这个
HUM_cat-hotel_pol-NEG_tokenise, 220	报销 制度 严格 的 朋友 不要 考虑 这个	酒店	了. 酒店 整体 舒适度 很差 ， 飞机 起降 声音 很大 ，
HUM_cat-hotel_pol-NEG_tokenise, 221	的 朋友 不要 考虑 这个 酒店 了.	酒店	整体 舒适度 很差 ， 飞机 起降 声音 很大 ， 房间 浴室 都
HUM_cat-hotel_pol-NEG_tokenise, 224	只 给 我们 换 了 张 床单...	酒店	大堂 环境 很 好 ， 但 却 给 床单 一事 印象 大打折扣
HUM_cat-hotel_pol-NEG_tokenise, 225	很 不 舒服 ， 整晚 都 睡不着...	酒店	环境 可以, 只是 交通 配套 不太 方面............
HUM_cat-hotel_pol-NEG_tokenise, 227	多年 第一次 住 到 这 幺 小 的	酒店	房间 太小 没 和 80 块钱 一 晚上 的 设施 没有 任何
HUM_cat-hotel_pol-NEG_tokenise, 229	了 俩 块钱 没 早饭 ！ ！ ！	酒店	离 机场 很 远 ！ 接机 班车 不准 时 ！ ！ Check
HUM_cat-hotel_pol-NEG_tokenise, 231	飞机 到达 时间 22 点才 不会 选择 此	酒店	, 外面 飞机 的 声音 很大, 隔音 效果 很差, 房间
HUM_cat-hotel_pol-NEG_tokenise, 232	嘈杂 ， 主要 人为 制造 。 特别 提示	酒店	出门 右手边 那家 可 的 便利店 ， 机器 打 出来 至少 自动
HUM_cat-hotel_pol-NEG_tokenise, 234	延迟 退房 要收 半天 房费. 很烂 的	酒店	总体 来说 酒店 真的 不怎么样 ， 首先 空调 是 坏 的 其次
HUM_cat-hotel_pol-NEG_tokenise, 235	半天 房费. 很烂 的 酒店 总体 来说	酒店	真的 不怎么样 ， 首先 空调 是 坏 的 其次 窗户 漏风 ，
HUM_cat-hotel_pol-NEG_tokenise, 235	是 我 住 过 的 最 差劲 的	酒店	， 如果 再有 机会 去 丹东 绝对 不住 这 从来 没花 500
HUM_cat-hotel_pol-NEG_tokenise, 236	闷热..... 非常 不 满意 这家	酒店	被 图片 坑 了 ， 酒店 在 写字楼 里 、 服务生 类似
HUM_cat-hotel_pol-NEG_tokenise, 237	满意 这家 酒店 被 图片 坑 了 ，	酒店	在 写字楼 里 、 服务生 类似 写字楼 里 的 保安 水平 ，
HUM_cat-hotel_pol-NEG_tokenise, 238	走 很 远 。 晚上 九十点 到 的	酒店	被 告知 团购 的 不能 用 于是 在 去 哪儿 网上 定房
HUM_cat-hotel_pol-NEG_tokenise, 240	接受 携程 客户 用 信用卡 。 你们 和	酒店	负责人 确认 后 ， 给 我 的 回答 是 pos 机坏 了
HUM_cat-hotel_pol-NEG_tokenise, 240	宁愿 被 人 骗 么 ， 或者 和	酒店	有 勾结 ， 不 相信 你们 客户 反映 的 问题 ？ 这样
HUM_cat-hotel_pol-NEG_tokenise, 241	很 难用 携程网 了 。 请 重视 。	酒店	环境 一般 ， 设施 不好 ， 服务 又 差 ， 就是 为了
HUM_cat-hotel_pol-NEG_tokenise, 241	就是 为了 离 机场 近才 选择 了 这家	酒店	， 以后 不会 在 光顾 了 除了 近 没有 选择 的 任何理由
HUM_cat-hotel_pol-NEG_tokenise, 243	的 房间 卫生 ！ 还 不如 机场 候机厅	酒店	的 硬件 设施 太 一般 ， 服务 水准 太 差 ， 除了
HUM_cat-hotel_pol-NEG_tokenise, 243	差 ， 除了 地理位置 还算 好 ， 这家	酒店	乏善可陈 一般 ， 没有 什么 特色 ！ 单人间 小到 不行 ， 仅够
HUM_cat-hotel_pol-NEG_tokenise, 246	就 扑鼻而来 。 开门 通风 也 无济于事 。	酒店	太老旧 了 。 走 在 地板 上 都 有 震动 的 感觉
HUM_cat-hotel_pol-NEG_tokenise, 248	航班 延误 ， 生意 比较 红火 ， 去	酒店	内 的 餐厅 吃饭 需要 排 很长 的 队 ， 好 在
HUM_cat-hotel_pol-NEG_tokenise, 253	平米 左右! 床单 是 脏 的.	酒店	房间 小 ， 设施 陈旧 ， 酒店 靠 马路 ， 窗户 很
HUM_cat-hotel_pol-NEG_tokenise, 253	. 酒店 房间 小 ， 设施 陈旧 ，	酒店	靠 马路 ， 窗户 很 不 隔音 ， 影响 休息 我以 携程
HUM_cat-hotel_pol-NEG_tokenise, 254	小时 的 弹性 时间 。 听见 如 家	酒店	的 解释, 我 是 深感 如 家 酒店 根本 不 注重
HUM_cat-hotel_pol-NEG_tokenise, 254	的 解释, 我 是 深感 如 家	酒店	根本 不 注重 消费者 的 权益, 只 注重 他们 自己 的
HUM_cat-hotel_pol-NEG_tokenise, 254	更让人 有 变相加价 的 感觉, 再来 如家	酒店	对 自己 的 会员 和 对 其他 合作 单位 订房 的 会员
HUM_cat-hotel_pol-NEG_tokenise, 254	大 的 差异 呢? 四星 或 五星	酒店	也 没有 这么 收费 法 吧? 住 过 得 最烂 的
HUM_cat-hotel_pol-NEG_tokenise, 255	法 吧? 住 过 得 最烂 的	酒店	， 房间 隔音 非常 不好 ， 隔壁 电视机 声音 、 走廊 人
HUM_cat-hotel_pol-NEG_tokenise, 256	以后 倒 找钱 都 不会 住 了 。	酒店	位置 还 行 ， 就是 设施 一般 ， 房间 隔音 效果 差点
HUM_cat-hotel_pol-NEG_tokenise, 258	过 ， 所以 这次 还是 选 了 这个	酒店	。 可是 实在 是 让 我 失望 ， 一切 如旧 ， 什么
HUM_cat-hotel_pol-NEG_tokenise, 258	就 生病 了 。 下次 再也不会 住 这个	酒店	了 。 入住 前 询问 态度 还 不错, 但是 朋友 说
HUM_cat-hotel_pol-NEG_tokenise, 262	， 整洁 而且 包装 的 很 完整 。	酒店	位置 不错 离 机场 较近 适合 中 转过 夜 每 半小时 有
HUM_cat-hotel_pol-NEG_tokenise, 265	, 大堂 吧 的 服务 人员 很赞.	酒店	应该 重视 软件 建设 ！ 特别 是 前台 ！ ！ 我们 去
HUM_cat-hotel_pol-NEG_tokenise, 265	， 这次 是 你们 自己 不好 ！ 不是	酒店	责任 ！ 你们 自己 晚到 了 ， 我们 就 取消 预定 了
HUM_cat-hotel_pol-NEG_tokenise, 272	搞笑 材料 。 作为 商务 经济 连锁 型	酒店	， 总体 还是 过得去 的 ， 在 这样 繁华 的 区域 ，
HUM_cat-hotel_pol-NEG_tokenise, 272	价钱 也 是 过得去 的 。 但是 其他	酒店	在 同样 的 价钱 ， 提供 更好 的 服务 和 设施 ，
HUM_cat-hotel_pol-NEG_tokenise, 272	不 卫生 的 感觉 。 是 平庸 的	酒店	。 来到 这样 响 的 品牌 的 酒店 ， 感觉 失望 。
HUM_cat-hotel_pol-NEG_tokenise, 272	酒店 。 来到 这样 响 的 品牌 的	酒店	， 感觉 失望 。 在 同 类型 的 酒店 中 ， 我
HUM_cat-hotel_pol-NEG_tokenise, 272	， 感觉 失望 。 在 同 类型 的	酒店	中 ， 我 按照 水准 的 高低 进行 了 这样 的 排序
HUM_cat-hotel_pol-NEG_tokenise, 273	, 也许 对方 是 无理取闹, 但是 事后	酒店	并 没有 向 客人 说明 情况 并 道歉, 把 所有 责任
HUM_cat-hotel_pol-NEG_tokenise, 274	隔壁 在 装修, 不知 携程 和 这个	酒店	有 什么 过节, 总 感觉 是 在 故意 让 你 难受
HUM_cat-hotel_pol-NEG_tokenise, 274	, 竟 让 客人 用 长途 打 回	酒店	转接, 我 靠! 还有 五星级 的 小姐 怎么 那么.
HUM_cat-hotel_pol-NEG_tokenise, 274	住 过 的 最让人 " 难忘 的 "	酒店	. 这些 话 本人 已经 在 克制 了. 一年 前住 过
HUM_cat-hotel_pol-NEG_tokenise, 276	旧旧 的. 我 住 过 很多 连锁	酒店	了, 如家 也 住 过 很 多次, 唉, 发现
HUM_cat-hotel_pol-NEG_tokenise, 276	的. 以后 我 想 考虑 别的 连锁	酒店	了. 住 了 成都 的 七斗 星, 感觉 好 很多
HUM_cat-hotel_pol-NEG_tokenise, 278	可惜 当时 有 展会 ， 到处 订 不到	酒店	。 酒店设施 很差 ， 早饭 差 ， 要命 的 服务员 态度 很差
HUM_cat-hotel_pol-NEG_tokenise, 280	说 一下 ， 住 的 是 336 的	酒店	标准间 老旧 ， 有 味 ， 隔音 效果 很差 不 多 评价
HUM_cat-hotel_pol-NEG_tokenise, 282	， 被子 都 是 潮湿 一股 霉味 ，	酒店	有 接驳 车 ， 但是 只到 1: 30 ， 我们 1
HUM_cat-hotel_pol-NEG_tokenise, 282	反正 我们 办好 入住 都 没见 她们 到	酒店	， 早上 一大早 就 起床 逃 去 机场 了 ， 根本 没
HUM_cat-hotel_pol-NEG_tokenise, 283	了 ， 根本 没 办法 呼吸 的 房间	酒店	太老 了 ， 虽然 每次 去 贵阳 都 住 ， 就是 因为
HUM_cat-hotel_pol-NEG_tokenise, 284	服务 顾客 的 宗旨 呢 勉强 算个 两星	酒店	极度 不 推荐 入住 ！ 夜里 没 热水 ， 其他 还 可以
HUM_cat-hotel_pol-NEG_tokenise, 287	这 将 是 我 最后 一次 入住 这家	酒店	。 我 对 我 的 言论 负责 ， 我 的 个人信息 携程
HUM_cat-hotel_pol-NEG_tokenise, 291	了 前台 态度 好差 啊 ！ 差评 ！	酒店	环境 一般 太吵 了 ， 6: 30 就 被 外面 的
HUM_cat-hotel_pol-NEG_tokenise, 296	的 穿梭 巴士 准点 ， 汽车 停 在	酒店	也 很 方便 。 缺点 ： 房间 有点 老旧 了 ， 开
HUM_cat-hotel_pol-NEG_tokenise, 296	还 行 ， 以后 出行 还会 选择 这家	酒店	的 标间 面积 实在 太小 ， 卫生间 都 转 不 开身 。
HUM_cat-hotel_pol-NEG_tokenise, 298	服务 很差 ， 真 不是 一个 像样 的	酒店	。 酒店 服务态度 很差 ， 之前 预定 了 两间房 ， 说 是
HUM_cat-hotel_pol-NEG_tokenise, 299	， 真 不是 一个 像样 的 酒店 。	酒店	服务态度 很差 ， 之前 预定 了 两间房 ， 说 是 预留 到
HUM_cat-hotel_pol-NEG_tokenise, 299	到 下午 5 点 ， 四点 半打 给	酒店	告诉 他们 会晚 到 一点 ， 前台 答应 的 好好 的 。
HUM_cat-hotel_pol-NEG_tokenise, 299	多交 200 块 才 有 房间 ， 强盗	酒店	！ 网络 奇差 ， 根本 连不上 ， 打 给 前台 说 ，
HUM_cat-hotel_pol-NEG_tokenise, 300	是 一周 前 预订 的 ， 但 到	酒店	后 ， 却 被 告知 没有 收到 携程 的 通知 ， 所有人
HUM_cat-hotel_pol-NEG_tokenise, 300	当时 去 的 人 比较 多 ， 这家	酒店	就 在 死 赖 不 给 我们 房间 ， 以便 他们 自己
HUM_cat-hotel_pol-NEG_tokenise, 300	携程 的 服务 也 特别 慢 。 这个	酒店	的 房间 也 很 差 。 酒店 的 怪味 根本 无法忍受 ，
HUM_cat-hotel_pol-NEG_tokenise, 301	这个 酒店 的 房间 也 很 差 。	酒店	的 怪味 根本 无法忍受 ， 设施 也 不 方便 ， 全然 不是
HUM_cat-hotel_pol-NEG_tokenise, 301	就 迫不及待 地 逃跑 了 ， 若 不是	酒店	不肯 退 当天 的 钱 ， 我 连 这 一晚 也 决不会
HUM_cat-hotel_pol-NEG_tokenise, 304	挂 我 电话 ！ 这是 第一次 入住 此	酒店	， 因为 临时 去 苏州 没有 来得及 在 网上 看 ， 致电
HUM_cat-hotel_pol-NEG_tokenise, 304	看 ， 致电 携程 让 她 推荐 的	酒店	， 没想到 有 如此 难忘 的 经历 … … 入住 后先 洗澡
HUM_cat-hotel_pol-NEG_tokenise, 305	还是 怎么 凭 上 金牌 推荐 的 ！	酒店	位于 市中心 ， 闹中取静 ， 环境 很 好 。 房间 很 干净
HUM_cat-hotel_pol-NEG_tokenise, 305	食品 种类 少 ， 饮料 接近 保质期 。	酒店	不 提供 儿童 浴袍 牙膏 拖鞋 。 自助 早餐 种类 少 ，
HUM_cat-hotel_pol-NEG_tokenise, 305	， 有些 内 类食品 不太 新鲜 。 希望	酒店	能 在 各 方面 均 达到 五星 标准 。 房间 那 是
HUM_cat-hotel_pol-NEG_tokenise, 308	还 可以. 非常 不 满意 的 一个	酒店	!!!! 但 还是 先说 一点 好 的 吧:
HUM_cat-hotel_pol-NEG_tokenise, 309	饭店 了 ， 虽然 地理位置 不错 。 但是	酒店	由于 设施 老 ， 住 着 感觉 很 潮湿 。 携程 的
HUM_cat-hotel_pol-NEG_tokenise, 311	， 几乎 一夜 未眠 。 前年 住 这家	酒店	貌似 也 这样 。 绝对 不会 入住 第三次 了 ！ 必须 多加
HUM_cat-hotel_pol-NEG_tokenise, 314	. 进入 房间, 不言而喻, 是 老	酒店	改 的, 完全 没有 如 家 应有 的 温馨 感觉,
HUM_cat-hotel_pol-NEG_tokenise, 315	我 留下 的 印象 是 一家 很烂 的	酒店	。 酒店 是 在 科技 大厦 里 改建 的 几个 层面 ，
HUM_cat-hotel_pol-NEG_tokenise, 315	的 印象 是 一家 很烂 的 酒店 。	酒店	是 在 科技 大厦 里 改建 的 几个 层面 ， 没有 接待
HUM_cat-hotel_pol-NEG_tokenise, 315	的 不 知道 怎么回事 ” 。 第三天 离开	酒店	的 时候 ， 身上 发现 有 好几个 红 点 ， 我盖 上
HUM_cat-hotel_pol-NEG_tokenise, 315	， 赶快 绕道 ， 576 元 一晚 的	酒店	是 坑人 的 酒店 。 难怪 住进 酒店 必须 预付 100 [
HUM_cat-hotel_pol-NEG_tokenise, 315	576 元 一晚 的 酒店 是 坑人 的	酒店	。 难怪 住进 酒店 必须 预付 100 [%] 房费 方
HUM_cat-hotel_pol-NEG_tokenise, 315	酒店 是 坑人 的 酒店 。 难怪 住进	酒店	必须 预付 100 [%] 房费 方 能 拖住 顾客 ，
HUM_cat-hotel_pol-NEG_tokenise, 317	！ 刚 从 九洲 环宇 换 到 这个	酒店	， 感觉 差距 太大 了 ， 这里 号称 在 市中心 ， 但
HUM_cat-hotel_pol-NEG_tokenise, 318	早 航班 ， 所以 住 在 这里 。	酒店	条件 一般 ， 周边 是 农村 郊外 ， 只 图离 机场 近
HUM_cat-hotel_pol-NEG_tokenise, 320	前 的 ， 连 遥控器 都 没有,	酒店	装修 老旧 ， 前台 服务 差 ， 不 推荐 入住 。 酒店
HUM_cat-hotel_pol-NEG_tokenise, 321	前台 服务 差 ， 不 推荐 入住 。	酒店	房间 设施 陈旧 ， 尤其 卫生间 设置 不合理 ， 洗澡 很 不
HUM_cat-hotel_pol-NEG_tokenise, 325	里 还有 蟑螂 他 挨 停车场 很近 但是	酒店	隔音 差 床硬 各种 脏脏 的 唉 … 房间 真差 啊 ，
HUM_cat-hotel_pol-NEG_tokenise, 329	人管 ， 非常 生气 。 临时 订 的	酒店	， 纯粹 只是 为了 第二天 去 机场 方便. 酒店 的 硬件
HUM_cat-hotel_pol-NEG_tokenise, 329	纯粹 只是 为了 第二天 去 机场 方便.	酒店	的 硬件 设施 已经 落后 到 不行. 就 像 八 九十年代
HUM_cat-hotel_pol-NEG_tokenise, 330	东西 充电 ？ 自己 带个 接线板 吧.	酒店	很 旧 ， 很小 ， 楼道 里 黑暗 ， 其实 就是 个
HUM_cat-hotel_pol-NEG_tokenise, 332	快捷酒店 ， 不过 服务 和 得到 的 优秀	酒店	称号 相差 好远 ， 我 住 的 是 商务 大床 房 ，
HUM_cat-hotel_pol-NEG_tokenise, 336	的 道歉 4 、 over 总台 冷冰冰 ，	酒店	冷清清 。 性价比 不高 ， 价格 偏贵 ， 不如 住嘉利 。 简直
HUM_cat-hotel_pol-NEG_tokenise, 337	找 不到 前台 的 电话 。 经常 住	酒店	， 这么 傻 逼 的 第一次 见 。 1 ） 距离 浦东
HUM_cat-hotel_pol-NEG_tokenise, 340	一点 ， 很多 又 便宜 又 好 的	酒店	， 大 把 ， 以后 不会 再住 这个 名不副实 的 酒店 ，
HUM_cat-hotel_pol-NEG_tokenise, 340	把 ， 以后 不会 再住 这个 名不副实 的	酒店	， 建议 携程 不要 将 这类 酒店 登入 ， 有损 携程 名誉
HUM_cat-hotel_pol-NEG_tokenise, 340	的 酒店 ， 建议 携程 不要 将 这类	酒店	登入 ， 有损 携程 名誉 。 只能 给 个 差评 了 ，
HUM_cat-hotel_pol-NEG_tokenise, 342	也 是 无语 了 。 跟 其他 桔子	酒店	比 起来 ， 前台 态度 差 很多 。 环境 离 机场 还算近
HUM_cat-hotel_pol-NEG_tokenise, 344	还算近 ， 只是 酒店设施 比较 陈旧 。 这家	酒店	绝对 没有 四星级, 而且 房间 的 隔音 太 差, 马路上
HUM_cat-hotel_pol-NEG_tokenise, 344	品种 也 少 。 强烈建议 携程 取消 该	酒店	的 推荐 。 先生 在 8 / 29 入住 时, 收银台
HUM_cat-hotel_pol-NEG_tokenise, 345	5, 发现 问题 后, 先生 给	酒店	的 收银台 打 了 电话, 在 现在 9 / 7 号
HUM_cat-hotel_pol-NEG_tokenise, 345	年 9 月 7 日 ： 在 离开	酒店	结帐 时, 又 说 原来 预 授权 (实际 是 消费
HUM_cat-hotel_pol-NEG_tokenise, 346	的 做法 是 对 消费者 的 欺诈 ！	酒店	的 行政 楼层 无 人员 值班 ， 也 无 任何 行政 客人
HUM_cat-hotel_pol-NEG_tokenise, 347	, 无 专人 服务 。 航空公司 隶属 的	酒店	， 客服 人员 的 态度 就是 不 一样 ， 确认 接 人大
HUM_cat-hotel_pol-NEG_tokenise, 348	网友 评价 较 高 ” 、 “ 三星	酒店	” 。 今后 如果 再 遇到 上网 条件 不便 又 急于 订
HUM_cat-hotel_pol-NEG_tokenise, 348	再 遇到 上网 条件 不便 又 急于 订	酒店	的 情况 ， 我 绝对 不会 贸然 做出 电话 订房 的 风险
HUM_cat-hotel_pol-NEG_tokenise, 350	人 帮忙 拿 ， 服务 太 差 ，	酒店	预订 部 居然 挂 我 电话 设施 陈旧 ， 价格 较贵 。
HUM_cat-hotel_pol-NEG_tokenise, 352	我 电话 设施 陈旧 ， 价格 较贵 。	酒店	服务 非常 差 。 早起 出门时 希望 保安 给 我 叫 出租车
HUM_cat-hotel_pol-NEG_tokenise, 355	了 ， 只能 叫 旅社 ， 不能 叫	酒店	。 地理位置 很 好 ， 去 机场 方便 ； 地毯 又 旧
HUM_cat-hotel_pol-NEG_tokenise, 358	水要 自己 要 才 给, 总之 这个	酒店	绝对 不 推荐! 进入 酒店 走廊 、 房间内 气味 难闻 。
HUM_cat-hotel_pol-NEG_tokenise, 359	总之 这个 酒店 绝对 不 推荐! 进入	酒店	走廊 、 房间内 气味 难闻 。 去 机场 比较 方便 。 前台
HUM_cat-hotel_pol-NEG_tokenise, 361	推荐 住宿! 繁华 地段 有 这样 的	酒店	真对不起 首都! 携程网 有 这样 的 会员单位, 对不起 我们 这样
HUM_cat-hotel_pol-NEG_tokenise, 362	! 第一天 订个 大床 房 1103 严重 建议	酒店	经理 亲自 去 睡 下 ， 弹簧 床垫 硬 的 能 感觉
HUM_cat-hotel_pol-NEG_tokenise, 362	， 换 了 个 双人房 ， 还有 你	酒店	的 前台 你们 欠 他们 工资 吗 ？ 每个 都 板 着
HUM_cat-hotel_pol-NEG_tokenise, 363	想 问 一下, 难道 携程 推荐 的	酒店	是 这样 的 吗? 也 不 通知 一声 直接 取消 了
HUM_cat-hotel_pol-NEG_tokenise, 365	通知 一声 直接 取消 了 订单 … 此	酒店	涉嫌 欺骗 ： ctrip 上 显示 行政 房 免费 上网 ， 但是
HUM_cat-hotel_pol-NEG_tokenise, 365	方便 。 周围 设施 少 ， 同等 价位	酒店	市里 多 了 去 了 ， 下次 不会 住 了 ， 还有
HUM_cat-hotel_pol-NEG_tokenise, 367	的 时候 能排 大队 ， 用餐 需要 出	酒店	到 外面 吃 ， 索性 还 不如 不 提供 早餐 呢 ，
HUM_cat-hotel_pol-NEG_tokenise, 368	充足 。 优点 ： 交通 方便 。 这个	酒店	给 我 的 印象 如此 之差. 先说 房间, 一般,
HUM_cat-hotel_pol-NEG_tokenise, 368	什么 好, 也 没有 什么 不好,	酒店	开 了 很大 的 餐厅, 比较 吵闹, 其他 附属 的
HUM_cat-hotel_pol-NEG_tokenise, 368	而且 也 长 的 很漂亮, 是 该	酒店	唯一 的 亮点. 用餐 非常 不好, 早餐 非常 差,
HUM_cat-hotel_pol-NEG_tokenise, 368	没有 什么 了, 怀疑 菜 都 是	酒店	开 的 餐厅 的 存货. 早餐 的 牛奶 是 奶粉 冲
HUM_cat-hotel_pol-NEG_tokenise, 368	全是 辣椒 和 一些 花生 米粒. 这个	酒店	我 是 再也不会 去 住 了. 是 我 住 过 最
HUM_cat-hotel_pol-NEG_tokenise, 368	. 是 我 住 过 最 过分 的	酒店	再说 周围环境, 柳市 的 民风 也 很 不好, 出租车 全是
HUM_cat-hotel_pol-NEG_tokenise, 369	好 太差 了, 千万 不要 订 这家	酒店	!!!! 表面 看着 很 气派, 其实 房间 在
HUM_cat-hotel_pol-NEG_tokenise, 369	了, 总之, 千万 不要 订 这家	酒店	!!!! 这个 酒店 ， 让 我 很 恼火 。
HUM_cat-hotel_pol-NEG_tokenise, 370	订 这家 酒店!!!! 这个	酒店	， 让 我 很 恼火 。 在 CTRIP 里查 了 一下 ，
HUM_cat-hotel_pol-NEG_tokenise, 370	也 是 无能为力 。 我 手上 有 这个	酒店	打 出来 的 电话 单子 。 可 这 又 能 怎么样 呢
HUM_cat-hotel_pol-NEG_tokenise, 372	都 是 住 在 尖沙咀 的 “ 九龙	酒店	” ， 印象 十分 好 ， 除了 房间 小 一些 ， 交通
HUM_cat-hotel_pol-NEG_tokenise, 372	。 这次 去 香港 想着 换 一个 地区	酒店	住 住 ， 因为 比较 喜欢 SOGO ， 就 想 选择 铜锣湾
HUM_cat-hotel_pol-NEG_tokenise, 372	， 就 想 选择 铜锣湾 这 一带 的	酒店	。 在 携程 上 查看 了 大家 的 评价 ， 又 因为
HUM_cat-hotel_pol-NEG_tokenise, 372	时候 比较 仓促 ， 看重 的 “ 海景	酒店	” 没有 了 ， 就 选择 了 “ 港岛 皇悦 ” 。
HUM_cat-hotel_pol-NEG_tokenise, 372	“ 港岛 皇悦 ” 。 事实证明 ， 这个	酒店	只要 加 钱 一百多 ， 是 真的 不行 啊 ！ 一分 价钱
HUM_cat-hotel_pol-NEG_tokenise, 372	就 走不动 了 ， 想想 还是 尖沙咀 九龙	酒店	好 ， 地铁 上面 就是 酒店 。 还有 一点 ， 就是 到
HUM_cat-hotel_pol-NEG_tokenise, 372	尖沙咀 九龙 酒店 好 ， 地铁 上面 就是	酒店	。 还有 一点 ， 就是 到 SOGO 的 距离 ， 携程 上
HUM_cat-hotel_pol-NEG_tokenise, 372	不然 真 不行 了 。 最后 再说 说	酒店	的 环境 ， 网友 们 都 评价 这家 酒店 晚上 很 吵
HUM_cat-hotel_pol-NEG_tokenise, 372	的 环境 ， 网友 们 都 评价 这家	酒店	晚上 很 吵 ， 一定 要 住 高层 ， 本来 我 看
HUM_cat-hotel_pol-NEG_tokenise, 372	， 谁知 晚上 还是 吵 ， 这 是因为	酒店	门口 的 一条街 到 了 晚上 也 算是 酒吧 一条街 ， 还
HUM_cat-hotel_pol-NEG_tokenise, 372	凌晨 才 会 安静 ！ 虽然 对 这个	酒店	有 诸多 不满 ， 但是 它 也 有 一个 亮点 ， 也
HUM_cat-hotel_pol-NEG_tokenise, 372	， 我 想 我 不会 再 挑选 这个	酒店	了 。 前台 接待 较差 。 我 真的 建议 所有 到 成都
HUM_cat-hotel_pol-NEG_tokenise, 374	成都 出差 的 朋友 千万 不要 入住 这家	酒店	， 首先 这个 酒店 的 位置 实在 不好 ， 附近 基本上 没有
HUM_cat-hotel_pol-NEG_tokenise, 374	千万 不要 入住 这家 酒店 ， 首先 这个	酒店	的 位置 实在 不好 ， 附近 基本上 没有 什么 娱乐 ， 而且
HUM_cat-hotel_pol-NEG_tokenise, 374	离 客户 的 近 才 住 的 这家	酒店	， 结果 10 元 的 路程 ， 出租车 竟然 给 我 绕
HUM_cat-hotel_pol-NEG_tokenise, 374	30 元 。 最 重要 的 是 这个	酒店	的 服务 很差 ， 行政 房 没有 行政 待遇 ， check out
HUM_cat-hotel_pol-NEG_tokenise, 374	累计 ， 因为 我 是 携程 定 的	酒店	， 这家 酒店 竟然 不 给 我 积分 ， 甚至 连 一个
HUM_cat-hotel_pol-NEG_tokenise, 374	我 是 携程 定 的 酒店 ， 这家	酒店	竟然 不 给 我 积分 ， 甚至 连 一个 标准 的 会员
HUM_cat-hotel_pol-NEG_tokenise, 374	总府路 附近 的 洲际 下属 的 总府 皇冠	酒店	， 服务 和 地理环境 非常 的 好 ， 而且 明确 告诉 我
HUM_cat-hotel_pol-NEG_tokenise, 374	优悦会 会员卡 的 朋友 一定 不要 住 这个	酒店	， 要 住 就 去 总府 皇冠 ， 而且 成都 很小 ，
HUM_cat-hotel_pol-NEG_tokenise, 375	间 (一层 餐厅 门口), 实际	酒店	当天 入住率 不高, 何必 呢. 7. 8 号 早
HUM_cat-hotel_pol-NEG_tokenise, 375	, 直到 10 点多 我们 离开. 我选	酒店	靠 评论 还 很少 失手, 这次 是 挂 2 个 大眼袋
HUM_cat-hotel_pol-NEG_tokenise, 375	, 一定 要 住 旅游局 正式 挂牌 的	酒店	!! 各 方面 都 不 正规, 别看 照片, 和
HUM_cat-hotel_pol-NEG_tokenise, 376	, 别看 照片, 和 实际 差远了.	酒店	在 喷水池 旁边 ， 之前 住 过 ， 这次 感觉 服务 一般
HUM_cat-hotel_pol-NEG_tokenise, 377	很 一般 由于 飞机 晚点 ， 半夜 到	酒店	11 点 半左右 。 登记 后 无人 提示 酒店 是否 有 无烟
HUM_cat-hotel_pol-NEG_tokenise, 377	11 点 半左右 。 登记 后 无人 提示	酒店	是否 有 无烟 楼层 ， 酒店 不 提供 火柴 ， 我 半夜
HUM_cat-hotel_pol-NEG_tokenise, 377	无人 提示 酒店 是否 有 无烟 楼层 ，	酒店	不 提供 火柴 ， 我 半夜 跑 楼下 去 买 的 火机
HUM_cat-hotel_pol-NEG_tokenise, 378	就是 3 、 4 分钟 。 过 站	酒店	房间 卫生设施 陈旧 不佳 。 仅仅 限于 过境 短暂 停留 我 的
HUM_cat-hotel_pol-NEG_tokenise, 379	我 的 感觉 是 我 住 的 所有	酒店	没有 比 它 还 差 的 酒店 环境 差 位置 太偏 服务态度
HUM_cat-hotel_pol-NEG_tokenise, 379	所有 酒店 没有 比 它 还 差 的	酒店	环境 差 位置 太偏 服务态度 急其 恶毒 不会 入住 第二次 酒店 位置
HUM_cat-hotel_pol-NEG_tokenise, 381	位置 太偏 服务态度 急其 恶毒 不会 入住 第二次	酒店	位置 超好 ， 但是 楼层 服务 相当 糟糕 。 根本 不是 这个
HUM_cat-hotel_pol-NEG_tokenise, 381	房间 设施 老旧 了 ， 毕竟 是 老	酒店	。 宾馆 在 小巷 里, 周围环境 差, 室内 施舍 一般
HUM_cat-hotel_pol-NEG_tokenise, 386	如家 都 比 他 好 ！ ！ ！	酒店	大堂 像 住宅 公寓 一楼 大厅 ， 所谓 的 “ 套房 ”
HUM_cat-hotel_pol-NEG_tokenise, 386	！ 美国 豪生 集团 旗下 有 这样 一家	酒店	真是 砸 自己 的 招牌 ！ 请 携程 认真 考察 每 一家
HUM_cat-hotel_pol-NEG_tokenise, 386	很 低 并 让 人 十分 失望 的	酒店	！ 很差 的 酒店 房间 味道 大, 前台 结帐 速度慢.
HUM_cat-hotel_pol-NEG_tokenise, 387	人 十分 失望 的 酒店 ！ 很差 的	酒店	房间 味道 大, 前台 结帐 速度慢. 开始 是 看到 网友
HUM_cat-hotel_pol-NEG_tokenise, 389	尚可 。 因为 是 2007 年 新开业 的	酒店	， 各项 硬件 设施 还 能 将 就 。 二 、 浴室
HUM_cat-hotel_pol-NEG_tokenise, 391	不能 接受 的 是 该 所谓 的 五星级	酒店	不 开 空调, 晚上 极为 闷热, 当 询问 前台 时
HUM_cat-hotel_pol-NEG_tokenise, 392	不 开 空调, 服务 意识 极差)	酒店	太脏 、 太旧 、 太破 ！ 房间 厕所 都 是 下水道 的
HUM_cat-hotel_pol-NEG_tokenise, 393	基本 得 问 两三 人 。 打电话 到	酒店	问路 时 发现 接待员 也 对 具体 怎么 到达 不太 清楚 。
HUM_cat-hotel_pol-NEG_tokenise, 395	我于 13 号 晚 8 点 到达 该	酒店	, 前台 小姐 核对 我 的 130 元 房间 的 预定 后
HUM_cat-hotel_pol-NEG_tokenise, 395	是 他人 刚刚 退掉 的. 其次 该	酒店	的 菜肴? 服务 一般, 房间 太差 了 点, 里面
HUM_cat-hotel_pol-NEG_tokenise, 396	, 第二天 终于 忍不住, 换 了 个	酒店	. 老式 的 三星级 酒店 ， 单人间 240 元 ， 还 没窗
HUM_cat-hotel_pol-NEG_tokenise, 397	换 了 个 酒店. 老式 的 三星级	酒店	， 单人间 240 元 ， 还 没窗 的 房间 ， 谁 让
HUM_cat-hotel_pol-NEG_tokenise, 397	让 我们 遇上 糖酒会 时往 成都 跑 ，	酒店	门口 出租车 站 半小时 打 不到 不说 ， 纯粹 是 叫 人
HUM_cat-hotel_pol-NEG_tokenise, 397	纯粹 是 叫 人 去 受罪 。 对于	酒店	的 感觉 ： 走廊 破 的 像 招待所 。 到 9 点半
HUM_cat-hotel_pol-NEG_tokenise, 397	没有 到 9 点半 吧 。 这样 的	酒店	估计 也 就是 在 什么 展销会 期间 做 做生意 了 ， 永远
HUM_cat-hotel_pol-NEG_tokenise, 398	有 第二次 的 光临 。 在 常德 ，	酒店	价格 偏高 ， 房间 很小 ， 床 很窄 ， 屋内 地毯 较脏
HUM_cat-hotel_pol-NEG_tokenise, 399	隔壁 是 餐厅 和 服务员 的 房间 。	酒店	前台 显然 知道 次房 很 吵 ， 有 缺陷 ， 既然 知道
HUM_cat-hotel_pol-NEG_tokenise, 399	点评 2007 年 12 月 25 日 ：	酒店	楼下 停车场 每天 还收 80 元 停车费 。 酒店 位置 离 地铁口
HUM_cat-hotel_pol-NEG_tokenise, 400	楼下 停车场 每天 还收 80 元 停车费 。	酒店	位置 离 地铁口 很近 ， 周边 的 商业 设施 很多 。 但
HUM_cat-hotel_pol-NEG_tokenise, 400	， 周边 的 商业 设施 很多 。 但	酒店	房间 里 的 设施 有点 陈旧 ， 卫生间 的 天花板 有 水印
HUM_cat-hotel_pol-NEG_tokenise, 402	~ ~ ~ ~ ~ ~ ~ 这家	酒店	对 携程 的 客人 有 价格 歧视 ， 所以 不 建议 大家
HUM_cat-hotel_pol-NEG_tokenise, 404	了 无论 从 任何 角度 讲 ， 该	酒店	最 多 只能 评为 2 星级 。 携程 首先 推荐 该 酒店
HUM_cat-hotel_pol-NEG_tokenise, 404	评为 2 星级 。 携程 首先 推荐 该	酒店	， 我 认为 只有 一个 原因 ： 酒店 的 返点 最高 ？
HUM_cat-hotel_pol-NEG_tokenise, 404	酒店 ， 我 认为 只有 一个 原因 ：	酒店	的 返点 最高 ？ 补充 点评 2008 年 3 月 11 日
HUM_cat-hotel_pol-NEG_tokenise, 406	， 难道 都 要 倒闭 吗 ？ ？	酒店	较 老 ， 味道 大 服务 太差 了, 堂堂 的 五星
HUM_cat-hotel_pol-NEG_tokenise, 407	大 服务 太差 了, 堂堂 的 五星	酒店	房间 里 竟 连 一双 拖鞋 也 没有, 连 一般 的
HUM_cat-hotel_pol-NEG_tokenise, 407	也 不如, 调来调去 调 了 一个 垃圾	酒店	, 让 人 太 失望 了. 房间 小 ， 设施 一般
HUM_cat-hotel_pol-NEG_tokenise, 409	外包 的 ， 可以 吃饱 。 性价比 不够	酒店	班车 服务 不错 ， 但是 前台 服务 人员 的 服务态度 太差 了
HUM_cat-hotel_pol-NEG_tokenise, 417	吃饭 的 地方 ， 很 偏僻 ， 只有	酒店	餐厅 可以 吃饭 。 酒店 服务态度 很差 ， 我们 两个 女孩子 拿
HUM_cat-hotel_pol-NEG_tokenise, 417	偏僻 ， 只有 酒店 餐厅 可以 吃饭 。	酒店	服务态度 很差 ， 我们 两个 女孩子 拿 了 四个 超大 的 行李箱
HUM_cat-hotel_pol-NEG_tokenise, 417	。 不会 再 选择 了 。 另外 ，	酒店	总台 接机 的 态度 超级 差 ， 一次 不好 的 入住 印象
HUM_cat-hotel_pol-NEG_tokenise, 417	印象 ， 从没 遇 过 这么 差 的	酒店	服务 了 。 其实 ， 硬件 还是 不错 的 很 典型 的
HUM_cat-hotel_pol-NEG_tokenise, 418	硬件 还是 不错 的 很 典型 的 经济型	酒店	就是 房间 很小, 卫生间 也 不大 。 并且 设施 非常 的
HUM_cat-hotel_pol-NEG_tokenise, 419	快捷酒店 的 配置 与 服务 ， 堪比 五星	酒店	的 价格 垃圾 一间 照片 是 假 的, 一个 家庭 招待所
HUM_cat-hotel_pol-NEG_tokenise, 422	服务 人员 电话 中向 我 推荐 了 此家	酒店	， 向 我 说明 这是 四星 酒店 ， 客户 评价 都 很
HUM_cat-hotel_pol-NEG_tokenise, 422	此家 酒店 ， 向 我 说明 这是 四星	酒店	， 客户 评价 都 很 好 。 住 进去 之后 ， 很
HUM_cat-hotel_pol-NEG_tokenise, 422	住 进去 之后 ， 很 疑惑 这样 的	酒店	会 有 很 好 评价 ？ 上 了 携程网 之后 ， 才
HUM_cat-hotel_pol-NEG_tokenise, 422	了 携程网 之后 ， 才 发现 ， 这个	酒店	的 用户 评价 只有 2. 2 分 ！ 这 就是 携程
HUM_cat-hotel_pol-NEG_tokenise, 422	我 住 过 的 世界 上 最差 的	酒店	！ 先看 房间 ： 上 了 电梯 ， 走廊 内 一片 黑暗
HUM_cat-hotel_pol-NEG_tokenise, 422	看 地毯 ， 脏且 不平 ， 很 明显	酒店	没有 吸尘器 或 没有 使用 吸尘器 。 看 马桶 ， 居然 有
HUM_cat-hotel_pol-NEG_tokenise, 422	同事 嫌 麻烦 ， 我 肯定 换 其他	酒店	。 忠告 所有 出差 的 兄弟 ， 宁可 住 如家 一类 的
HUM_cat-hotel_pol-NEG_tokenise, 422	的 兄弟 ， 宁可 住 如家 一类 的	酒店	， 也 千万 不要 住 这里, 只会 比 你 想象 的
HUM_cat-hotel_pol-NEG_tokenise, 422	我 感到 很 痛心 ！ 估计 是 这家	酒店	给 的 回扣 多 吧 ， 这样 的 携程 推荐 ， 只会
HUM_cat-hotel_pol-NEG_tokenise, 425	借 吹风 要 100 押金, 小气 这家	酒店	是 写字楼 改建, 无论是 整体 装修, 房间 设施, 服务
HUM_cat-hotel_pol-NEG_tokenise, 425	设施, 服务 水准 都 离 4 星级	酒店	相差 甚远. 奇怪的是, 这样 差 的 酒店 居然 好评 如潮
HUM_cat-hotel_pol-NEG_tokenise, 425	相差 甚远. 奇怪的是, 这样 差 的	酒店	居然 好评 如潮??? 请 大家 擦亮 双眼, 千万
HUM_cat-hotel_pol-NEG_tokenise, 425	大家 擦亮 双眼, 千万 不要 住 这家	酒店	. 这个 宾馆 真是 神奇: 1, 从 早上 7 点多
HUM_cat-hotel_pol-NEG_tokenise, 427	如 有 机会 再 去 不会 再选 此	酒店	. 房间 有 味道 ， 服务 实在 不敢恭维 ， 预订 的 房间
HUM_cat-hotel_pol-NEG_tokenise, 428	可气 的 是 退房 后 我 忘 在	酒店	了 衣服 ， 在 前台 办理手续 的 时候 不予 提醒 归还 ，
HUM_cat-hotel_pol-NEG_tokenise, 432	不了 优点 ： 离 机场 还是 很近 的	酒店	有 免费 的 班车 到 机场 半小时 一班 服务 不好 。 乱收费
HUM_cat-hotel_pol-NEG_tokenise, 434	满意 ！ 住 过 的 最差 的 五星级	酒店	。 房间 有 味道 ， 卫生状况 也 一般 。 房间 到 下午
HUM_cat-hotel_pol-NEG_tokenise, 441	， 房间 小 很 痛苦 的 经历,	酒店	9 楼 以上 才 是 客房, 好像 从 3 楼 还是
HUM_cat-hotel_pol-NEG_tokenise, 442	差 ， 以后 不会 再 选择 入住 该家	酒店	这 酒店 的 服务 不是 很 规范 ， 在 夜间 check in
HUM_cat-hotel_pol-NEG_tokenise, 443	以后 不会 再 选择 入住 该家 酒店 这	酒店	的 服务 不是 很 规范 ， 在 夜间 check in 感觉 就
HUM_cat-hotel_pol-NEG_tokenise, 443	check in 感觉 就 像 一般 的 私人	酒店	， 没有 你好 之类 的 问候语 ， 大堂 的 服务生 没有 主动
HUM_cat-hotel_pol-NEG_tokenise, 444	再 去 扬州, 我 肯定 要 换个	酒店	了. 真是 可笑, 入住 该 酒店 结帐 时要 多付 一袋
HUM_cat-hotel_pol-NEG_tokenise, 445	酒店 了. 真是 可笑, 入住 该	酒店	结帐 时要 多付 一袋 开心果 的 费用, 他们 点不清 自己 的
HUM_cat-hotel_pol-NEG_tokenise, 445	不再 去. 如果 要 我 给 该	酒店	评分, 我 给 它 0 分, 他们 的 服务 给
HUM_cat-hotel_pol-NEG_tokenise, 445	： 建议 大家 到 日照 时 选择 其他	酒店	, 祝 大家 在 日照 开心. 服务员 稀里糊涂 的 前面 很多
HUM_cat-hotel_pol-NEG_tokenise, 447	没 碰上 什么 尴尬 的 事情 晕倒 这家	酒店	非常 差, 大家 不要 给 它 的 外表 所 欺骗,
HUM_cat-hotel_pol-NEG_tokenise, 449	这是 北京 能 见到 的 性价比 最差 的	酒店	之一 ， 服务 不错 ， 但 设施 显然 有 问题 ， 考虑
HUM_cat-hotel_pol-NEG_tokenise, 449	不 怎样 ， 小毛 小病 不断 。 该	酒店	改名 后 ， 除了 设施 日益 陈旧 之外 ， 不 知道 还有
HUM_cat-hotel_pol-NEG_tokenise, 449	住 得 我 实在 不爽 — — 这个	酒店	这个 价格 ， 杀猪 啊 ！ 房间 潮湿, 设施 陈旧 。
HUM_cat-hotel_pol-NEG_tokenise, 455	了 ！ ！ ！ ！ 我 把 该	酒店	的 一些 设施 用 相机 照 了 下来, 作为 附件 不知
HUM_cat-hotel_pol-NEG_tokenise, 455	要求 下 才 换 的 ） 我住 进该	酒店	以后 就 发现 我 进错 了, 这 跟 那些 农民 的
HUM_cat-hotel_pol-NEG_tokenise, 455	那种 年久失修 的 样子 ， 住进 这样 的	酒店	， 有 一种 英雄 落难 的 悲凉 ； 卫生间 的 味道 很
HUM_cat-hotel_pol-NEG_tokenise, 456	来 度假 ， 带 没想到 居然 会 在	酒店	掉 颗 牙 ， 其他 不多 说 ， 退房 当天 在 西餐厅
HUM_cat-hotel_pol-NEG_tokenise, 456	房间 等 我们 消息 ” （ 在 五星级	酒店	里 发生 这种 事情 居然 是 这种 态度 来 处理 事情 ）
HUM_cat-hotel_pol-NEG_tokenise, 456	什么 赔偿 要求 ， 我 就 很 奇怪	酒店	的 思路 ， 你们 难道 认为 来 住 五星级 酒店 的 客人
HUM_cat-hotel_pol-NEG_tokenise, 456	思路 ， 你们 难道 认为 来 住 五星级	酒店	的 客人 在 酒店 发生 了 各种 意外 都 是 冲着 你们
HUM_cat-hotel_pol-NEG_tokenise, 456	认为 来 住 五星级 酒店 的 客人 在	酒店	发生 了 各种 意外 都 是 冲着 你们 赔偿 来 的 ？
HUM_cat-hotel_pol-NEG_tokenise, 456	豪华 大床 房 ， 期间 消费 了 一顿	酒店	中餐 一顿 酒店 自助餐 ， 总共 也 就 2000 多 的 金额
HUM_cat-hotel_pol-NEG_tokenise, 456	， 期间 消费 了 一顿 酒店 中餐 一顿	酒店	自助餐 ， 总共 也 就 2000 多 的 金额 ， 我 拼
HUM_cat-hotel_pol-NEG_tokenise, 456	长不出 牙 的 前提 下 为了 让 你们	酒店	免 我 这个 2000 多 的 消费 自己 把 牙 咬碎 了
HUM_cat-hotel_pol-NEG_tokenise, 456	现在 应该 如何 治疗 处理 。 第 2	酒店	对于 这件 事故 后续 如何 处理 必须 要 给 我 一个 说法
HUM_cat-hotel_pol-NEG_tokenise, 456	上海 ） 。 房务 经理 表示 要 咨询	酒店	律师 才能 给 答复 ， 早上 9: 40 分 发生 的
HUM_cat-hotel_pol-NEG_tokenise, 456	在 事发 餐厅 傻 坐 了 二 小时	酒店	就 拿出 一份 所谓 的 事故 说明 ， “ 客人 用餐 时称
HUM_cat-hotel_pol-NEG_tokenise, 456	检查 后 并未 发现 硬物 ” ， 随后	酒店	方 提出 派 人 陪同 去 当地 医院 就诊 ， 下午 在
HUM_cat-hotel_pol-NEG_tokenise, 456	陪同 去 当地 医院 就诊 ， 下午 在	酒店	陪同 下去 了 苏州 口腔医院 ， 医生 诊断 如 照片 ， 牙齿
HUM_cat-hotel_pol-NEG_tokenise, 456	马上 就要 拔掉 ， 拔 了 牙 回到	酒店	已经 下午 3 点半 ， 打算 小朋友 起床 后 回 上海 ，
HUM_cat-hotel_pol-NEG_tokenise, 456	打算 小朋友 起床 后 回 上海 ， 和	酒店	沟通 后 酒店 方 意思 需要 和 保险公司 沟通 ， 目前 至今
HUM_cat-hotel_pol-NEG_tokenise, 456	后 回 上海 ， 和 酒店 沟通 后	酒店	方 意思 需要 和 保险公司 沟通 ， 目前 至今 还 未 给
HUM_cat-hotel_pol-NEG_tokenise, 456	另 补充 下离店 时 我 已 结清 所有	酒店	的 消费 ， 酒店 现在 欠 我 一个 说法 ！ ！ ！
HUM_cat-hotel_pol-NEG_tokenise, 456	我 已 结清 所有 酒店 的 消费 ，	酒店	现在 欠 我 一个 说法 ！ ！ ！ 太脏 了 ， 厕所
HUM_cat-hotel_pol-NEG_tokenise, 458	下 一次 应该 不会 再 住 了 ！	酒店	位置 离 火车站 有点 远 ， 房间 环境 非常 一般 ， 而且
HUM_cat-hotel_pol-NEG_tokenise, 459	了 40 分钟 ， 以后 坚决 不住 这里	酒店	环境 非常 一般 ， 感觉 只是 2 星级 的 ， 酒店 外观
HUM_cat-hotel_pol-NEG_tokenise, 459	一般 ， 感觉 只是 2 星级 的 ，	酒店	外观 比较 旧 ， 店内 装修 比较 差 。 太差 了 ！
HUM_cat-hotel_pol-NEG_tokenise, 461	了 ！ 完全 不值 ！ 请 各位 注意	酒店	提供 的 饮用水 是 自来水 ， 这是 前台 服务员 说 的 。
HUM_cat-hotel_pol-NEG_tokenise, 461	说 的 。 所以 各位 千万 不能 生喝	酒店	提供 的 饮用水 。 2008 年 了 ， 北京 的 酒店 还是
HUM_cat-hotel_pol-NEG_tokenise, 461	饮用水 。 2008 年 了 ， 北京 的	酒店	还是 这种 水平 ， 真是 令人心寒 。 1 、 住 过 的
HUM_cat-hotel_pol-NEG_tokenise, 464	的 停车费 ， 抢钱 呢 ？ 感觉 这个	酒店	很 一般, 隔音 特别 不好, 窗户 都 不是 中空玻璃 的
HUM_cat-hotel_pol-NEG_tokenise, 465	房间 讲 电话, 这屋 听? 该	酒店	的 价格 和 实际 提供 的 服务 相差 比较 大 。 暖气
HUM_cat-hotel_pol-NEG_tokenise, 466	， 挤 不 进去 ， 差点 晚点 ，	酒店	态度 极差 ， 环境 一般 出租车 很 黑 ， 4 公里 要
HUM_cat-hotel_pol-NEG_tokenise, 469	。 住 过 不少 三 、 四星级 的	酒店	， 青海 宾馆 是 最让人 失望 的 一家 。 看到 网上 的
HUM_cat-hotel_pol-NEG_tokenise, 469	照片 还 不错 ， 实际上 相差 很大 。	酒店	比较 陈旧 ， 无论是 房间 的 颜色 还是 房间内 的 家具 设施
HUM_cat-hotel_pol-NEG_tokenise, 469	是 ， 我 想 把 行李 寄存 在	酒店	一下 ， 那个 问讯处 的 小姐 就 拿 一张 纸写 了 一个
HUM_cat-hotel_pol-NEG_tokenise, 472	推荐 ， 以后 再也不会 来 两个 字 差评	酒店	位置 就 在 火车站 对面 ， 车流 密集 ， 环境 也 很
HUM_cat-hotel_pol-NEG_tokenise, 474	太 心急 。 位置 不好 较 实惠 的	酒店	， 这次 住 的 时尚 房 ， 再也 不住 了 不 适合
HUM_cat-hotel_pol-NEG_tokenise, 475	四星 ！ ！ ！ 肯定 贿赂 了 评	酒店	星级 的 人 。 酒店 位于 浦东 机场 附近 ， 有 酒店
HUM_cat-hotel_pol-NEG_tokenise, 476	贿赂 了 评 酒店 星级 的 人 。	酒店	位于 浦东 机场 附近 ， 有 酒店 的 车 接送 于 机场
HUM_cat-hotel_pol-NEG_tokenise, 476	。 酒店 位于 浦东 机场 附近 ， 有	酒店	的 车 接送 于 机场 之间 ， 太闹 ， 房间 很 干净
HUM_cat-hotel_pol-NEG_tokenise, 477	周边 没 啥 吃 的 。 打车 到	酒店	后 发现 ， 门面 特别 小 而且 差 ， 很 不起眼 。
HUM_cat-hotel_pol-NEG_tokenise, 480	臭气 。 请 慎重 选择 此 宾馆 。	酒店	位置 较 偏, 而且 管理混乱. 价格 过高, 不划算.
HUM_cat-hotel_pol-NEG_tokenise, 481	需要 上网, 强烈建议 大家 不要 入住 该	酒店	. 此店 的 网络 能 把 你 给 气死. 时断时续.
HUM_cat-hotel_pol-NEG_tokenise, 482	住 的 丽晶 ， 实在 是 令人气愤 。	酒店	浴室 没有 防滑垫 ， 铺 了 个 毛巾 在 地上 冲凉 。
HUM_cat-hotel_pol-NEG_tokenise, 482	我 对 这个 所谓 在 当地 的 四星级	酒店	太 失望 了 。 酒店 没有 任何 一个 人 在 事情 发生
HUM_cat-hotel_pol-NEG_tokenise, 482	当地 的 四星级 酒店 太 失望 了 。	酒店	没有 任何 一个 人 在 事情 发生 到 现在 有个 道歉 的
HUM_cat-hotel_pol-NEG_tokenise, 482	” ， 仅此而已 。 希望 准备 入住 这个	酒店	的 朋友 要 注意 。 自己 的 平安 还是 很 重要 的
HUM_cat-hotel_pol-NEG_tokenise, 483	很 恶心 。 真不知道 标榜 四星 的 这家	酒店	怎么 还 不如 地方 上 三星 的 小 酒店 。 住此 酒店
HUM_cat-hotel_pol-NEG_tokenise, 483	怎么 还 不如 地方 上 三星 的 小	酒店	。 住此 酒店 不如 找 一家 商务 旅馆 。 环境 太吵 ，
HUM_cat-hotel_pol-NEG_tokenise, 483	地方 上 三星 的 小 酒店 。 住此	酒店	不如 找 一家 商务 旅馆 。 环境 太吵 ， 晚上 有 卡拉
HUM_cat-hotel_pol-NEG_tokenise, 486	了 ， 只要 随便 冲洗 一下 作罢 。	酒店	位置 佳 ， 出入 西街 比较 方便 ； 观景 房是 观 西街
HUM_cat-hotel_pol-NEG_tokenise, 486	吵 但 基本 不会 影响 到 睡眠 ；	酒店	对面 就是 在 携程 上 预订 自行车 的 九九 车行 ， 取车
HUM_cat-hotel_pol-NEG_tokenise, 489	差 ， 还 不如 如家 和 汉庭 。	酒店	位置 不错 ， 但是 房间 太小 ， 里面 有 异味 ， 床上
HUM_cat-hotel_pol-NEG_tokenise, 491	9 月初 去 南京, 住 的 这家	酒店	. 看 网上 评价 还 不错. 可是 到 了 酒店 后
HUM_cat-hotel_pol-NEG_tokenise, 491	网上 评价 还 不错. 可是 到 了	酒店	后 感觉 特不 舒服. 客观 评价 一下: 1. 那位
HUM_cat-hotel_pol-NEG_tokenise, 492	, 予以 更换. 但 第二天 又 由于	酒店	局部 装修, 在 早上 8: 00 左右 无水 供应,
HUM_cat-hotel_pol-NEG_tokenise, 492	三个 房间 的 优惠 。 我 对 这家	酒店	的 做法 真是太 失望 了 。 还 五星级 呢 ！ 五星级 与
HUM_cat-hotel_pol-NEG_tokenise, 496	了 110 才 制止 住 。 。 。	酒店	人员 也 无人 去 过问 ！ ！ 还 不错 ， 酒店 环境
HUM_cat-hotel_pol-NEG_tokenise, 497	无人 去 过问 ！ ！ 还 不错 ，	酒店	环境 很 好 ， 设施 很 齐全 ， 周围 是 商业街 ，
HUM_cat-hotel_pol-NEG_tokenise, 500	进门 去 门童 都 不 搭理 人 新	酒店	， 但 都 是 暗 房间 ， 感觉 怪怪的 。 酒店 做错
HUM_cat-hotel_pol-NEG_tokenise, 501	都 是 暗 房间 ， 感觉 怪怪的 。	酒店	做错 订单 ， 大 晚上 一个 人 都 没 前台 办理 入住
HUM_cat-hotel_pol-NEG_tokenise, 501	业务 不 熟悉 ， 前台 态度 差 。	酒店	硬件 还 不错 ， 软件 跟不上 前台 服务员 太 坑人 ！ 入住
HUM_cat-hotel_pol-NEG_tokenise, 503	了 半个 小时 到 最后 还 不 承认	酒店	一般般 ， 比较 陈旧 了 ， 房间 里 有 味道 服务态度 很差
HUM_cat-hotel_pol-NEG_tokenise, 507	客栈 的 两倍. 感觉 大连 好 的	酒店	也 不 多 ， 这个 酒店 房间 比较 小 ， 早餐 不大好
HUM_cat-hotel_pol-NEG_tokenise, 507	好 的 酒店 也 不 多 ， 这个	酒店	房间 比较 小 ， 早餐 不大好 。 不太好 ， 晚上 被 卡拉
HUM_cat-hotel_pol-NEG_tokenise, 512	是 豪华 套房 ， 开始 在 网上 开	酒店	新装修 后 的 照片 挺 吸引 的 ， 但 入住 后 才
HUM_cat-hotel_pol-NEG_tokenise, 514	一般 服务 一般 卫生 一般 典型 的 垃圾	酒店	， 和 同档次 的 王府 饭店 和 李汪 大酒店 差得 很 远
HUM_cat-hotel_pol-NEG_tokenise, 514	设施 差 ， 给 我 的 感觉 是	酒店	的 服务生 是 上帝 好像 我 签 了 他们 钱 似的 ，
HUM_cat-hotel_pol-NEG_tokenise, 518	度过 了 一个 寒冷 的 北京 之夜.	酒店	太老 ， 携程 订 的 酒店 房间 都 很小 ， 卫生 也
HUM_cat-hotel_pol-NEG_tokenise, 518	之夜. 酒店 太老 ， 携程 订 的	酒店	房间 都 很小 ， 卫生 也 一般 。 地理位置 还 不错 ，
HUM_cat-hotel_pol-NEG_tokenise, 519	100 米 。 唉 ， 先说 一下 这个	酒店	的 二楼 中餐馆 吧 ， 是 有 托儿 吗 ？ 这么 坑人
HUM_cat-hotel_pol-NEG_tokenise, 519	不用说 了 ， 简直 坑人 ， 再说 一下	酒店	吧 ， 这 酒店 晚上 有 打劫 的 吗 ？ 半夜 咣当
HUM_cat-hotel_pol-NEG_tokenise, 519	坑人 ， 再说 一下 酒店 吧 ， 这	酒店	晚上 有 打劫 的 吗 ？ 半夜 咣当 咣当 的 ， 这
HUM_cat-hotel_pol-NEG_tokenise, 519	出行 这么 多次 住 过 的 最差 的	酒店	， 此生 第一次 差评 ！ ！ ！ 除了 位置 距 机场 较近
HUM_cat-hotel_pol-NEG_tokenise, 521	接待 斜 着眼 说话 就 当 是 低价	酒店	的 服务 也罢. 当 整夜 的 飞机 轰鸣 加上 半夜 12
HUM_cat-hotel_pol-NEG_tokenise, 522	再 去 ， 并 告知 亲朋好友 ， 这个	酒店	完全 可以 不去! 年份 应该 长 了 ， 面积 较 小
HUM_cat-hotel_pol-NEG_tokenise, 524	高铁 五公里 多点 ， 否则 不会 选择 。	酒店	很 一般 。 根本 就 到 不了 3 星 。 无论 从
HUM_cat-hotel_pol-NEG_tokenise, 528	2008 年 的 寒冬 选择 去 尝试 这家	酒店	。 我 对 新鲜 的 事物 一向 用于 尝试 ， 愿意 给
HUM_cat-hotel_pol-NEG_tokenise, 528	太 大 ， 划不来 了 。 这个 公寓式	酒店	的 几个 致命 弱点 列举如下 ： 1 、 空调 简直 一塌糊涂 。
HUM_cat-hotel_pol-NEG_tokenise, 528	的 速度 一样 。 总体 说来 ， 这家	酒店	在 不 需要 空调 、 热水 的 季节 还 算 可以 ，
HUM_cat-hotel_pol-NEG_tokenise, 530	主楼 还是 东楼 。 还 以为 是 四星级	酒店	， 结果 到 了 之后 让 住 得 是 东楼 ， 东楼
HUM_cat-hotel_pol-NEG_tokenise, 533	司机 找 不到 此 宾馆 非常 一般 的	酒店	, 最 过分 的 是 早餐 居然 在 地下 负 一层,
HUM_cat-hotel_pol-NEG_tokenise, 533	一层, 而且 基本 没什么 吃 的!	酒店	的 位置 也 非常 一般, 四周 景色 非常 不好! 住
HUM_cat-hotel_pol-NEG_tokenise, 534	景色 非常 不好! 住 了 不少 的	酒店	, 一般 过 的 去 就 不 点评, 这次 实在 是
HUM_cat-hotel_pol-NEG_tokenise, 534	就 不 多 说 了 2. 到	酒店	门口, 礼宾 部人 在 旁边 都 不 帮忙 拿 行李,
HUM_cat-hotel_pol-NEG_tokenise, 534	味道, 这点 实在 受不了. 5.	酒店	工作人员 看 我, 象见 了 鬼, 各个 底 个头,
HUM_cat-hotel_pol-NEG_tokenise, 534	有 看到 礼宾 的 人员 翘个 脚 在	酒店	的 公用电话 打电话. (无 语) 虽然 不是 星级 酒店
HUM_cat-hotel_pol-NEG_tokenise, 534	. (无 语) 虽然 不是 星级	酒店	, 设备 差 可以 忍, 但 酒店 管理 和 serves 跟不上
HUM_cat-hotel_pol-NEG_tokenise, 534	酒店, 设备 差 可以 忍, 但	酒店	管理 和 serves 跟不上, 就 没有 竞争力. 下次 到 北京
HUM_cat-hotel_pol-NEG_tokenise, 535	咬人 ， 咬 了 十多个 小红点 。 请	酒店	消毒 工作 做好 点 。 太老 了 酒店 环境 很差 ， 服务态度
HUM_cat-hotel_pol-NEG_tokenise, 536	酒店 消毒 工作 做好 点 。 太老 了	酒店	环境 很差 ， 服务态度 也 差 ！ 而且 第二天 早上 还 不好
HUM_cat-hotel_pol-NEG_tokenise, 540	踏 糊涂 就 像 三星 十年 前 的	酒店	失望 房间 里 弥漫着 湿霉 的 气味 ， 是 那种 经年 已久
HUM_cat-hotel_pol-NEG_tokenise, 545	不值 ， 不是 特别 舒服 ， 性价比 不高	酒店	环境 及其 恶劣 ： 延安 高架路 车流 噪音 持续 一 晚 ，
HUM_cat-hotel_pol-NEG_tokenise, 545	持续 一 晚 ， 更为严重 的 是 ---	酒店	楼下 有家 营业 至 凌晨 四点 的 迪厅 ， 高 倍数 噪音
HUM_cat-hotel_pol-NEG_tokenise, 545	一直 到 它 打烊 才能 安静 。 与	酒店	理论 ， 答复 是 无法 解决 ， 有 空置 的 安静 房间
HUM_cat-hotel_pol-NEG_tokenise, 545	无法 解决 ， 有 空置 的 安静 房间	酒店	要求 我 额外 加 200 元 才能 挑换 。 这是 明着 敲诈
HUM_cat-hotel_pol-NEG_tokenise, 546	这里 。 住 过 无数个 广州 的 同价位	酒店	这间 是 最烂 的 一间 ！ 第一 ， 房间 小 的 没有
HUM_cat-hotel_pol-NEG_tokenise, 546	第一次 住 到 一家 没有 毛巾 的 烂	酒店	！ 没有 打扫 说 我们 开 了 什么 灯 我们 连灯 在
HUM_cat-hotel_pol-NEG_tokenise, 546	非常 认真 在 考虑 要 不要 去 别的	酒店	住 。 这家 连 三百块 的 公寓式 酒店 都 比不起 烂 爆
HUM_cat-hotel_pol-NEG_tokenise, 546	酒店 住 。 这家 连 三百块 的 公寓式	酒店	都 比不起 烂 爆 预定 的 时候 看见 有大床 房 是 没有
HUM_cat-hotel_pol-NEG_tokenise, 548	是 我 住 过 的 很 差 的	酒店	， 房间 隔音 很差 ， 隔壁 的 客人 电视 开 的 声音
HUM_cat-hotel_pol-NEG_tokenise, 548	一个 房间 一样 ， 很 吵 ， 另外	酒店	的 服务 更差 ， 上 一次 入住 的 时候 ， 是 一个
HUM_cat-hotel_pol-NEG_tokenise, 551	日 ： 前台 服务 实在 不怎么样 ， 我进	酒店	的 时候 一大群 前台 服务员 不 知道 在 讨论 什么 ， 愣
HUM_cat-hotel_pol-NEG_tokenise, 552	星 的 标准差 了 很 远 的 一个	酒店	个人 认为 房间 的 设施 至多 达到 1 颗星 就 足以 匹配
HUM_cat-hotel_pol-NEG_tokenise, 552	达到 1 颗星 就 足以 匹配 的 一个	酒店	由于 住 的 的 是 1 层 的 原因 吧 房间 里
HUM_cat-hotel_pol-NEG_tokenise, 555	慢 的 考验 人 的 耐心. 这个	酒店	整体 而已 比较 差. 服务 和 设施 都 不值 那个 价钱
HUM_cat-hotel_pol-NEG_tokenise, 556	个 朋友 的 帖子 ， 订 的 这个	酒店	， 但是 情况 有 的 地方 却 不 一样 ， 对比 如下
HUM_cat-hotel_pol-NEG_tokenise, 556	他们 的 任务 就是 站 在 那儿 。	酒店	的 位置 很 偏 ， 出租 很难 叫 ， 一般 要 等
HUM_cat-hotel_pol-NEG_tokenise, 556	这 功能 呢 。 一通 胡扯 ， 什么	酒店	的 门禁系统 出 故障 了 等等 ， 反正 他们 没有 错 ，
HUM_cat-hotel_pol-NEG_tokenise, 557	是 ， 出租车 非常 难 打 。 这个	酒店	除了 位置 好点 ， 没有 其他 的 优势 了 。 我 住
HUM_cat-hotel_pol-NEG_tokenise, 557	很 忙 ， 今天 上来 要说 几句 。	酒店	的 郑 董事长 对于 我 的 散客 拼团 费用 问题 作 了
HUM_cat-hotel_pol-NEG_tokenise, 557	我想会 有 更 多 朋友 去 光顾 闽泰	酒店	的 ， 也 祝 酒店 生意兴隆 我 是 2 月 13 号
HUM_cat-hotel_pol-NEG_tokenise, 557	去 光顾 闽泰 酒店 的 ， 也 祝	酒店	生意兴隆 我 是 2 月 13 号 左右 去 的 ， 定
HUM_cat-hotel_pol-NEG_tokenise, 558	人 ， 永远 都 不会 在 去 这家	酒店	。 这 是 我 住 过 携程 最烂 的 酒店 ， 纯粹
HUM_cat-hotel_pol-NEG_tokenise, 559	这 是 我 住 过 携程 最烂 的	酒店	， 纯粹 一 招待所 。 听说 靠近 南湖 ， 所以 订 一间
HUM_cat-hotel_pol-NEG_tokenise, 559	。 7 、 房间 布局 根本 不 象	酒店	， 而是 招待所 。 8 、 隔音 奇差 无比 ， 外面 任何
HUM_cat-hotel_pol-NEG_tokenise, 559	建议 携程 以后 签定 协议 单位 时 对	酒店	做 全面 了解 ， 不要 把 招待所 弄 成 酒店 ， 否则
HUM_cat-hotel_pol-NEG_tokenise, 559	全面 了解 ， 不要 把 招待所 弄 成	酒店	， 否则 会 砸牌子 的 。 看来 以后 去 嘉兴 还是 去
HUM_cat-hotel_pol-NEG_tokenise, 560	我 在 香港 住 过 的 最烂 的	酒店	。 预定 的 是 大床 房 ， 结果 第一次 给 我 一间
HUM_cat-hotel_pol-NEG_tokenise, 560	是 这个 预算 ， 情愿 去 住 离此	酒店	很近 的 香港 华美达 酒店 ， 绝对 比 这个 酒店 设试 新
HUM_cat-hotel_pol-NEG_tokenise, 560	去 住 离此 酒店 很近 的 香港 华美达	酒店	， 绝对 比 这个 酒店 设试 新 而且 离 中环 相对 较近
HUM_cat-hotel_pol-NEG_tokenise, 560	的 香港 华美达 酒店 ， 绝对 比 这个	酒店	设试 新 而且 离 中环 相对 较近 。 以前 还 住 过
HUM_cat-hotel_pol-NEG_tokenise, 560	。 以前 还 住 过 香港 华美 粤海	酒店	， 差不多 650 一天 ， 绝对 要 比 这家 好 。 不过
HUM_cat-hotel_pol-NEG_tokenise, 560	， 但 其实 价格 要 比 钱 两个	酒店	贵 好多 ！ 前台 服务态度 很差 我 是 6 月 28 好
HUM_cat-hotel_pol-NEG_tokenise, 562	掉 漆 了 以后 再也不会 住 这家 了	酒店	就是 位置 好 ， 离 机场 近 ， 房间 里 的 味道
HUM_cat-hotel_pol-NEG_tokenise, 563	我 有 一个 东西 可能 拉 在 了	酒店	， 晚上 打电话 问 他们 ， 说 服务员 下班 了 ， 要
HUM_cat-hotel_pol-NEG_tokenise, 563	通知 服务员 去查 。 不 知道 这样 的	酒店	怎么 能 号称 中国 中档 酒店 领先 品牌 ？ 我 不会 再住
HUM_cat-hotel_pol-NEG_tokenise, 563	这样 的 酒店 怎么 能 号称 中国 中档	酒店	领先 品牌 ？ 我 不会 再住 这个 酒店 。 房间 根本就是 走廊
HUM_cat-hotel_pol-NEG_tokenise, 563	酒店 领先 品牌 ？ 我 不会 再住 这个	酒店	。 房间 根本就是 走廊 通道 改建 的 ， 又 长 又 窄
HUM_cat-hotel_pol-NEG_tokenise, 564	方便 。 根本 就 不 像是 三星级 的	酒店	， 与 网上 介绍 的 相差 甚远 。 房间 很小 ， 与
HUM_cat-hotel_pol-NEG_tokenise, 565	行政 间 的 名字 不符 。 另外 这家	酒店	的 按摩 可 千万 不能 叫 ， 超级 黑 ！ 结帐 时
HUM_cat-hotel_pol-NEG_tokenise, 565	请 大家 注意 ！ 决不会 再 入住 此	酒店	。 设施 一般 ， 大堂 服务 没有 笑容 ， 其它 方面 还
HUM_cat-hotel_pol-NEG_tokenise, 568	, 现在 必须 重新考虑 谁 都 能 进	酒店	就是 不让 送 外卖 的 进 酒店 ， 弄 的 自己 酒店
HUM_cat-hotel_pol-NEG_tokenise, 568	进 酒店 就是 不让 送 外卖 的 进	酒店	， 弄 的 自己 酒店 安保 多 严格 似的 ， 酒店 这么
HUM_cat-hotel_pol-NEG_tokenise, 568	外卖 的 进 酒店 ， 弄 的 自己	酒店	安保 多 严格 似的 ， 酒店 这么 大 一定 要 客人 自己
HUM_cat-hotel_pol-NEG_tokenise, 568	的 自己 酒店 安保 多 严格 似的 ，	酒店	这么 大 一定 要 客人 自己 去 门口 取 外卖 ， 从
HUM_cat-hotel_pol-NEG_tokenise, 569	再 怎么 好 的 环境 直接 差评 ！	酒店	的 服务 很差 这是 第三次 入住 森桦苑 了 ， 由于 在 9
HUM_cat-hotel_pol-NEG_tokenise, 570	的 定单 （ 两个 大床 间 ） 上	酒店	估计 是 超卖 了 ， 入住 时 被 告知 没有 接到 携程
HUM_cat-hotel_pol-NEG_tokenise, 570	， 入住 2 个务大床 房 。 1 、	酒店	以 推委 责任 的 方式 来 处理 此事 ， 让 我 对于
HUM_cat-hotel_pol-NEG_tokenise, 570	实在 让 人 不敢恭维 ！ 大家 入住 公寓	酒店	图 的 是 价廉 、 要求 的 是 方便 、 干净 和
HUM_cat-hotel_pol-NEG_tokenise, 570	让 它 生意 淡 一阵子 ， 也许 有助于	酒店	自行 调整 一下 吧 ， 相信 对于 酒店 或者 我们 这些 客户
HUM_cat-hotel_pol-NEG_tokenise, 570	酒店 自行 调整 一下 吧 ， 相信 对于	酒店	或者 我们 这些 客户 都 不是 坏事 ！ 浦东 航空 酒店 霸王
HUM_cat-hotel_pol-NEG_tokenise, 571	这些 客户 都 不是 坏事 ！ 浦东 航空	酒店	霸王 条款 ， 预定 酒店 不能 退 ， 珍爱 生命 ， 远离
HUM_cat-hotel_pol-NEG_tokenise, 571	！ 浦东 航空 酒店 霸王 条款 ， 预定	酒店	不能 退 ， 珍爱 生命 ， 远离 航空 酒店 。 适合 旅行
HUM_cat-hotel_pol-NEG_tokenise, 571	不能 退 ， 珍爱 生命 ， 远离 航空	酒店	。 适合 旅行 ， 不 适合 商务 很 旧 的 酒店 ，
HUM_cat-hotel_pol-NEG_tokenise, 573	旅行 ， 不 适合 商务 很 旧 的	酒店	， 房间 里 又 脏 又 旧 ， 不过 床铺 的 干净
HUM_cat-hotel_pol-NEG_tokenise, 573	要求 的 ） 。 在 甘肃 的 其他	酒店	入住 时 ， 其他 的 酒店 都 自己 承担 的 ， 钱
HUM_cat-hotel_pol-NEG_tokenise, 573	的 其他 酒店 入住 时 ， 其他 的	酒店	都 自己 承担 的 ， 钱 虽然 不 多 ， 不过 可以
HUM_cat-hotel_pol-NEG_tokenise, 573	钱 虽然 不 多 ， 不过 可以 反映	酒店	的 服务水平 。 唯一 的 好处 就是 这个 酒店 可以 提供 免费
HUM_cat-hotel_pol-NEG_tokenise, 573	的 服务水平 。 唯一 的 好处 就是 这个	酒店	可以 提供 免费 接机 服务 ， 不 过来 接 的 车子 也
HUM_cat-hotel_pol-NEG_tokenise, 573	不 过来 接 的 车子 也 应该 不是	酒店	的 车子 ， 一路上 一直 询问 可否 自己 租 他 的 车子
HUM_cat-hotel_pol-NEG_tokenise, 574	的 关系, 我 是 凌晨 两点 到	酒店	的, 在 疲惫不堪 的 情况 下, 按照 预定 的 时间
HUM_cat-hotel_pol-NEG_tokenise, 576	飞机 声音 大 ， 接送车 司机 态度恶劣 ，	酒店	有 不 正规 的 东西 地段 可以 ， 这 大概 是 唯一
HUM_cat-hotel_pol-NEG_tokenise, 578	， 还 以为 会 是 一个 不错 的	酒店	， 谁知 完全 不是 那么回事 。 首先 酒店 没有 大堂 ， 是
HUM_cat-hotel_pol-NEG_tokenise, 578	酒店 ， 谁知 完全 不是 那么回事 。 首先	酒店	没有 大堂 ， 是 跟 写字楼 在 一起 的 ， check in
HUM_cat-hotel_pol-NEG_tokenise, 578	， check in 要 到 7 层 。	酒店	正门 不 在 马路边 上 ， 非常 难 找 。 因为 是
HUM_cat-hotel_pol-NEG_tokenise, 578	写字楼 所以 进进出出 很多 人 ， 完全 没有	酒店	气氛 。 前台 服务 尚可 ， 可 完全 不是 4 星 感觉
HUM_cat-hotel_pol-NEG_tokenise, 578	是 我 在 全国 入住 的 最差 的	酒店	了 。 本来 预定 了 3 天 的 房间 结果 住 了
HUM_cat-hotel_pol-NEG_tokenise, 578	时 前台 还 问 我 是不是 因为 他们	酒店	的 原因 ， 看来 也 不是 头一回 出现 这样 的 问题 了
HUM_cat-hotel_pol-NEG_tokenise, 578	丰富 点 有限 。 本来 当时 预定 这个	酒店	就是 为了 地理位置 好 ， 比较 方便 ， 但是 到 了 才
HUM_cat-hotel_pol-NEG_tokenise, 578	但是 到 了 才 发现 周围 有 很多	酒店	可以 选择 。 在 它 旁边 有 一家 12 月 1 日
HUM_cat-hotel_pol-NEG_tokenise, 578	12 月 1 日 刚刚 开业 的 海悦	酒店	， 468 元 促销价 ， 简直 是 让 我 捡 到 了
HUM_cat-hotel_pol-NEG_tokenise, 578	我 捡 到 了 大 便宜 ， 除了	酒店	大堂 比不上 君悦 ， 其他 无论是 从 硬件 设施 ， 还是 从
HUM_cat-hotel_pol-NEG_tokenise, 578	5 星 标准 。 就是 由于 是 新	酒店	房间 稍微 有些 味道 ， 希望 他们 可以 改进 。 估计 到
HUM_cat-hotel_pol-NEG_tokenise, 581	我们 半夜 退 了 房 另 找 其他	酒店	住 ！ 差评 到 极致 无线 相当于 没有 ， 信号 太 差
HUM_cat-hotel_pol-NEG_tokenise, 583	还 有点 潮 这 是 住 的 桔子	酒店	最差 的 一次 ， 房间 没窗 透风 性 很 差 ， 感觉
HUM_cat-hotel_pol-NEG_tokenise, 583	5min 才 有点 热 。 北京 的 桔子	酒店	基本 都 住 过 ， 感觉 这里 体验 最差 总体 来讲 ，
HUM_cat-hotel_pol-NEG_tokenise, 584	差 ， 基本上 是 脏乱差 的 典型 ！	酒店	的 设施 极端 简陋 ， 洗手间 里 连 浴帘 都 没有 ，
HUM_cat-hotel_pol-NEG_tokenise, 584	而且 ， 没有 挂 衣服 的 地方 。	酒店	里 的 餐厅 ， 竟然 不到 7 点去 就 已经 黑灯瞎火 了
HUM_cat-hotel_pol-NEG_tokenise, 584	黑灯瞎火 了 。 总之 比较 阴暗 老旧 的	酒店	， 条件 很 一般 。 不过 ， 地理位置 不错 ， 对面 是
HUM_cat-hotel_pol-NEG_tokenise, 586	， 还有 小吃 一条街 。 服务态度 差 ！	酒店	的 卫生 很 一般 ， 味道 比较 大 。 因为 不 确定
HUM_cat-hotel_pol-NEG_tokenise, 586	换 （ 因为 我 入住 自带 毛巾 ，	酒店	毛巾 没有 使用 只是 拿来 垫 衣服 ） ， 还是 那条 破破烂烂
HUM_cat-hotel_pol-NEG_tokenise, 588	的 朋友 要 考虑一下 ！ 很 一般 的	酒店	， 紧临 马路 ， 虽然 有 双层 窗 ， 但 还 有些
HUM_cat-hotel_pol-NEG_tokenise, 591	赶 飞机 。 。 。 挂牌 5 星	酒店	， 服务 1 星 都 不到 ， 从 下午 3 点 等待
HUM_cat-hotel_pol-NEG_tokenise, 591	从没 住 过 这么 烂 的 5 星	酒店	晚上 入住 了 说明 了 早上 一大早 的 飞机 走 、 想
HUM_cat-hotel_pol-NEG_tokenise, 594	双人间 ， 感觉 被 忽悠 ， 差评 。	酒店	早餐 真的 特别 不好 ， 品种 不多 不 说 ， 而且 还
HUM_cat-hotel_pol-NEG_tokenise, 594	不 说 ， 而且 还 不 热乎 。	酒店	环境 无功 无过 。 总结 一个 字 ： “ 差 ” ！
HUM_cat-hotel_pol-NEG_tokenise, 599	无窗 ， 像 住 地下室 ； 而且 因此	酒店	地处 繁华 地段 经营 业务 也 很多 ， 电梯 里 遇见 的
HUM_cat-hotel_pol-NEG_tokenise, 602	还是 不错 的 ， 就是 床太硬 了 ．	酒店	没 餐厅 的 ， 吃饭 不太 方便 ， 相当 与 经济 行
HUM_cat-hotel_pol-NEG_tokenise, 602	吃饭 不太 方便 ， 相当 与 经济 行	酒店	地理位置 是 公认 的 不错 ， 但是 缺点 也 不少 ， 主要
HUM_cat-hotel_pol-NEG_tokenise, 606	机场 候机楼 吃 吧 ， 免费 班车 是	酒店	的 唯一 亮点 。 比较 老 的 酒店 ， 如果 赶 飞机
HUM_cat-hotel_pol-NEG_tokenise, 607	酒店 的 唯一 亮点 。 比较 老 的	酒店	， 如果 赶 飞机 住 住 还是 可以 的 ， 服务员 很
HUM_cat-hotel_pol-NEG_tokenise, 608	， 服务员 很 冷脸 很 普通 的 一间	酒店	， 应该 说 不值 这个 价格 。 酒店 老 ， 房间 小
HUM_cat-hotel_pol-NEG_tokenise, 608	酒店 ， 应该 说 不值 这个 价格 。	酒店	老 ， 房间 小 ， 早餐 差 。 周围 正在 修路 ，
HUM_cat-hotel_pol-NEG_tokenise, 608	好 一点儿 的 饭店 ， 很难 ！ 在	酒店	吃 了 一顿饭 ， 居然 连 正规 的 餐牌 都 没有 ，
HUM_cat-hotel_pol-NEG_tokenise, 611	就 退店 ， 换 地方 住 了 。	酒店	装修 ， 档次 太低 。 浴室 很差 。 冬季 不 给 开
HUM_cat-hotel_pol-NEG_tokenise, 612	去 一定 不会 选 那里 。 太差 的	酒店	， 房间 设施 最多 2 星 。 服务 人员素质 太 差 ，
HUM_cat-hotel_pol-NEG_tokenise, 619	真是 无语 了 ， 以后 再也不会 选 这个	酒店	了 ， 想住 的 朋友 要 慎重 选择 了 ， 免得 气坏
HUM_cat-hotel_pol-NEG_tokenise, 620	选择 了 ， 免得 气坏 身体 … …	酒店	位置 还 行 ， 离 机场 十五分钟 样子 ， 还有 接送车 ，
HUM_cat-hotel_pol-NEG_tokenise, 622	， 我会 慎重考虑 下 我 的 选择 。	酒店	位置 距离 南苑 机场 打车 ￥ 31 元 。 性价比 差 。
HUM_cat-hotel_pol-NEG_tokenise, 624	！ 咬 得 我 一脸 包 ！ sb	酒店	！ 杂不去 死 ？ 这 下面 图 还有 一张 是 天花板 ！
HUM_cat-hotel_pol-NEG_tokenise, 625	垃圾 一样 ！ 没买 蚊香 千万别 住 这家	酒店	真的 非常 非常 差 ， 服务 人员 的 态度 也 极度 差
HUM_cat-hotel_pol-NEG_tokenise, 625	极差 ， 我 劝 大家 千万别 来 这家	酒店	， 而且 房间 里 连 吹风机 都 不 帮 你 收好 。
HUM_cat-hotel_pol-NEG_tokenise, 625	？ 或者 携程 怎么 推荐 这么 差 的	酒店	给 客户 ？ 如家 的 服务态度 都 没 这么 差 ， 住
HUM_cat-hotel_pol-NEG_tokenise, 625	没 这么 差 ， 住 了 那么 多	酒店	， 真是 第一次 遇到 这样 的 酒店 服务 ！ 1 、 与
HUM_cat-hotel_pol-NEG_tokenise, 625	多 酒店 ， 真是 第一次 遇到 这样 的	酒店	服务 ！ 1 、 与 携程网 之间 的 沟通 或 流程 方面
HUM_cat-hotel_pol-NEG_tokenise, 626	， 我 明明 预订 了 ， 但是 该	酒店	经 查询 后 答复 我 说 我 没有 订 ， 没有 接到
HUM_cat-hotel_pol-NEG_tokenise, 626	的 传真 。 2 、 好不容易 住进 了	酒店	， 却 不是 我订 的 双床 ， 而是 给 了 我 大床
HUM_cat-hotel_pol-NEG_tokenise, 626	的 态度 还是 很 好 。 本来 这个	酒店	我 是 住 了 好 几次 的 ， 但是 经过 这次 ，
HUM_cat-hotel_pol-NEG_tokenise, 626	经过 这次 ， 下次 再也 不去 住 这个	酒店	了 。 包括 我 的 朋友 我 也 不会 建议 他们 去入
HUM_cat-hotel_pol-NEG_tokenise, 629	看 了 其他 客户 点评 决定 预定 此	酒店	的 ， 但是 到 了 酒店 感到 非常 失望 ， 一点 也
HUM_cat-hotel_pol-NEG_tokenise, 629	预定 此 酒店 的 ， 但是 到 了	酒店	感到 非常 失望 ， 一点 也 没有 酒店 气氛 ， 正如 其他
HUM_cat-hotel_pol-NEG_tokenise, 629	酒店 感到 非常 失望 ， 一点 也 没有	酒店	气氛 ， 正如 其他 点评 所说 “ 就 一 招待所 ” 。
HUM_cat-hotel_pol-NEG_tokenise, 629	， 好像 是 家庭 作坊式 管理 ， 整个	酒店	也 是 冷冰冰 的 ， 空调 开到 30 度 一点 也 不
HUM_cat-hotel_pol-NEG_tokenise, 629	烟雾 缭绕 。 强烈建议 大家 不要 入住 次此	酒店	。 春节 期间 酒店 特价 房 168 元 和 198 元 ，
HUM_cat-hotel_pol-NEG_tokenise, 629	大家 不要 入住 次此 酒店 。 春节 期间	酒店	特价 房 168 元 和 198 元 ， 到 了 问 总台
HUM_cat-hotel_pol-NEG_tokenise, 630	元 ， 预定 要压 信用卡 ， 不能取消 。	酒店	周围环境 差 ， 内部 也 很 旧 ， 卫生 不好 ， 很脏
HUM_cat-hotel_pol-NEG_tokenise, 633	没什么 可 吃 的 。 在 携程网 预订	酒店	， 碰到 霸王 条款 ， 你 只能 被 绑架 ， 所以 建议
HUM_cat-hotel_pol-NEG_tokenise, 633	， 要不然 哑巴吃黄连 ， 有苦 说不出 。 至于	酒店	， 网上 预订 的 说好 提前 一天 可以 退房 的 ， 但
HUM_cat-hotel_pol-NEG_tokenise, 635	方便 非常 差 的 古老 的 所谓 星级	酒店	， 物非 所值 － － 洗手间 还是 古老 的 不大 清洁 的
HUM_cat-hotel_pol-NEG_tokenise, 636	是 发霉 的 ， 千万 不要 住 这个	酒店	， 我 是 一 晚上 没 睡着 ， 太差 了 ． 早餐
HUM_cat-hotel_pol-NEG_tokenise, 637	不 齐全, 一点 也 不象 四星 的	酒店	. 所以 房价 显高. 我 就 不 明白 河南 的 所谓
HUM_cat-hotel_pol-NEG_tokenise, 637	我 就 不 明白 河南 的 所谓 四星级	酒店	凭 什么 比 成都 、 南宁 等 省会 城市 的 四星 房价
HUM_cat-hotel_pol-NEG_tokenise, 642	一般 。 不值 这个 钱 。 。 。	酒店	的 建筑 很 有 特色 ， 很 喜欢 ， 就是 走廊 的
HUM_cat-hotel_pol-NEG_tokenise, 650	住 的 豪华 商务 单间 ， 首先 是	酒店	没收 到 携程 的 定单 ， 在 前台 扯 了 半天 ，
HUM_cat-hotel_pol-NEG_tokenise, 651	的 ， 真不知道 怎么 差别 那么 大 ！	酒店	过于 陈旧 ， 不 满意 。 地方 位置 好 ， 可能 是
HUM_cat-hotel_pol-NEG_tokenise, 652	满意 。 地方 位置 好 ， 可能 是	酒店	大 的 原因 ， 我 住 副 楼 ， 感觉 跟 快捷酒店
HUM_cat-hotel_pol-NEG_tokenise, 653	有生以来 住 过 最 搞笑 而 糟糕 的	酒店	酒店 位置 比较 偏远 ， 但是 在 机场 的 2 号 航站楼
HUM_cat-hotel_pol-NEG_tokenise, 654	住 过 最 搞笑 而 糟糕 的 酒店	酒店	位置 比较 偏远 ， 但是 在 机场 的 2 号 航站楼 27
HUM_cat-hotel_pol-NEG_tokenise, 654	的 2 号 航站楼 27 号 出口 有	酒店	接送 车辆 到 酒店 ， 还 算 可以 。 酒店 的 设施
HUM_cat-hotel_pol-NEG_tokenise, 654	27 号 出口 有 酒店 接送 车辆 到	酒店	， 还 算 可以 。 酒店 的 设施 环境 还 可以 接受
HUM_cat-hotel_pol-NEG_tokenise, 654	车辆 到 酒店 ， 还 算 可以 。	酒店	的 设施 环境 还 可以 接受 ， 但是 房间 的 卫生 比较
HUM_cat-hotel_pol-NEG_tokenise, 658	。 我 报案 了 ， 这个 4 星	酒店	的 保安 摄像 探头 竟然 坏 了 ， 没有 修理 ！ 保安
HUM_cat-hotel_pol-NEG_tokenise, 658	了 现金 和 信用卡 ！ 还有 ， 这家	酒店	的 态度 很差 ！ 没有 同情心 ！ 我 之前 授权 的 2000
HUM_cat-hotel_pol-NEG_tokenise, 658	国际 电话 ， 银行 说 两天 前 我入	酒店	的 2000 元 授权 了 ， 可是 酒店 的 财务 不领情 ，
HUM_cat-hotel_pol-NEG_tokenise, 658	酒店 的 2000 元 授权 了 ， 可是	酒店	的 财务 不领情 ， 说 中国银行 没有 授权 。 我 又 打
HUM_cat-hotel_pol-NEG_tokenise, 658	说 通过 了 ！ 这家 4 星级 的	酒店	不 负责 ， 认为 不 可能 发生 ， 我 报案 了 ，
HUM_cat-hotel_pol-NEG_tokenise, 658	把 这个 事件 说 给 那些 想定 这个	酒店	的 住客 。 酒店 为何 停电 ， 摄像头 坏 得 也 太
HUM_cat-hotel_pol-NEG_tokenise, 658	给 那些 想定 这个 酒店 的 住客 。	酒店	为何 停电 ， 摄像头 坏 得 也 太 凑巧 了 来 让
HUM_cat-hotel_pol-NEG_tokenise, 658	！ ！ ！ 千元 丢 了 小事 。	酒店	的 处理 态度 我 很 反感 ！ 我 强力 告诉 大家 和
HUM_cat-hotel_pol-NEG_tokenise, 658	告诉 大家 和 提醒 其他人 不要 到 该	酒店	！ 噪音 大 ， 飞机 轰鸣 ， 不舍昼夜 。 早餐 奇贵 ，
HUM_cat-hotel_pol-NEG_tokenise, 660	。 从未 住 过 态度 如此 差 的	酒店	！ 我们 两个 房间 ， 一个 房间 落 了 一块 表 ，
HUM_cat-hotel_pol-NEG_tokenise, 660	手表 和 白色 衣服 没带 ， 就 回到	酒店	， 问 阿姨 ， 阿姨 说 房间 就 只有 一块 手表 ，
HUM_cat-hotel_pol-NEG_tokenise, 660	！ 但是 白色 衣服 一直 没 找到 。	酒店	的 工作人员 也 是 相互 推诿 ， 说 要 调查 ！ 看
HUM_cat-hotel_pol-NEG_tokenise, 660	都 没 吃 ， 一肚子气 ！ 一个 五星级	酒店	， 客人 的 东西 丢 了 ， 不负 任何 责任 ！ 连
HUM_cat-hotel_pol-NEG_tokenise, 660	说 了 几句 ！ 住 了 这么 多年	酒店	还是 第一次 遇见 如此 奇葩 的 ！ ！ 消费者 权益 无法 保障
HUM_cat-hotel_pol-NEG_tokenise, 661	昨晚 给 朋友 在 携程 订 了 这间	酒店	， 一早 朋友 打电话 说 钻石项链 在 酒店 被 盗窃 了 ，
HUM_cat-hotel_pol-NEG_tokenise, 661	酒店 ， 一早 朋友 打电话 说 钻石项链 在	酒店	被 盗窃 了 ， 朋友 早上 9: 00 要 去 参加
HUM_cat-hotel_pol-NEG_tokenise, 661	， 所以 就 一大早 起来 匆忙 离开 了	酒店	， 后 开学典礼 结束 后 ， 朋友 摸 脖子 上 的 项链
HUM_cat-hotel_pol-NEG_tokenise, 661	的 项链 不见 了 ， 于是 打电话 给	酒店	去 找 ， 酒店 回复 没有 ， 于是 携程 要求 我 朋友
HUM_cat-hotel_pol-NEG_tokenise, 661	， 于是 打电话 给 酒店 去 找 ，	酒店	回复 没有 ， 于是 携程 要求 我 朋友 报警 ， 我 朋友
HUM_cat-hotel_pol-NEG_tokenise, 661	证据不足 很难 立案 ， 于是 我们 去 调看	酒店	的 监控 ， 这家 所谓 的 四星级 酒店 查房 都 是 一个
HUM_cat-hotel_pol-NEG_tokenise, 661	酒店 的 监控 ， 这家 所谓 的 四星级	酒店	查房 都 是 一个 人 ， 那个 小伙子 是 9 月份 入职
HUM_cat-hotel_pol-NEG_tokenise, 661	人 ， 那个 小伙子 是 9 月份 入职	酒店	的 ， 整个 视频 监控 是 我们 离开 酒店 后 ， 只有
HUM_cat-hotel_pol-NEG_tokenise, 661	的 ， 整个 视频 监控 是 我们 离开	酒店	后 ， 只有 他 进去 了 两次 ， 第一次 查房 （ 视频
HUM_cat-hotel_pol-NEG_tokenise, 661	十分钟 ， 出来 时 一直 看着 手机 （	酒店	经理 告诉 我们 查房 时间 一般 是 5 分钟 内 ） 这是
HUM_cat-hotel_pol-NEG_tokenise, 661	这个 事情 ， 警察 说立 不了 案 ，	酒店	只是 说 调查 。 但 反正 我 朋友 是 吃 了 大大的
HUM_cat-hotel_pol-NEG_tokenise, 661	要 小心 ， 还是 订 正规 的 四星级	酒店	五星级 酒店 。 而且 钻石 凭空 在 酒店 消失 ， 酒店 应该
HUM_cat-hotel_pol-NEG_tokenise, 661	， 还是 订 正规 的 四星级 酒店 五星级	酒店	。 而且 钻石 凭空 在 酒店 消失 ， 酒店 应该 给 一个
HUM_cat-hotel_pol-NEG_tokenise, 661	酒店 五星级 酒店 。 而且 钻石 凭空 在	酒店	消失 ， 酒店 应该 给 一个 交代 。 ctrip 标上 四星,
HUM_cat-hotel_pol-NEG_tokenise, 661	。 而且 钻石 凭空 在 酒店 消失 ，	酒店	应该 给 一个 交代 。 ctrip 标上 四星, 但 只能 用
HUM_cat-hotel_pol-NEG_tokenise, 662	金玉其外 败絮 其内 来 来 形容, 这件	酒店	外表 好看 而已, 内部 最多 和 如家 或者 7 天 这些
HUM_cat-hotel_pol-NEG_tokenise, 662	最多 和 如家 或者 7 天 这些 廉价	酒店	打平手, 我 住 过 所有 星级 的 酒店, 就是 这间
HUM_cat-hotel_pol-NEG_tokenise, 662	打平手, 我 住 过 所有 星级 的	酒店	, 就是 这间 最 不 符合 4 星 的 标准, 如果
HUM_cat-hotel_pol-NEG_tokenise, 662	北京 的 北方 佳苑 和 广州 的 华夏	酒店	为 标准 4 星 参考, 他 在 我 眼里 和 街边
HUM_cat-hotel_pol-NEG_tokenise, 662	他 在 我 眼里 和 街边 的 小	酒店	没 差别, 我 真的 不 知道 他 的 四星 从 哪里
HUM_cat-hotel_pol-NEG_tokenise, 662	连 最 基本 的 笑脸迎人 都 没有,	酒店	3 楼 的 餐厅 更是 差 极了, 而 菜单 里 没
HUM_cat-hotel_pol-NEG_tokenise, 662	的 味道 更 不敢恭维, 我 第一次 入住	酒店	后 马上 再 出去 找 酒店 的, 紫光 的 位置 也
HUM_cat-hotel_pol-NEG_tokenise, 662	第一次 入住 酒店 后 马上 再 出去 找	酒店	的, 紫光 的 位置 也 不太好, 连 沙滩 都 不能
HUM_cat-hotel_pol-NEG_tokenise, 662	亭子 听海 喝 喝茶 也 不错, 离	酒店	不远 就 有 一间 旺角 海鲜 大排档, 除了 海虾, 其他
HUM_cat-hotel_pol-NEG_tokenise, 665	员工素质 很差 。 虽然 通过 携程 订 了	酒店	后 。 到期 后想 延住 ， 携程 通知 了 没有 房间 ，
HUM_cat-hotel_pol-NEG_tokenise, 665	我 还 算 满意 ， 结果 今天 一给	酒店	打电话 ， 才 发现 又 被 那个 销售 骗 了 。 当时
HUM_cat-hotel_pol-NEG_tokenise, 665	没有 下次 了 。 如果 不 讲信用 的	酒店	。 根本 没法 住 。 酒店 的 装修 颜色 实在 比较 恐怖
HUM_cat-hotel_pol-NEG_tokenise, 666	讲信用 的 酒店 。 根本 没法 住 。	酒店	的 装修 颜色 实在 比较 恐怖, 黄 的, 红 的
HUM_cat-hotel_pol-NEG_tokenise, 667	装修 很 旧, 只能 讲究 点 这个	酒店	啊 ， 不务正业! 奉劝 该 管理层 ， 心思 用到 正 地方
HUM_cat-hotel_pol-NEG_tokenise, 669	下水 还 不好 ， 毛巾 很脏 ， 四星	酒店	? 自己 评 的 吧! 强烈 不 推荐 本 酒店 。
HUM_cat-hotel_pol-NEG_tokenise, 670	评 的 吧! 强烈 不 推荐 本	酒店	。 通过 携程 预定 了 一间 大床 房 ， 房价 580 元
HUM_cat-hotel_pol-NEG_tokenise, 670	五星 标准 。 晚上 飞机 误点 ， 到达	酒店	已经 11 点多 了 ， 以为 在 郊县 ， 外面 看 酒店
HUM_cat-hotel_pol-NEG_tokenise, 670	了 ， 以为 在 郊县 ， 外面 看	酒店	灯光 昏暗 ， 真 没 看出 五星 标准 ， 相比 上海 的
HUM_cat-hotel_pol-NEG_tokenise, 670	三星 还 不如 。 壮着 胆子 进 了	酒店	， 只有 一位 女 服务生 在 前台 。 然后 在 只有 我们
HUM_cat-hotel_pol-NEG_tokenise, 670	， 打算 去 市区 吃宵夜 。 居然 --	酒店	外面 没有 出租车 了 。 当时 晚上 十二点 左右 。 而且 马路上
HUM_cat-hotel_pol-NEG_tokenise, 670	马路上 没人 没车 。 （ 烟台 机场 到	酒店	的 时候 ， 叫 的 出租车 的 驾驶员 说 华美达 酒店 到
HUM_cat-hotel_pol-NEG_tokenise, 670	， 叫 的 出租车 的 驾驶员 说 华美达	酒店	到 市区 车程 大约 三十分钟 ， 我们 从 机场 到 酒店 花
HUM_cat-hotel_pol-NEG_tokenise, 670	车程 大约 三十分钟 ， 我们 从 机场 到	酒店	花 了 二十分钟 。 ） 只好 先进 房间 叫餐 ， 幸亏 还有
HUM_cat-hotel_pol-NEG_tokenise, 670	面积 。 打开 窗户 ， 看到 的 是	酒店	内部 中庭 。 叫餐 也 是 单子 上 的 几乎 没有 ，
HUM_cat-hotel_pol-NEG_tokenise, 670	认真 选择 的 ， 大家 好评 如潮 的	酒店	呀 。 吃饭 的 时候 我 找到 了 原因 ： 写字台 上
HUM_cat-hotel_pol-NEG_tokenise, 670	， 上面 内容 是 购买 我们 入住 的	酒店	， 可以 代为 管理 营业 ， 又 可以 每年 用于 自住 N
HUM_cat-hotel_pol-NEG_tokenise, 670	一种 理想 的 投资 方式 。 原来 这个	酒店	是 由 很多 个人 购买 的 ， 由 酒店 集中管理 经营 的
HUM_cat-hotel_pol-NEG_tokenise, 670	是 由 很多 个人 购买 的 ， 由	酒店	集中管理 经营 的 ， 收益 是 回报 那些 购买者 的 。 这
HUM_cat-hotel_pol-NEG_tokenise, 670	标准 。 我们 第三天 在 威海 的 四星	酒店	早餐 ， 比 这里 好些 ， 收 28 元 每位 。 概况
HUM_cat-hotel_pol-NEG_tokenise, 670	收 28 元 每位 。 概况 地说 ：	酒店	交通不便 ， 服务 一般 ， 装修 较 新 较 时尚 ， 如果
HUM_cat-hotel_pol-NEG_tokenise, 672	。 有 的 房间 在 地下 是 ，	酒店	位置 不好 找 。 在 小 弄 唐里 。 看 了 携程
HUM_cat-hotel_pol-NEG_tokenise, 673	其他 用户 评价 不错 就 选择 了 这家	酒店	。 挺 失望 的 前台 的 小姐 出奇 的 慢 说话 也
HUM_cat-hotel_pol-NEG_tokenise, 674	的 所以 上 洗手间 觉得 十分 尴尬 。	酒店	的 硬件 设施 还算行 ， 作为 一家 机场 附近 供 旅客 赶
HUM_cat-hotel_pol-NEG_tokenise, 674	机场 附近 供 旅客 赶 第二天 飞机 的	酒店	， 最 重要 的 服务 应该 是 机场 穿梭 巴士 服务 了
HUM_cat-hotel_pol-NEG_tokenise, 676	交通 比较 方便 ， 且 宽带 免费 。	酒店	很 陈旧 酒店 一般 ， 睡觉 被子 不 干净 ， 有 虫子
HUM_cat-hotel_pol-NEG_tokenise, 677	， 且 宽带 免费 。 酒店 很 陈旧	酒店	一般 ， 睡觉 被子 不 干净 ， 有 虫子 ， 被 咬
HUM_cat-hotel_pol-NEG_tokenise, 680	较近 ， 还 专车接送 ， 方便 中转 。	酒店	旧 了 点 ， 酒店 大门 的 保安 不够 热情 拽 得
HUM_cat-hotel_pol-NEG_tokenise, 680	方便 中转 。 酒店 旧 了 点 ，	酒店	大门 的 保安 不够 热情 拽 得 很 ， 其他 服务 还
HUM_cat-hotel_pol-NEG_tokenise, 681	要 到 客厅 去 。 千万 不要 到	酒店	的 餐厅 吃饭 ， 价钱 贵不说 了 ， 态度 极差 ， 端上来
HUM_cat-hotel_pol-NEG_tokenise, 683	携程 准备 给 我 退 定金 ， 该	酒店	却说 我 没有 去过 ， 也 不 配合 携程 来 确定 我
HUM_cat-hotel_pol-NEG_tokenise, 683	不 配合 携程 来 确定 我 在 此	酒店	住 过 的 事实 ， 最后 是 我 出示 了 信用卡 消费
HUM_cat-hotel_pol-NEG_tokenise, 684	了 信用卡 消费 记录 才 顺利 退回 定金	酒店	的 位置 太 不好 找 了 ， 有窗 的 房间 太 少
HUM_cat-hotel_pol-NEG_tokenise, 685	不 符合 我 心中 的 四星 1.	酒店	的 泳池 还 不如 比 它 小 的 酒店 漂亮 。 2
HUM_cat-hotel_pol-NEG_tokenise, 685	的 泳池 还 不如 比 它 小 的	酒店	漂亮 。 2. 在 三亚湾 又 不是 亚龙湾 ， 这个 价位
HUM_cat-hotel_pol-NEG_tokenise, 690	网 ， 都 上 不 去 ， 问	酒店	， 答 曰 坏 了 。 气愤 ！ 2. 晚上 入住
HUM_cat-hotel_pol-NEG_tokenise, 690	半天 空调 ， 竟然 还是 冷风 ， 问	酒店	， 答 曰 晚上 关 空调 。 晕 ！ 床上 只有 一
HUM_cat-hotel_pol-NEG_tokenise, 690	， 到处 找 被子 ， 无 。 问	酒店	要 ， 半小时 催 了 三次 电话 才 来 。 还是 冷
HUM_cat-hotel_pol-NEG_tokenise, 690	了 几个 人来 ， 说 了 几遍 ，	酒店	不断 去 落实 事情 真相 ， 最后 才 来 一个 自称 客服
HUM_cat-hotel_pol-NEG_tokenise, 691	面条 也 就是 长长的 方便面 而已 。 这家	酒店	是 这次 出行 住宿 中 最差 的 一家 。 朋友 转机 ，
HUM_cat-hotel_pol-NEG_tokenise, 692	帮 朋友 订 的 ， 据 朋友 反映	酒店	卫生条件 不好 ， 设施 陈旧 ， 主要 离 机场 近 ， 价格
HUM_cat-hotel_pol-NEG_tokenise, 694	的 商务 成本 越来越 高 这样 差 的	酒店	， 居然 也 能 得到 不错 的 评价 吃 ： 早餐 不是
HUM_cat-hotel_pol-NEG_tokenise, 696	听 着 飞机 的 隆隆声 再也 没 睡着	酒店	房间 味道 大 ， 不能 打印 消费 详单 整体 还 可以 ，
HUM_cat-hotel_pol-NEG_tokenise, 699	程度 很 高 ， 饭店 界 少见 ！	酒店	大堂 在 写字楼 6 楼 ， 房间 在 酒店 管理 办公室 隔壁
HUM_cat-hotel_pol-NEG_tokenise, 699	大堂 在 写字楼 6 楼 ， 房间 在	酒店	管理 办公室 隔壁 ， 和 大堂 一层 ， 五星级 酒店 竟然 没有
HUM_cat-hotel_pol-NEG_tokenise, 699	办公室 隔壁 ， 和 大堂 一层 ， 五星级	酒店	竟然 没有 衣柜 ， 没有 棉签 ， 甚至 没有 淋浴房 的 门
HUM_cat-hotel_pol-NEG_tokenise, 700	除了 交通 ， 没有 可取之处 。 对 这家	酒店	感觉 非常 的 不 满意 ， 酒店 的 服务 和 设施 以及
HUM_cat-hotel_pol-NEG_tokenise, 700	这家 酒店 感觉 非常 的 不 满意 ，	酒店	的 服务 和 设施 以及 地点 都 非常 非常 的 差 ，
HUM_cat-hotel_pol-NEG_tokenise, 700	。 。 。 莫明 。 。 。 。	酒店	的 地理位置 也 非常 不 理想 如果 想 节省时间 都 需要 打
HUM_cat-hotel_pol-NEG_tokenise, 700	了 太 多 东西 ， 相信 我 回	酒店	真的 是 一件 非常 痛苦 的 事 ， 没有 出租车 ， 没有
HUM_cat-hotel_pol-NEG_tokenise, 701	， ， 以后 再也 不敢 住 这样 的	酒店	了 ， 也 请 携程 对 用户 负责 些 ！ 本来 是
HUM_cat-hotel_pol-NEG_tokenise, 703	， 真是 能 欺骗 ！ 想不到 这家 的	酒店	信誉 都 让 前台 给 毁掉 了 ！ 而且 ， 不管 预交
HUM_cat-hotel_pol-NEG_tokenise, 703	折腾 坏 的 ， 前台 的 服务 真是	酒店	的 奇葩 ， 差劲 透 了 ！ 周边环境 差 ， 房间 卫生
HUM_cat-hotel_pol-NEG_tokenise, 706	， 实在 不值 。 服务 还 可以 ，	酒店	是 差 了 些 除了 环境 比较 好 ， 在 云龙 公园
HUM_cat-hotel_pol-NEG_tokenise, 710	一样 强硬 且 恶劣 ， 没有 看到 过	酒店	有 这样 的 服务态度 前台 接着 我 马上 打 12315 投诉 ，
HUM_cat-hotel_pol-NEG_tokenise, 712	， 地毯 很脏 ， 毛巾 破破烂烂 ， 整个	酒店	昏昏暗暗 没有 活力 ， 早饭 都 是 冷 的 ， 也 很
HUM_cat-hotel_pol-NEG_tokenise, 714	还有 人 撒酒疯 乱 敲 房门, 而	酒店	居然 没有 人来 制止, 直到 我们 打电话 联系 总台.?
HUM_cat-hotel_pol-NEG_tokenise, 715	, 直到 我们 打电话 联系 总台.?	酒店	服务员 态度 十分 差 ， 作为 服务行业 对待 客人 的 态度 十分
HUM_cat-hotel_pol-NEG_tokenise, 719	牌子 他们 还 真敢 挂 ！ 北京 的	酒店	向来 这样 ， 又 贵 又 差 ！ 房间 里面 那个 叫
HUM_cat-hotel_pol-NEG_tokenise, 719	中餐 也好 不到 哪里 去 。 还有 就是	酒店	的 电话 根本就是 乱收费 ！ 房间 里 没有 长途 价目表 ， 服务指南
HUM_cat-hotel_pol-NEG_tokenise, 720	老兄 看法 一样, 真 不知 那些 说	酒店	好 的 人 是 受人之托 还是 酒店 的 托儿. 首先 任何
HUM_cat-hotel_pol-NEG_tokenise, 720	说 酒店 好 的 人 是 受人之托 还是	酒店	的 托儿. 首先 任何 湖景 房间 都 只 可 看到 一点点
HUM_cat-hotel_pol-NEG_tokenise, 720	在 携程 订 的 湖景 标房, 来到	酒店	被 告知 标房 是 大床 房, 我 又 不是 同志,
HUM_cat-hotel_pol-NEG_tokenise, 720	和 携程 提出 我 不住 了, 谁知	酒店	说 我 进 了 房间, 要 付 一天 的 房租,
HUM_cat-hotel_pol-NEG_tokenise, 720	. 更何况 全是 你们 的 问题! 另外	酒店	大堂 超土, 建议 住 马可波罗 或 尊爵 湖畔 酒店 公寓 (
HUM_cat-hotel_pol-NEG_tokenise, 720	超土, 建议 住 马可波罗 或 尊爵 湖畔	酒店	公寓 (在 百度 可 搜到) 补充 点评 2007 年 9
HUM_cat-hotel_pol-NEG_tokenise, 721	~ {IO51 ~} 标榜 四星级 的	酒店	太 糟糕 了 ， 房间 很小 ， 设施 陈旧 ， 和 278
HUM_cat-hotel_pol-NEG_tokenise, 724	问题 很多 ， 300 多元 住 这样 的	酒店	， 很 闹心 优点 就是 地理位置 ， 到 外滩 和 南京路 走路
HUM_cat-hotel_pol-NEG_tokenise, 726	脾气 ， 有利于 修身养性 。 超级 烂 的	酒店	， 完全 不值 价格 ， 不要 上当受骗 ， 就 一 经济 酒店
HUM_cat-hotel_pol-NEG_tokenise, 726	价格 ， 不要 上当受骗 ， 就 一 经济	酒店	， 订单 房间 没有 窗订 前 不 显示 ， 订 了 以后
HUM_cat-hotel_pol-NEG_tokenise, 727	) 这 是 我 住 过 上 百家	酒店	, 第一次 被 拒绝.. 基本上 服务生 太 差劲, 完全
HUM_cat-hotel_pol-NEG_tokenise, 728	下水 很 慢 ， 一不小心 就要 水漫金山 ！	酒店	内 的 按摩 和 足疗 的 价格 就是 让 你 去 一次
HUM_cat-hotel_pol-NEG_tokenise, 731	不 和 锦江 之星 或 如家 一类 的	酒店	签定 合作 协议 呢 ？ 有钱 大家 赚 ！ 合作 相信 是
HUM_cat-hotel_pol-NEG_tokenise, 732	是 未来 社会 成功 的 硬道理 。 某些	酒店	人员 对待 顾客 不 诚恳 。 说 给 你 换 房间 ，
HUM_cat-hotel_pol-NEG_tokenise, 736	住 了 一天 我 就 换 地方 了	酒店	环境 还 行 ， 设施 老 淋浴 水量 太小 了 ， 真的
HUM_cat-hotel_pol-NEG_tokenise, 739	的 到 了 。 订单 生效 了 ，	酒店	却说 没有 房间 ， 要 住 只有 1100 的 酒店 装修 可以
HUM_cat-hotel_pol-NEG_tokenise, 740	没有 房间 ， 要 住 只有 1100 的	酒店	装修 可以 ， 但 设施 简单 ， 性价比 很 低 。 房间
HUM_cat-hotel_pol-NEG_tokenise, 743	派对 吵死 了 莫名其妙 被 要求 多付 房费	酒店	太偏 已 在 郊外 ， 出来 打车 不太 方便 ， 住宿 客人
HUM_cat-hotel_pol-NEG_tokenise, 746	不会 去 住 了. 7 点到 了	酒店	前台 打电话 问 了 楼层 说 房间 可以 入住 ， 上楼 竟然
HUM_cat-hotel_pol-NEG_tokenise, 748	至尊 房 ， 能 享受 下午茶 ， 但	酒店	全程 没有 一人 说 ， 要不是 朋友 订房 的 时候 问 了
HUM_cat-hotel_pol-NEG_tokenise, 749	干掉 的 血 ～ 非常 差 的 一家	酒店	, 虽然 前台 小姐 开房 时 对 你 郑重声明 是 " 二星级
HUM_cat-hotel_pol-NEG_tokenise, 749	龙头 部位 已经 断裂 成 两 部分,	酒店	用 黑 胶布 简单 的 绑 在 一起; 好不容易 洗完,
HUM_cat-hotel_pol-NEG_tokenise, 749	也 不 愿意 再 施舍 给 这家 破	酒店	了 --- 出得 了 这笔 钱, 俺们 受不了 这笔 气 啊
HUM_cat-hotel_pol-NEG_tokenise, 750	不太 干净. 小心 别 丢 东西 在	酒店	！ 海口 的 酒店 特别 便宜 ， 这家 也 不 例外 。
HUM_cat-hotel_pol-NEG_tokenise, 751	别 丢 东西 在 酒店 ！ 海口 的	酒店	特别 便宜 ， 这家 也 不 例外 。 不过 实际 情况 应该
HUM_cat-hotel_pol-NEG_tokenise, 753	！ ！ ！ ！ 性价比 不高 ！ 这个	酒店	唯一 值得称赞 的 是 销售部 的 一位 女士, 但是 很 抱歉
HUM_cat-hotel_pol-NEG_tokenise, 753	性价比 绝对 不 值得, 附近 的 同类	酒店	很多, 性价比 都 比 这家 好 2) 除 上面 提及
HUM_cat-hotel_pol-NEG_tokenise, 753	电影 一样 的 标准) 3) 这家	酒店	离 火车站 十分钟 的 步行 ， 我 打 了 四个 电话 都
HUM_cat-hotel_pol-NEG_tokenise, 753	最后 找到 时才 发现 ， 这是 周围 所有	酒店	里 唯一 夜间 没有 彩灯 的 ， 黑灯 瞎伙 的 确实 没
HUM_cat-hotel_pol-NEG_tokenise, 760	、 如果 可能 、 建议 最好 不住 。	酒店	房间 空调 差得 要命 ， 一入 房间 空调 已坏 了 ， 等
HUM_cat-hotel_pol-NEG_tokenise, 762	了 ， 住 到 现在 从来 没有 哪家	酒店	早餐 还要 收 小女儿 钱 的 ！ 位置 不好 ， 开车 也
HUM_cat-hotel_pol-NEG_tokenise, 764	感觉 压抑 ， 停车 还要 收费 本来 觉得	酒店	的 性价比 很 高 的 ， 结果 早上 起来 ， 发现 床单
HUM_cat-hotel_pol-NEG_tokenise, 765	血迹 ！ ！ ！ 恶心 了 一上午 。	酒店	前台 服务 差 ， 很差 ， 非常 差 ！ 欺骗 顾客 ！
HUM_cat-hotel_pol-NEG_tokenise, 765	还 不 承认 ， 这样 的 服务 真是	酒店	的 奇葩 ， 差劲 透 了 ！ 在 网上 查 了 很
HUM_cat-hotel_pol-NEG_tokenise, 768	这 是 住 过 非常 差 的 一次	酒店	。 晚上 加床 ， 对方 说 因为 你们 不 在 房间 所以
HUM_cat-hotel_pol-NEG_tokenise, 768	也 有 问题 ， 标注 的 是 豪华型	酒店	， 一直 误以为 是 五星 。 这 也 就算 了 ， 但是
HUM_cat-hotel_pol-NEG_tokenise, 768	五星 。 这 也 就算 了 ， 但是	酒店	里 洗澡 的 硬件 看 了 就 很 不 干净 ， 洗澡水
HUM_cat-hotel_pol-NEG_tokenise, 771	热水 小 了 一点 。 。 。 。	酒店	太 差 。 定 298 元 ， 前台 收 318 元 ，
HUM_cat-hotel_pol-NEG_tokenise, 775	的 大床 房 也 成 了 标间 。	酒店	坊间 很小 ， 陈旧 ， 服务 一般 吧 每次 预约 都 特别
HUM_cat-hotel_pol-NEG_tokenise, 777	。 后来 搬 到 圣地 （ 比 香港	酒店	还 新点 ） ， 也 就 凑合 吧 。 反正 在 济宁
HUM_cat-hotel_pol-NEG_tokenise, 777	反正 在 济宁 也 别 指望 有 什么	酒店	了 ， 最后 一天 终于 受不了 ， 半夜 赶到 济南 住 CROWNE
HUM_cat-hotel_pol-NEG_tokenise, 778	半夜 赶到 济南 住 CROWNE PLAZA 了 。	酒店	服务态度 还 不错 ， 就是 感觉 地点 比较 偏 ， 周围 没有
HUM_cat-hotel_pol-NEG_tokenise, 779	就 能 找到 国庆 路 。 不过 这个	酒店	的 毛巾 ， 浴巾 相当 的 旧 ， 而且 还是 黄色 的
HUM_cat-hotel_pol-NEG_tokenise, 784	在 修路. 而且 从 临时 火车站 到	酒店	的 出租车 还 绕路 ， 我明 知道 他 绕路, 心 象
HUM_cat-hotel_pol-NEG_tokenise, 785	三星 的 ， 不 知道 信阳 其他 三星	酒店	怎么样 。 补充 点评 2008 年 3 月 13 日 ： 家具
HUM_cat-hotel_pol-NEG_tokenise, 786	知道 主楼 怎么样 ， 东楼 绝对 不如 经济型	酒店	临时 订 的 过夜 酒店 ， 方便 到 浦东 机场 赶早 班
HUM_cat-hotel_pol-NEG_tokenise, 787	绝对 不如 经济型 酒店 临时 订 的 过夜	酒店	， 方便 到 浦东 机场 赶早 班 飞机 的 ， 真心 一般
HUM_cat-hotel_pol-NEG_tokenise, 792	？ 奇葩 ！ 前台 服务态度 相差 到 爆	酒店	价格 偏贵 ， 不过 卫生 还 算 可以 ， 最 容忍 不了
HUM_cat-hotel_pol-NEG_tokenise, 793	啥 可 吃 的 ， 非常 简陋 。	酒店	分 新楼 和 旧楼 ， 我订 的 标准间 在 旧 楼上 ，
HUM_cat-hotel_pol-NEG_tokenise, 794	边上 有太多 的 外资 管理 公司 管理 的	酒店	， 为什么 要 选择 这家 呢 ？ 请 各位 三思而后行 。 差劲
HUM_cat-hotel_pol-NEG_tokenise, 795	三思而后行 。 差劲 呀 ， 还 市中心 的	酒店	呢 ， 上网 还要 另外 接线 ， ４ 块钱 一 小时 ，
HUM_cat-hotel_pol-NEG_tokenise, 796	房间 ， 当天 达到 时才 4 点多 ，	酒店	就 以 房间 已开 完 了 为 理由 给 我们 安排 了
HUM_cat-hotel_pol-NEG_tokenise, 796	透气 。 但 蚊子 还是 一抓 一把 ，	酒店	解释 ： 厦门 这个 季节 就是 以 蚊子 多 著名 的 。
HUM_cat-hotel_pol-NEG_tokenise, 796	也 没有 成功 。 我 心想 换 一家	酒店	， 但 老人家 又 不想 折腾 ， 因此 在 第 3 天才
HUM_cat-hotel_pol-NEG_tokenise, 796	应该 重视 客户 的 预定 需求 ， 要求	酒店	满足 ， 如 不能 满足 要 告知 客人 ， 否则 去 到
HUM_cat-hotel_pol-NEG_tokenise, 796	满足 要 告知 客人 ， 否则 去 到	酒店	还要 生 一场 闷气 ， 什么 旅游 的 兴致 都 没有 了
HUM_cat-hotel_pol-NEG_tokenise, 798	哪儿 网 和 所谓 的 金牌 代理商 ！	酒店	服务 有待 改善 ， 酒店 内 空气 不好 服务质量 不好 ， 房间
HUM_cat-hotel_pol-NEG_tokenise, 798	金牌 代理商 ！ 酒店 服务 有待 改善 ，	酒店	内 空气 不好 服务质量 不好 ， 房间 老旧 。 一般 ， 设施
HUM_cat-hotel_pol-NEG_tokenise, 802	。 500 一 晚 可以 住 更好 的	酒店	。 后悔 吵 的 无法 睡 ， 商场 来 的 广播 声声
HUM_cat-hotel_pol-NEG_tokenise, 804	很脏 ， 不会 再 去 这 不是 星级	酒店	, 而是 一间 很差 的 招待所. 早餐 很? 酒店 环境
HUM_cat-hotel_pol-NEG_tokenise, 805	一间 很差 的 招待所. 早餐 很?	酒店	环境 真的 一般 ， 不过 作为 赶早 班机 来说 还是 不错 的
HUM_cat-hotel_pol-NEG_tokenise, 806	结果 让 我们 大跌眼镜 。 我 想 这家	酒店	以后 无论如何 我 都 不会 再 去 了 。 垃圾 中 的
HUM_cat-hotel_pol-NEG_tokenise, 808	垃圾 不 值得 这个 价 装修 很 一般	酒店	外是 烧烤 一条街 早餐 非常 简陋 ， 没 啥 吃 的 。
HUM_cat-hotel_pol-NEG_tokenise, 809	不肯 如果 不 考虑 位置 因素 ， 这种	酒店	也 就 一晚 138 元 的 水平 ， 前台 还是 在 6
HUM_cat-hotel_pol-NEG_tokenise, 809	这里 了 ， 不如 到 对面 的 深航	酒店	酒店 管理 马马虎虎 ， 只有 一楼 ， 非常 长 ， 跟 迷宫
HUM_cat-hotel_pol-NEG_tokenise, 810	了 ， 不如 到 对面 的 深航 酒店	酒店	管理 马马虎虎 ， 只有 一楼 ， 非常 长 ， 跟 迷宫 一样
HUM_cat-hotel_pol-NEG_tokenise, 810	。 前台 服务 很差 ， 比 一般 连锁	酒店	还 差 ， 跟 他 说话 爱 搭 不理 ， 以后 不会
HUM_cat-hotel_pol-NEG_tokenise, 811	不理 ， 以后 不会 再 住 了 。	酒店	房间 设施 比较 差 ， 卫生 也 一般 ， 有股 味道 。
HUM_cat-hotel_pol-NEG_tokenise, 814	, 根本 没有 星, 好 旧 的	酒店	, 除了 房间 大, 东西 旧得 吓人, 毛巾 在 面盆
HUM_cat-hotel_pol-NEG_tokenise, 817	服务员 态度生硬 ， 位置 也 较 偏僻 。	酒店	根本 没有 四星, 整个 楼里 找 不到 几个 服务生, 而且
HUM_cat-hotel_pol-NEG_tokenise, 818	, 服务生 也 不 引导, 混乱!	酒店	环境 不好 ， 气氛 也 不好 ， 我 和 老婆 刚刚 住
HUM_cat-hotel_pol-NEG_tokenise, 820	。 是 我 住 过 的 最差 的	酒店	了 。 郁闷 ！ 这个 酒店 的 前身 听 别人 说 是
HUM_cat-hotel_pol-NEG_tokenise, 821	最差 的 酒店 了 。 郁闷 ！ 这个	酒店	的 前身 听 别人 说 是 乐山 驻 成都 的 招待所 ，
HUM_cat-hotel_pol-NEG_tokenise, 821	乐山 驻 成都 的 招待所 ， 现在 改成	酒店	了 ， 房间 里面 的 设施 不好 ， 我定 的 是 单人间
HUM_cat-hotel_pol-NEG_tokenise, 822	话 ， 别住 在 这里 自寻烦恼 了 。	酒店	着实 很 旧, 旁边 都 有 很 好 的 酒店,
HUM_cat-hotel_pol-NEG_tokenise, 822	旧, 旁边 都 有 很 好 的	酒店	, 吃饭 比较 不 容易 找 地方, 旁边 都 是 咖啡店
HUM_cat-hotel_pol-NEG_tokenise, 822	小镇, 怎么 消费 还 那么 高.	酒店	价格 与 实际 设施 严重 不符. 不划算. 设施 一般 ，
HUM_cat-hotel_pol-NEG_tokenise, 827	, 很差, 看 完 很 差想 换	酒店	, 他们 竟 跟 我 要 服务费. 也 没待 那 房间
HUM_cat-hotel_pol-NEG_tokenise, 831	春节 前往 香港 度假 ， 入住 富豪 东方	酒店	。 该 酒店 价格 不低 ， 可 条件 却 不 高 。
HUM_cat-hotel_pol-NEG_tokenise, 831	度假 ， 入住 富豪 东方 酒店 。 该	酒店	价格 不低 ， 可 条件 却 不 高 。 交通不便 ， 服务
HUM_cat-hotel_pol-NEG_tokenise, 831	亲 ， 对 祖国大陆 客人 完全 两样 。	酒店	的 位置 很 蹩脚 ， 很难 叫 到 出租车 ， 小巴 很近
HUM_cat-hotel_pol-NEG_tokenise, 833	跟不上 ， 国庆 期间 ， 下午 三点 多到	酒店	也 没有 预定 好 的 房型 ， 我要 的 是 标间 ，
HUM_cat-hotel_pol-NEG_tokenise, 833	6 点 结束 ， 没法 理解 这是 五星级	酒店	， 从来 没 遇到 过 ， 只有 泳池 服务 是 到 晚上
HUM_cat-hotel_pol-NEG_tokenise, 834	只有 泳池 服务 是 到 晚上 11 点	酒店	历史悠久 ， 但 设备陈旧 ， 还 发现 蟑螂 。 四星级 名 不
HUM_cat-hotel_pol-NEG_tokenise, 834	。 在 上海 住 过 性价比 最差 的	酒店	。 被子 是 湿 的 ， 态度 跟 一般 ， 不过 有
HUM_cat-hotel_pol-NEG_tokenise, 837	， 方便 赶 航班 。 性价比 差 一进	酒店	就 闻到 一股 刺鼻 的 难闻 味道 ， 房间 也 如此 ，
HUM_cat-hotel_pol-NEG_tokenise, 838	退房 离开 第一次 入住 这么 糟糕 的 三星级	酒店	, 比 招待所 还 差 。 一 、 相当 的 脏 ，
HUM_cat-hotel_pol-NEG_tokenise, 842	， 15 元 的 早餐 还 行 。	酒店	位置 没得说 ， 静安寺 边上 。 但是 房间 里 一股 子 怪味
HUM_cat-hotel_pol-NEG_tokenise, 844	不好 屋内 环境 一般 插座 也 不能 用	酒店	总体 感觉 太差 了, 房间 脏, 旧 。 晚上 入住
HUM_cat-hotel_pol-NEG_tokenise, 845	们 千万 不要 去 住 。 1 ，	酒店	不能 刷 visa 卡 ， 因为 随行 有 一个 老外 ， 最后
HUM_cat-hotel_pol-NEG_tokenise, 845	我 真的 很 难过 定 了 这么 一家	酒店	， 我 对 携程 也 很 有 意见 。 对于 出入 机场
HUM_cat-hotel_pol-NEG_tokenise, 846	为 由 反复 推脱 ， 几次 电话 问询	酒店	态度 也 非常 冷淡 ， 房间 只 准备 了 一条 薄 被子
HUM_cat-hotel_pol-NEG_tokenise, 847	好 。 我 觉得 今后 还是 去 其他	酒店	比较 好 。 房间 很 旧 ， 有 霉味 ， 居然 还有
HUM_cat-hotel_pol-NEG_tokenise, 848	！ ！ ！ 以 这样 的 设施 ，	酒店	的 价格 太高 了 ， 并且 在 当地 这家 酒店 的 价格
HUM_cat-hotel_pol-NEG_tokenise, 848	价格 太高 了 ， 并且 在 当地 这家	酒店	的 价格 也 是 高 的 。 要不是 这家 酒店 在 火车站
HUM_cat-hotel_pol-NEG_tokenise, 848	价格 也 是 高 的 。 要不是 这家	酒店	在 火车站 附近 ， 比较 方便 ， 真是 没有 可取之处 了 ！
HUM_cat-hotel_pol-NEG_tokenise, 851	实在 连 3 星级 都 算不上 就 五星级	酒店	的 要求 来说 ， 硬件 设施 有待 改善 。 其实 酒店 最大
HUM_cat-hotel_pol-NEG_tokenise, 851	来说 ， 硬件 设施 有待 改善 。 其实	酒店	最大 的 卖点 就是 旁边 的 盘门 景区 ， 这个 景点 还是
HUM_cat-hotel_pol-NEG_tokenise, 859	本 以为 市长 大厦 是 比较 新 的	酒店	， 可一 进门 就 感觉 很 失望 — — 大堂 超级 的
HUM_cat-hotel_pol-NEG_tokenise, 859	我 说 我 住 过 国内 很多 家	酒店	， 从 没听说过 这种 无理 的 要求 。 而且 携程 的 预订
HUM_cat-hotel_pol-NEG_tokenise, 859	规定 。 前台 小姐 回答 我 “ 我们	酒店	就是 这么 规定 的 ” （ 竟然 连句 抱歉 的话 都 没有
HUM_cat-hotel_pol-NEG_tokenise, 859	差 ， 下次 不会 再 考虑 入住 该	酒店	！ 虽说 合肥 的 酒店 及 服务 比较 差能 理解, 但
HUM_cat-hotel_pol-NEG_tokenise, 860	考虑 入住 该 酒店 ！ 虽说 合肥 的	酒店	及 服务 比较 差能 理解, 但 没见 过 这么 差 的
HUM_cat-hotel_pol-NEG_tokenise, 860	房间 简直 就是 垃圾 房拼 的, 而且	酒店	还 说 通过 携程 订 的 房间 就是 这种 房, 而且
HUM_cat-hotel_pol-NEG_tokenise, 860	而且 还是 最差 的, 要么 就 在	酒店	前台 订, 房价 一样 房间 却 要 好 很多......
HUM_cat-hotel_pol-NEG_tokenise, 860	....... 晕! 强烈 谴责 此	酒店	的 做法! 坚决 不会 再 入住 该 酒店! 火车站 旁边
HUM_cat-hotel_pol-NEG_tokenise, 860	的 做法! 坚决 不会 再 入住 该	酒店	! 火车站 旁边 有个 邮政 宾馆 还 可以 这个 价格 与 这个
HUM_cat-hotel_pol-NEG_tokenise, 862	整体 有点 招待所 的 感觉 ， 性价比 不好	酒店	太脏且 设施 陈旧 ， 不 符合 三星 标准 ， 前台 价格 低于
HUM_cat-hotel_pol-NEG_tokenise, 864	携程 价格 设备陈旧 一个月 内住 了 四次 这	酒店	， 我 都 认识 前台 这 几个 人 了 ， 可 每次
HUM_cat-hotel_pol-NEG_tokenise, 864	我 见 过 的 唯一 一家 4 星	酒店	， 结帐 后 只 说 可以 了 ， 从不 说 欢迎 下次
HUM_cat-hotel_pol-NEG_tokenise, 865	房间 太 昏暗 ， 很 压抑 。 老牌	酒店	停车 要钱 不是 很 习惯 有点 晕 地理位置 还 可以 ， 房间
HUM_cat-hotel_pol-NEG_tokenise, 868	了 。 老店 ， 什么 都 老 ！	酒店	很大 ， 房间 很 老 ， 接驳 车 每 半小时 一班 房间
HUM_cat-hotel_pol-NEG_tokenise, 870	打 75 分 。 真的 为了 方便 ，	酒店	有 来回 车 接送 ， 过路 没 讲究 。 传说 中 的
HUM_cat-hotel_pol-NEG_tokenise, 871	。 稍微 晚去 就 排队 加 排队 。	酒店	周围 都 是 卖 土特产 ， 水果店 和 小 便利店 （ 杂货店
HUM_cat-hotel_pol-NEG_tokenise, 872	到 后 发现自己 被 误导 了, 这个	酒店	较 旧, 感觉 很脏, 服务 一般. 旁边 有 很多
HUM_cat-hotel_pol-NEG_tokenise, 872	很脏, 服务 一般. 旁边 有 很多	酒店	, 没 进去, 但 感觉 比格 桑要 好. 下次 去
HUM_cat-hotel_pol-NEG_tokenise, 875	. 这 是 我 在 携程 定过 的	酒店	中 最差 的 ， 价钱 又 贵 ， 以后 不会 再 住
HUM_cat-hotel_pol-NEG_tokenise, 877	郊区 ， 周围环境 还 算 比较 安静 。	酒店	地理位置 比较 比较 偏僻 ， 不过 穿过 两条 马路 就是 石老人 沙滩
HUM_cat-hotel_pol-NEG_tokenise, 877	不过 穿过 两条 马路 就是 石老人 沙滩 。	酒店	前台 对 客人 比较 怠慢 ， 特别 是 女服务员 ， 脸上 几乎
HUM_cat-hotel_pol-NEG_tokenise, 877	热情 的 ， 这个 后面 我会 提到 。	酒店	房间 设施 感觉 一般 ， 我定 的 是 豪华 房 ， 感觉
HUM_cat-hotel_pol-NEG_tokenise, 877	中文 标注 的 字体 很 不 明显 。	酒店	地址 偏远 ， 附近 没有 什么 好 的 饭店 ， 酒店 内
HUM_cat-hotel_pol-NEG_tokenise, 877	， 附近 没有 什么 好 的 饭店 ，	酒店	内 的 饭店 也 在 装修 ， 只有 咖啡厅 和 韩国 餐厅
HUM_cat-hotel_pol-NEG_tokenise, 877	热切 怀念 之前 两天 住 的 太平 角如家	酒店	10 元 的 自主 早餐 了 。 点 完餐 ， 因为 有
HUM_cat-hotel_pol-NEG_tokenise, 877	情况 应该 去 医院 ， 他 要 和	酒店	领导 说 一下 ， 我们 很 是 感动 ， 说实话 ， 到
HUM_cat-hotel_pol-NEG_tokenise, 877	很 是 感动 ， 说实话 ， 到 了	酒店	以后 就 这个 服务生 最 热情 了 ， 可 后来 直到 我们
HUM_cat-hotel_pol-NEG_tokenise, 877	享受 了 星级 的 服务 ， 我 想	酒店	的 设施 固然 能 吸引 不少 客人 ， 但 发自内心 的 微笑
HUM_cat-hotel_pol-NEG_tokenise, 878	最 在乎 的 。 这是 第三次 入住 该	酒店	， 之前 两次 分别 是 2010 年 9 月 ， 2012 年
HUM_cat-hotel_pol-NEG_tokenise, 879	住 过 的 这么 差 的 5 星级	酒店	, 一家人 开车 去 玩, 8 月 8 日 通过 携程
HUM_cat-hotel_pol-NEG_tokenise, 879	居然 里面 已住 了 客人, 5 星级	酒店	出现 钥匙 牌 搞错 这种 情况 真是 闻所未闻. 换房 后 晚上
HUM_cat-hotel_pol-NEG_tokenise, 879	情况 真是 闻所未闻. 换房 后 晚上 在	酒店	的 " 亭 下 " 厅 吃饭 居然 在 汤圆 里 吃
HUM_cat-hotel_pol-NEG_tokenise, 879	灰尘, 很 呕心, 这种 5 星级	酒店	真是 连 3 星 都 不如, 真是太 差太差 了. 旁边
HUM_cat-hotel_pol-NEG_tokenise, 881	洗手间 地下 漏水 鞋撑 在 云南 的 协议	酒店	少得 可怜 ， 应该 下大力气 多 做些 工作 ， 把 如家 的
HUM_cat-hotel_pol-NEG_tokenise, 881	住 的 地方 啦 。 和 当地 大多数	酒店	一样 ， 上网 在 这里 是 很 奢侈 的 ， 非要 住
HUM_cat-hotel_pol-NEG_tokenise, 881	感兴趣 的 。 建议 要 在 大理 住	酒店	的 朋友 ， 开发区 这边 的 酒店 有 很多 ， 看起来 还
HUM_cat-hotel_pol-NEG_tokenise, 881	住 酒店 的 朋友 ， 开发区 这边 的	酒店	有 很多 ， 看起来 还 不错 。 头 一晚 在 这里 歇歇脚
HUM_cat-hotel_pol-NEG_tokenise, 884	好 ， 餐厅 菜品 少 ， 服务态度 一般	酒店	的 很多 房间 没有 窗户 ， 我 的 房间 当然 也 没有
HUM_cat-hotel_pol-NEG_tokenise, 884	当然 也 没有 窗户 ， 这 填补 了	酒店	入住 的 一项 “ 空白 ” ， 但 有 幽闭 症 的
HUM_cat-hotel_pol-NEG_tokenise, 884	幽闭 症 的 人 需要 非常 慎重 ；	酒店	也 没有 餐厅 ， 如果 您 有 早餐券 那么 早晨 会 提供
HUM_cat-hotel_pol-NEG_tokenise, 885	这次 的 入住 体验 比 上次 差太多 。	酒店	貌似 找 不到 客人 以前 的 入住 信息 ， 房间 这次 安排
HUM_cat-hotel_pol-NEG_tokenise, 886	， 每次 打开 都 好 恶心 … …	酒店	开业 较 早, 硬件 设施 老化 严重, 1 天 之内
HUM_cat-hotel_pol-NEG_tokenise, 887	然后 提 着 大箱子 上楼 ， 什么 烂	酒店	！ ！ ！ ！ ！ 连 个 电梯 都 没有 。 （
HUM_cat-hotel_pol-NEG_tokenise, 889	有 的 冷若冰霜 ， 不可 一概而论 。 该	酒店	338 元 / 标间 价格 绝对 不值, 不 知道 航空 酒店
HUM_cat-hotel_pol-NEG_tokenise, 889	标间 价格 绝对 不值, 不 知道 航空	酒店	定价 标准 是 什么. 马桶 根本 没有 消毒, 前天 晚上
HUM_cat-hotel_pol-NEG_tokenise, 893	内 了 ~ 这是 一家 军产 的 老	酒店	。 此次 入住 的 是 东苑 ， 房屋 狭长 ， 房间内 的
HUM_cat-hotel_pol-NEG_tokenise, 894	房间 。 不知 问题 出 在 哪里 ？	酒店	在 十字路口 ， 入夜 都 非常 嘈杂 ， 主要 是 汽车 长
HUM_cat-hotel_pol-NEG_tokenise, 895	携程 订房 以来 所 遇到 的 最烂 的	酒店	了 ， 居然 还是 4 星 的 。 理由 如下 ： 1
HUM_cat-hotel_pol-NEG_tokenise, 895	星 的 。 理由 如下 ： 1 ，	酒店	所 提供 的 房间 是 临窗 的 ， 下面 就是 一座 立交桥
HUM_cat-hotel_pol-NEG_tokenise, 895	。 4 ， 电梯 太慢 5 ， 整个	酒店	的 小姐 特别 多 ， 而且 完全 不 分 白天黑夜 的 到处
HUM_cat-hotel_pol-NEG_tokenise, 895	其实 就是 一瓶 水 。 我们 刚刚 入住	酒店	， 酒店 的 前台 经理 （ 后来 才 知道 ） 打电话 告诉
HUM_cat-hotel_pol-NEG_tokenise, 895	一瓶 水 。 我们 刚刚 入住 酒店 ，	酒店	的 前台 经理 （ 后来 才 知道 ） 打电话 告诉 我们 ：
HUM_cat-hotel_pol-NEG_tokenise, 895	后来 才 知道 ） 打电话 告诉 我们 ：	酒店	冰箱 的 可乐 和 鲜橙多 是 免费 的 。 想着 有 携程
HUM_cat-hotel_pol-NEG_tokenise, 895	知道 携程 有 份 参与 没有 ， 只是	酒店	坚持 必须 买单 我们 就 非常 不 舒服 ， 哪有 星级 酒店
HUM_cat-hotel_pol-NEG_tokenise, 895	我们 就 非常 不 舒服 ， 哪有 星级	酒店	这么 干 的 ， 客户 与 酒店 产生 异议 的 时候 ，
HUM_cat-hotel_pol-NEG_tokenise, 895	星级 酒店 这么 干 的 ， 客户 与	酒店	产生 异议 的 时候 ， 从来 都 是 酒店 主动 让步 的
HUM_cat-hotel_pol-NEG_tokenise, 895	产生 异议 的 时候 ， 从来 都 是	酒店	主动 让步 的 ， 切 ！ 补充 点评 2007 年 10 月
HUM_cat-hotel_pol-NEG_tokenise, 896	接线 小姐 电话 里 说 ， 这 间	酒店	客人 反应 很 好 ， 我们 才 入住 。 谁 知道 入住
HUM_cat-hotel_pol-NEG_tokenise, 896	如此 恶劣 ， 建议 大家 不要 入住 这家	酒店	。 之前 我 点评 过 一次 ， 估计 是 没有 写 证据
HUM_cat-hotel_pol-NEG_tokenise, 897	故意 扭过头去 装作 没有 看见 。 2 ，	酒店	没有 任何 指引 服务 ， 感觉 还 不如 如家 的 服务员 素质
HUM_cat-hotel_pol-NEG_tokenise, 897	6 ， 总之 以后 都 不会 住 这个	酒店	了 ， 不要 钱 免费 住 也 不 去 了 。 真的
HUM_cat-hotel_pol-NEG_tokenise, 899	环境 惨不忍睹 大家 千万 不要 去 住 这间	酒店	; 那里 的 服务员 好像 你 欠 了 钱 一样; 特别
HUM_cat-hotel_pol-NEG_tokenise, 899	我 现在 只能 每去 一个 地方 跟 人	酒店	去 了 协议 了! 这 是 我 住 酒店 以来 碰到
HUM_cat-hotel_pol-NEG_tokenise, 900	了 协议 了! 这 是 我 住	酒店	以来 碰到 最 郁闷 和 龌龊 的 酒店, 我 是 带
HUM_cat-hotel_pol-NEG_tokenise, 900	酒店 以来 碰到 最 郁闷 和 龌龊 的	酒店	, 我 是 带 着 快 8 个 月 的 儿子 自己
HUM_cat-hotel_pol-NEG_tokenise, 900	需要 有个 好 环境, 才 决定 来此	酒店	开 一间 大床 房, 入住 的 是 我 妈 我 媳妇
HUM_cat-hotel_pol-NEG_tokenise, 900	, 儿子 怕 热闹 的 厉害, 和	酒店	交涉 了 一下, 结果 给 我们 扛 了 把 落地 风扇
HUM_cat-hotel_pol-NEG_tokenise, 900	水土不服, 所以 我们 也 没有 去 找	酒店	. 到 了 酒店 开始 我 就 把 车 停 在 了
HUM_cat-hotel_pol-NEG_tokenise, 900	也 没有 去 找 酒店. 到 了	酒店	开始 我 就 把 车 停 在 了 停车场 (正规 的
HUM_cat-hotel_pol-NEG_tokenise, 900	了 有 一米 多长, 立刻 叫 了	酒店	人员, 结果 他们 来 的 人 先是 拿布 擦, 之后
HUM_cat-hotel_pol-NEG_tokenise, 900	的 让 报下 交警, 我 也 让	酒店	的 人报 了 交警, 交警 来 了, 他们 一个 人
HUM_cat-hotel_pol-NEG_tokenise, 900	的 婚礼, 急 啊. 我 问	酒店	怎么 处理, 他们 让 我 先 处理 保险 和 自己 的
HUM_cat-hotel_pol-NEG_tokenise, 900	熟人 保险公司 同意 承担 70 % 我 告诉	酒店	30 % 要 酒店 承担, 他们 当时 同意 了, 说
HUM_cat-hotel_pol-NEG_tokenise, 900	70 % 我 告诉 酒店 30 % 要	酒店	承担, 他们 当时 同意 了, 说 你 先 去 办事
HUM_cat-hotel_pol-NEG_tokenise, 900	你 先 去 办事 我们 这么 大 的	酒店	在 这 不会 跑 的. 结果 等 我 再有 时间 回来
HUM_cat-hotel_pol-NEG_tokenise, 900	我 再有 时间 回来 处理 这事 的 时候	酒店	的 人员 告诉 我 上报 了 以后 领导 不 同意 承担 30
HUM_cat-hotel_pol-NEG_tokenise, 900	560 元, 我 承担 240 元,	酒店	承担 238 元 的 50 % 119 元. 这样 的 4
HUM_cat-hotel_pol-NEG_tokenise, 902	二楼 白白 教 了 35 停车费 真是 操蛋	酒店	也 就 转机 入住 ， 酒店 房间 里面 酒水 饮料 什么 都
HUM_cat-hotel_pol-NEG_tokenise, 902	真是 操蛋 酒店 也 就 转机 入住 ，	酒店	房间 里面 酒水 饮料 什么 都 没有 ， 一般 吧 。 房间
HUM_cat-hotel_pol-NEG_tokenise, 908	插头 也 少 的 可怜 旧楼 改建 的	酒店	， 期望 不要 太高 。 酒店 经理 的 态度 很 好 ，
HUM_cat-hotel_pol-NEG_tokenise, 908	改建 的 酒店 ， 期望 不要 太高 。	酒店	经理 的 态度 很 好 ， 会 帮助 解决问题 。 有 一位
HUM_cat-hotel_pol-NEG_tokenise, 910	太晚 ， 不想 回家 捣腾 ， 而且 看到	酒店	有 往返 机场 的 接机 班车 ， 所以 打算 住 一晚 再
HUM_cat-hotel_pol-NEG_tokenise, 911	实在 想不通 CTRIP 怎么 会 推广 这样 的	酒店	， 真是 让 人 觉得 要么 酒店 欺骗 了 CTRIP 的 考察组
HUM_cat-hotel_pol-NEG_tokenise, 911	的 酒店 ， 真是 让 人 觉得 要么	酒店	欺骗 了 CTRIP 的 考察组 ， 要么 就是 CTRIP 没有 负责 任
HUM_cat-hotel_pol-NEG_tokenise, 911	年 7 月 17 日 ： 刚刚 接到	酒店	高层 的 的 致歉 电话 ， 态度 非常 诚恳 ， 再三 承诺
HUM_cat-hotel_pol-NEG_tokenise, 911	之际 把 富凯 打 造成 名副其实 的 四星	酒店	， 让 国内外 旅客 快乐 而 至 满意 而 归 。 态度
HUM_cat-hotel_pol-NEG_tokenise, 914	大 。 周围 没有 餐馆 ， 只能 在	酒店	内 吃 ， 服务生 服务 有待 提高 ， 特别 不 满意 的
HUM_cat-hotel_pol-NEG_tokenise, 916	总之 不太 舒服 藏 在 写字楼 上 的	酒店	， 房间 大 ， 交通 也 方便 ， 就是 卫生 差 ，
HUM_cat-hotel_pol-NEG_tokenise, 917	， 就是 卫生 差 ， 服务态度 差 。	酒店	很差 ， 虽然 挂牌 4 星 ， 但 只有 准 3 星
HUM_cat-hotel_pol-NEG_tokenise, 917	四星 。 希望 Ctrip 找 好 一点 的	酒店	， 当地 的 假日 的 价格 又 有点 高 ， 虽然 没住
HUM_cat-hotel_pol-NEG_tokenise, 921	唯一 优点 跟 机场 近 总体 来看 ，	酒店	价高 ， 设施 差 ， 不 值得 推荐 。 价格 338 元
HUM_cat-hotel_pol-NEG_tokenise, 923	身 ！ 什么 五星级 啊 ， 连 四星	酒店	都 比不上 ！ 地址 位置 挺 好 ， 酒店 入口 不 明显
HUM_cat-hotel_pol-NEG_tokenise, 924	都 比不上 ！ 地址 位置 挺 好 ，	酒店	入口 不 明显 比较 难 找 ， 房间 夏天 出门 取卡 就
HUM_cat-hotel_pol-NEG_tokenise, 927	. 早晨 起来, 赶紧 逃走. 这个	酒店	根本 不是 5 星 ， 骗人 ， 他们 的 服务 和 设备
HUM_cat-hotel_pol-NEG_tokenise, 927	极端 恶劣 ， 请 大家 不要 住 这个	酒店	。 靠近 机场 ， 有 专车 半小时 一班 ， 方便快捷 。 酒店
HUM_cat-hotel_pol-NEG_tokenise, 929	， 有 专车 半小时 一班 ， 方便快捷 。	酒店	房间 太 封闭 ， 空气 不 流通 ， 这个 价位 住 这样
HUM_cat-hotel_pol-NEG_tokenise, 933	， 基本 的 礼仪 都 做 不到 ！	酒店	位置 比 地址 说明 上 的 偏 多 了 ， 接近 市郊
HUM_cat-hotel_pol-NEG_tokenise, 933	的 牌子 都 没 打出 ， 失望 。	酒店	外观 还 算 过得去 ， 大堂 却 很 一般 （ 有点像 旅社
HUM_cat-hotel_pol-NEG_tokenise, 936	晚 了 所以 订单 被 取消 。 但是	酒店	大堂 居然 没有 通过 ctrip 与 作出 预定 的 我 联系 ，
HUM_cat-hotel_pol-NEG_tokenise, 936	， 而是 跟 客人 推荐 附近 的 其他	酒店	。 因为 当时 已经 晚上 八点 ， 客人 无可奈何 只能 听任 酒店
HUM_cat-hotel_pol-NEG_tokenise, 936	已经 晚上 八点 ， 客人 无可奈何 只能 听任	酒店	的 安排 ， 最后 给 他 找 了 一家 附近 的 三星
HUM_cat-hotel_pol-NEG_tokenise, 936	给 他 找 了 一家 附近 的 三星	酒店	， 但是 价格 居然 要 一千六百 多 块钱 。 更 过份 的
HUM_cat-hotel_pol-NEG_tokenise, 936	了 。 订单 被 取消 无可厚非 ， 但是	酒店	的 做法 也 太 不 妥当 了 ， 跟 ctrip 投诉 之后
HUM_cat-hotel_pol-NEG_tokenise, 936	之前 好几年 公司 都 用 ctrip 作 一些	酒店	预定 的 ， 这件 事 之后 以后 都 不会 再用 了 。
HUM_cat-hotel_pol-NEG_tokenise, 941	为 泳池 。 结果 到 了 房间 发现	酒店	外立面 整修 ， 所有 窗户 被 蒙上 塑料薄膜 ， 还有 工人 在
HUM_cat-hotel_pol-NEG_tokenise, 943	。 象是 政府 的 招待所 。 。 。	酒店	环境 与 照片 完全 不 一样 ， 而且 设施 也 比较 旧
HUM_cat-hotel_pol-NEG_tokenise, 944	旧 了 ， 服务 也 不怎么 好 。	酒店	周边 比较 繁华 ， 对面 有 必胜客 。 服务 热情 还 可以
HUM_cat-hotel_pol-NEG_tokenise, 945	郁闷 ， 各位 还是 不要 去 了 。	酒店	周末 都 系 学生 情侣 入住 ， 噪音 实在 恐怖 ， 发现
HUM_cat-hotel_pol-NEG_tokenise, 947	我 在 21 日 凌晨 2 点 到达	酒店	， 可 酒店 仍然 收取 20 日 房费 。 2 、 酒店
HUM_cat-hotel_pol-NEG_tokenise, 947	日 凌晨 2 点 到达 酒店 ， 可	酒店	仍然 收取 20 日 房费 。 2 、 酒店 房间 格局 极差
HUM_cat-hotel_pol-NEG_tokenise, 947	仍然 收取 20 日 房费 。 2 、	酒店	房间 格局 极差 。 网上 预定 时 ， 不能 了解 房型 。
HUM_cat-hotel_pol-NEG_tokenise, 950	大 离 机场 近 ， 晚上 比较 吵	酒店	接送 车辆 破旧 ， 充满 烟味 ， 司机 和 前台 服务 差
HUM_cat-hotel_pol-NEG_tokenise, 953	. 同意 楼下 的 点评. 完全正确.	酒店	是不是 没 门童 啊? 水果 是 两粒 橙 啊? 其中
HUM_cat-hotel_pol-NEG_tokenise, 953	? 其中 一个 还烂 了! 这是 五星	酒店	吗? 差! 差! 差! 还 600 多一晚!
HUM_cat-hotel_pol-NEG_tokenise, 954	不可思议! 通过 携程 预定 后 ， 到达	酒店	时 ， 前台 居然 说 没有 预定 成功 ， 而且 说 该
HUM_cat-hotel_pol-NEG_tokenise, 954	时候 竟然 没有 任何 区别 ， 原来 该	酒店	只有 这 一种 房间 ， 只是 便宜 的 房间 数量 少 ，
HUM_cat-hotel_pol-NEG_tokenise, 957	晚 。 前台 服务 极其 不耐烦 ， 烦烦	酒店	还好 整顿 一下 。 还有 去年 我 退房 的 时候 ， 前台
HUM_cat-hotel_pol-NEG_tokenise, 959	再 差一点 吗 ？ 上 图 看吧 。	酒店	特别 坑 网上 贴价 三百多 到 店 了 才 说 预定 失败
HUM_cat-hotel_pol-NEG_tokenise, 959	六百多 换成 豪华 大床 房 ， 感觉 这	酒店	专门 坑刚 回国 需要 订 酒店 的 。 豪华 大床 房 给
HUM_cat-hotel_pol-NEG_tokenise, 959	感觉 这 酒店 专门 坑刚 回国 需要 订	酒店	的 。 豪华 大床 房 给 我 感觉 也 是 三流 的
HUM_cat-hotel_pol-NEG_tokenise, 959	看书 一下子 就 睡着 了 。 当天 预定	酒店	很多 时候 都 会 预定 失败 ， 希望 elong 快点 改进 ，
HUM_cat-hotel_pol-NEG_tokenise, 960	推荐 ， 从来 没住 过 这么 差 的	酒店	水壶 换 了 3 个 、 标房 双床 才 给 一根 浴巾
HUM_cat-hotel_pol-NEG_tokenise, 961	、 标房 双床 才 给 一根 浴巾 。	酒店	就是 168 莫泰 的 标准 ， 好差 ！ 送机 不 送到 1
HUM_cat-hotel_pol-NEG_tokenise, 962	醺醺 叼 着 厌倦 的 人 ， 谈论	酒店	的 mm ， 语言 不堪入耳 。 结帐 时 非常 慢 ， 等
HUM_cat-hotel_pol-NEG_tokenise, 963	吧 。 由于 航班 延误 预定 的 该	酒店	， 按 酒店 要求 在 酒店 班车 发车 点 等 车 ，
HUM_cat-hotel_pol-NEG_tokenise, 963	航班 延误 预定 的 该 酒店 ， 按	酒店	要求 在 酒店 班车 发车 点 等 车 ， 酒店 班车 迟迟
HUM_cat-hotel_pol-NEG_tokenise, 963	的 该 酒店 ， 按 酒店 要求 在	酒店	班车 发车 点 等 车 ， 酒店 班车 迟迟 未到, 经过
HUM_cat-hotel_pol-NEG_tokenise, 963	在 酒店 班车 发车 点 等 车 ，	酒店	班车 迟迟 未到, 经过 5 - 6 次 电话 沟通 后
HUM_cat-hotel_pol-NEG_tokenise, 963	了 。 但是 问题 也 来 了 ：	酒店	前台 说 超出 预定 时间 ， 我 告知 酒店 由于 酒店 班车
HUM_cat-hotel_pol-NEG_tokenise, 963	前台 说 超出 预定 时间 ， 我 告知	酒店	由于 酒店 班车 严重 误点 导致 该 状况 。 酒店 前台 态度
HUM_cat-hotel_pol-NEG_tokenise, 963	超出 预定 时间 ， 我 告知 酒店 由于	酒店	班车 严重 误点 导致 该 状况 。 酒店 前台 态度 及 协调
HUM_cat-hotel_pol-NEG_tokenise, 963	酒店 班车 严重 误点 导致 该 状况 。	酒店	前台 态度 及 协调 能力 有待 提高 ， 无法 让 我们 愉悦
HUM_cat-hotel_pol-NEG_tokenise, 963	提高 ， 无法 让 我们 愉悦 的 入住	酒店	我 自己 都 感到遗憾 。 四百块 的 房间 续住 不了 ， 另开
HUM_cat-hotel_pol-NEG_tokenise, 966	， 设施 太 差 ， 一台 电梯 。	酒店	房间 没有 桌子 第一次 遇到 竟然 还有 蜘蛛 吓 了 我 一
HUM_cat-hotel_pol-NEG_tokenise, 967	， 紧靠 地铁 ， 交通 便利 。 只是	酒店	楼层 大堂 和 住宿 不 在 同 一层 ， 上下 不太 方便
HUM_cat-hotel_pol-NEG_tokenise, 968	了 一次, 大概 晚上 12 点才 回到	酒店	, 却 还是 老 样子, 不 知道 是 没人 上 来看
HUM_cat-hotel_pol-NEG_tokenise, 968	的 标准 相去 很 远, 入住 这家	酒店	还有 一个 好处 是 可以 免费打 长途, 可是 后来 我 才
HUM_cat-hotel_pol-NEG_tokenise, 968	我 才 了解 到, 原来 柳州 的	酒店	都 跟 电信 签了 协议 都 可以 免费打 长途. 总之 下次
HUM_cat-hotel_pol-NEG_tokenise, 968	. 总之 下次 我 不会 再 选择 这家	酒店	了. 简直 不能 更 奇葩 。 第一 ， 酒店 大堂 里
HUM_cat-hotel_pol-NEG_tokenise, 969	. 简直 不能 更 奇葩 。 第一 ，	酒店	大堂 里 不能 吃 东西 。 excuse me? 后来 发现 不是
HUM_cat-hotel_pol-NEG_tokenise, 969	? 后来 发现 不是 这样 的 ， 喝	酒店	的 咖啡 没事儿 ， 外面 买来 的 不行 。 呵呵 。 第二
HUM_cat-hotel_pol-NEG_tokenise, 969	。 呵呵 。 第二 ， 你 听说 过	酒店	会 停电 的 吗 ？ 停电 还要 发电 ， 发电 会 很
HUM_cat-hotel_pol-NEG_tokenise, 972	的 迹象 ， 下次 不住 它 了 ！	酒店	硬件 设施 较 新 ， 但 明显 的 没有 被 好好 照料
HUM_cat-hotel_pol-NEG_tokenise, 972	估摸 温泉 池 的 方向 。 可是 作为	酒店	员工 靠 温泉 池饭 的 ， 连个 最 简单 的 温泉 知识
HUM_cat-hotel_pol-NEG_tokenise, 972	我 不 知道 “ 可见 这个 声称 四星级	酒店	的 管理 。 走 的 时候 问 他们 ， “ 你们 这象
HUM_cat-hotel_pol-NEG_tokenise, 972	花 了 钱 ， 却 不 开心 。	酒店	没有 电梯 ， 楼 与 楼 之间 的 走廊 没有 遮 风挡
HUM_cat-hotel_pol-NEG_tokenise, 975	就算 个 2 星 。 严重 不 推荐	酒店	属于 园林式 的 建筑 ， 就是 房间 太老 了 ， 卫生 也
HUM_cat-hotel_pol-NEG_tokenise, 978	自己 还要 擦亮眼睛. 这是 第一次 订 这家	酒店	， 酒店 位置 还 可以 ， 但 肯定 开业 已经 有 一段
HUM_cat-hotel_pol-NEG_tokenise, 978	擦亮眼睛. 这是 第一次 订 这家 酒店 ，	酒店	位置 还 可以 ， 但 肯定 开业 已经 有 一段 年 月
HUM_cat-hotel_pol-NEG_tokenise, 978	亏 半天 房租 ， 还是 另外 找 其它	酒店	这个 酒店 ， 本人 已经 是 多次 预订 、 多次 入住 了
HUM_cat-hotel_pol-NEG_tokenise, 979	房租 ， 还是 另外 找 其它 酒店 这个	酒店	， 本人 已经 是 多次 预订 、 多次 入住 了 。 个人感觉
HUM_cat-hotel_pol-NEG_tokenise, 981	选择 ， 不再 入住 是 好 老 的	酒店	， 所有 东西 都 一般 。 最差 的 是 隔音 ， 因为
HUM_cat-hotel_pol-NEG_tokenise, 982	是 我 住 过 最差 最 恶心 的	酒店	！ 以后 再也 不住 了 ！ 418 元 进到 房间 我 邪恶
HUM_cat-hotel_pol-NEG_tokenise, 982	！ 受不了 ！ 都 不如 200 多 的	酒店	！ 早餐 也 差 的 一比 ！ 总之 无 语 ！ 下次
HUM_cat-hotel_pol-NEG_tokenise, 982	！ 以前 住 的 南航 之星 和 晨阳	酒店	都 很 好 ！ 垃圾 酒店 ， 去死吧 ！ ！ ！ 酒店
HUM_cat-hotel_pol-NEG_tokenise, 982	和 晨阳 酒店 都 很 好 ！ 垃圾	酒店	， 去死吧 ！ ！ ！ 酒店 在 西宁 来说 还是 比较满意 的
HUM_cat-hotel_pol-NEG_tokenise, 983	！ 垃圾 酒店 ， 去死吧 ！ ！ ！	酒店	在 西宁 来说 还是 比较满意 的, 首先, 地理位置 不错,
HUM_cat-hotel_pol-NEG_tokenise, 983	地方 就是 服务 问题. 各位 先前 入住	酒店	的 朋友 已经 提到 了, 我 需要 补充 的 是,
HUM_cat-hotel_pol-NEG_tokenise, 984	4 分外, 都 是 1 分.	酒店	还好 就是 八楼 的 服务员 态度 极差 。 差评 ， 酒店 大堂
HUM_cat-hotel_pol-NEG_tokenise, 985	八楼 的 服务员 态度 极差 。 差评 ，	酒店	大堂 倒 是 装修 的 挺 好 ， 但 虚有其表 ， 连
HUM_cat-hotel_pol-NEG_tokenise, 985	但 虚有其表 ， 连 窗子 都 没有 ，	酒店	门口 停 了 一晚 、 也 没有 停车 卷 ， 停车 一晚
HUM_cat-hotel_pol-NEG_tokenise, 986	也 没有 换 过 ， 令人 只是 这	酒店	离 机场 真的 很近 ， 而且 有 免费 巴士 接送 ， 所以
HUM_cat-hotel_pol-NEG_tokenise, 990	。 1 》 汉庭 给 了 一个 紧靠	酒店	灯箱 广告 的 房间 ， 电流 的 低频 噪声 不是 一般 的
HUM_cat-hotel_pol-NEG_tokenise, 991	的 承诺 。 。 。 很晚 到 的	酒店	酒店 一般般 服务 太 差 跟 其他 的 分店 根本 就 没法
HUM_cat-hotel_pol-NEG_tokenise, 991	承诺 。 。 。 很晚 到 的 酒店	酒店	一般般 服务 太 差 跟 其他 的 分店 根本 就 没法 比
HUM_cat-hotel_pol-NEG_tokenise, 993	虽说 是 连锁店 也 不至于 这么 牛气 吧	酒店	的 牙刷 这么 脏 ， 像 鞋刷 ， 以后 还 能 住
HUM_cat-hotel_pol-NEG_tokenise, 996	离 万达 广场 比较 近 非常 不满 这	酒店	， 配不上 5 星 。 第一, 客房 服务员 没有 水平,
HUM_cat-hotel_pol-NEG_tokenise, 996	满意 的, 就是 身为 5 星级 的	酒店	， 门口 那些 出租车 司机 胡乱 开价, 我们 就 像 水鱼
HUM_cat-hotel_pol-NEG_tokenise, 996	住 的 第一次 遇到 这样 的 5 星级	酒店	, 出现 这样 没有 水平 的 配套 。 垃圾.........
HUM_cat-hotel_pol-NEG_tokenise, 999	这 是 我 住 过 的 最差 的	酒店	。 入住 的 时候 房卡 搞错 ， 明明 只要 440 （ 这个
HUM_cat-hotel_pol-NEG_tokenise, 999	真 想不通 携程 怎么 能 推荐 这样 的	酒店	， 满洲里 酒店 其实 不少 。 我 是 携程 的 钻石 会员
HUM_cat-hotel_pol-NEG_tokenise, 999	怎么 能 推荐 这样 的 酒店 ， 满洲里	酒店	其实 不少 。 我 是 携程 的 钻石 会员 ， 但是 下次
HUM_cat-hotel_pol-NEG_tokenise, 999	下次 去 满洲里 我 再也不会 订 携程 的	酒店	了 ！ 千万别 住 ！ ！ ！ ！ ！ ！ ！ ！
HUM_cat-hotel_pol-NEG_tokenise, 1002	的 耐性 跟 礼貌 都 不 懂 。	酒店	地理位置 较 好 ， 到 市中心 和 旅游景点 都 非常 方便 。
HUM_cat-hotel_pol-NEG_tokenise, 1002	， 房间 小 的 转身 都 麻烦 。	酒店	的 餐饮部 手艺 不错 ， 不过 价格 太高 ， 一个 红烧 鸡块
HUM_cat-hotel_pol-NEG_tokenise, 1004	一下 身份 ， 被 生硬 拒绝 。 最后	酒店	的 一个 服务生 看见 我们 两个 70 岁 以上 的 老人 累
HUM_cat-hotel_pol-NEG_tokenise, 1004	， 用 了 20 分钟 ， 这样 的	酒店	我 可 使用 了 610 元 / 房 。 3 ， 在
HUM_cat-hotel_pol-NEG_tokenise, 1004	。 3 ， 在 携成 提供 的 承德	酒店	列表 中 ， 这家 酒店 可能 是 最贵 的 ， 我本 以为
HUM_cat-hotel_pol-NEG_tokenise, 1004	提供 的 承德 酒店 列表 中 ， 这家	酒店	可能 是 最贵 的 ， 我本 以为 找 一个 好 一点 的
HUM_cat-hotel_pol-NEG_tokenise, 1004	， 我本 以为 找 一个 好 一点 的	酒店	让 父母 住 得 高兴 一点 ， 看来 是 适得其反 。 希望
HUM_cat-hotel_pol-NEG_tokenise, 1004	看来 是 适得其反 。 希望 携成 在 签	酒店	时 还要 多 做 考察 ， 为 携程 的 会员 多作 考虑
HUM_cat-hotel_pol-NEG_tokenise, 1005	的 会员 多作 考虑 。 第一次 给 一家	酒店	1 分 ， 是因为 它 挂 着 四星 的 牌子 。 虽然
HUM_cat-hotel_pol-NEG_tokenise, 1005	牌子 。 虽然 价格 在 江阴 的 同级	酒店	算 便宜 的 ， 但 它 确实 是 我 住 过 的
HUM_cat-hotel_pol-NEG_tokenise, 1005	我 住 过 的 最 差劲 的 四星级	酒店	。 建议 把 四星 的 牌子 先 摘掉 ， 从 二星级 的
HUM_cat-hotel_pol-NEG_tokenise, 1006	有生以来 住 过 的 最差 的 4 星级	酒店	-- 真的 绝对 不 夸张 ！ 我订 的 是 个 套房 ，
HUM_cat-hotel_pol-NEG_tokenise, 1007	不 知道 为什么 ， 几乎 所有 南宁 的	酒店	都 没有 大床 房 ， 客服 还是 很 有 耐心 帮 我
HUM_cat-hotel_pol-NEG_tokenise, 1007	还是 很 有 耐心 帮 我 联系 好几家	酒店	。 总体 来说 性价比 还算 高 ， 主楼 的 房间 30 平米
HUM_cat-hotel_pol-NEG_tokenise, 1010	房 了 ！ 住 到 现在 最差 的	酒店	， 没有 只 一 。 唯一 好 的 就是 有 免费 的
HUM_cat-hotel_pol-NEG_tokenise, 1010	是 免费 也 就算 了 。 然而 ，	酒店	大厅 装修 还 可以 ， 蛮 高大 上 的 ， 可是 房间
HUM_cat-hotel_pol-NEG_tokenise, 1010	洗 干净 的 感觉 。 还有 就是 在	酒店	的 餐厅 吃 了 一个 饭 ， 价格 总体 偏高 ， 味道
HUM_cat-hotel_pol-NEG_tokenise, 1010	早餐 也 很 垃圾 。 总而言之 ： 这种	酒店	还 卖 300 多 一个 晚上 性价比 顶多 100 一个 晚上 。
HUM_cat-hotel_pol-NEG_tokenise, 1011	要不是 早上 赶 飞机 ， 不会 住 这家	酒店	的 。 一楼 房间 真心 不能 住 ， 地毯 脏 ， 卫生
HUM_cat-hotel_pol-NEG_tokenise, 1016	总之 以后 不会 再 去 所有 的 桔子	酒店	了 。 酒店设施 陈旧 ， 浴缸 排水 不 畅 ， 入住 无房
HUM_cat-hotel_pol-NEG_tokenise, 1019	和 您 对账 而 不是 财务).	酒店	环境 一般 服务 却 极差 动不动 所有 经理 都 出来 侮辱 游客
HUM_cat-hotel_pol-NEG_tokenise, 1019	搬出来 吓人 态度 太 差 我 去过 的	酒店	都 有 中午 退 房前 电话 询问 是否 要续 房 我 是
HUM_cat-hotel_pol-NEG_tokenise, 1021	， 发现 网线 不通 了 ， 于是 向	酒店	反映 。 结果 服务员 找到 了 值班 经理 来 ， 一会 说
HUM_cat-hotel_pol-NEG_tokenise, 1021	让 我 到 商务中心 去 发 。 这个	酒店	， 或者说 这个 经理 的 服务 意识 也 太差 了 ： 居然
HUM_cat-hotel_pol-NEG_tokenise, 1023	, 以后 都 不会 住 这里 了.	酒店	外观 环境 还好 ！ 进去 后 ， 一切 都 变得 很杂 ！
HUM_cat-hotel_pol-NEG_tokenise, 1023	不能 让 太太 们 以为 我们 常住 这种	酒店	！ 酒店 中午 和 早上 的 时间 环境 还 可以 ！ 酒店
HUM_cat-hotel_pol-NEG_tokenise, 1023	太太 们 以为 我们 常住 这种 酒店 ！	酒店	中午 和 早上 的 时间 环境 还 可以 ！ 酒店 房间 楼层
HUM_cat-hotel_pol-NEG_tokenise, 1023	和 早上 的 时间 环境 还 可以 ！	酒店	房间 楼层 还 算 可以 吧 ？ 但是 开着 门 打牌 的
HUM_cat-hotel_pol-NEG_tokenise, 1024	很 安全 。 我 住 过 最烂 的	酒店	。 大堂 很 好 ， 房间 一看 也 没什么 问题 ， 可是
HUM_cat-hotel_pol-NEG_tokenise, 1026	。 8 月 4 日 入住 了 该	酒店	， 没想到 很多 地方 不如意 ， 不得不 缩短 行程 ， 提前 返京
HUM_cat-hotel_pol-NEG_tokenise, 1026	在 网上 查询 ， 想 住 一个 特色	酒店	， 就 选择 此处 的 豪华 标准间 。 但 没想到 ： （
HUM_cat-hotel_pol-NEG_tokenise, 1026	标准间 。 但 没想到 ： （ 1 ）	酒店	周围 正在 拆迁 ， 非常 脏 和 吵 。 出租车 司机 让
HUM_cat-hotel_pol-NEG_tokenise, 1026	。 因 周围 是 村庄 ， 只能 在	酒店	用 早餐 。 四五个 小 咸菜 ； 两种 粥 、 豆包 、
HUM_cat-hotel_pol-NEG_tokenise, 1026	。 我 非常 非常 后悔 选择 了 这个	酒店	， 性价比 最差 的 。 本想 休息 几天 ， 但 住宿 实在
HUM_cat-hotel_pol-NEG_tokenise, 1028	房价 是 不值 的, 如果 住 别的	酒店	的话, 可能 会 更好 服务 很 一般 房间 还 可以 条件
HUM_cat-hotel_pol-NEG_tokenise, 1031	一定 打 0 分 定 了 两间房 ，	酒店	登记 太慢 ， 足足 等 了 快 一 小时 。 早餐 还要
HUM_cat-hotel_pol-NEG_tokenise, 1032	五星 ， 根本 不值 这个 价格 如果 这个	酒店	也 能 评上 四星 的话 ， 那么 郑州 将 有 n 多
HUM_cat-hotel_pol-NEG_tokenise, 1032	那么 郑州 将 有 n 多 n 多	酒店	可以 评 上 四星 ： 1 ， 整个 酒店 弥漫着 油烟味 ，
HUM_cat-hotel_pol-NEG_tokenise, 1032	可以 评 上 四星 ： 1 ， 整个	酒店	弥漫着 油烟味 ， 问是 怎么回事 ， 说不清 2 ， 房间 面积 和
HUM_cat-hotel_pol-NEG_tokenise, 1032	面积 和 形状 非常 差 ， 看 他们	酒店	建筑 的 外观 就 能 看 的 出来 ， 斜 的 3
HUM_cat-hotel_pol-NEG_tokenise, 1032	了 ， 旁边 没有 像样 的 餐厅 ，	酒店	里 的 菜 难吃 的 很 ， 早点 特别 差 ， 根本
HUM_cat-hotel_pol-NEG_tokenise, 1032	差 ， 根本 就 不 像 一个 四星级	酒店	的 早餐 标准 4 ， 前台 服务员 态度恶劣 ， 并且 人品 不好
HUM_cat-hotel_pol-NEG_tokenise, 1032	来不及 在 携程 先 预订 ， 直接 进	酒店	入住 ， 问 什么 价格 （ 我 事先 知道 携程 给 的
HUM_cat-hotel_pol-NEG_tokenise, 1032	后来 实在 是 不想 再 折腾 出租车 找	酒店	， 又 跑 去 问 那个 前台 ， 她 说 360 ，
HUM_cat-hotel_pol-NEG_tokenise, 1032	规范 ， 能宰 就 宰 ， 一个 四星	酒店	连 前台 是 这 样子 的 素质 ， 还 指望 什么 6
HUM_cat-hotel_pol-NEG_tokenise, 1032	实在 是 工作 太忙 ， 懒得 折腾 换	酒店	， 这家 酒店 的 硬件 除了 大堂 像 个样 之外 （ 很
HUM_cat-hotel_pol-NEG_tokenise, 1032	太忙 ， 懒得 折腾 换 酒店 ， 这家	酒店	的 硬件 除了 大堂 像 个样 之外 （ 很 像 很多 河南
HUM_cat-hotel_pol-NEG_tokenise, 1032	四星 迷惑 ， 郑州 没 多少 家好 的	酒店	， 唯一 感觉 不错 的 是 大河 锦江 和 粤海 ， 哎
HUM_cat-hotel_pol-NEG_tokenise, 1034	要行 一段路 ， 真 离谱 xxxx 熟悉 的	酒店	都 住满 了 ， 迫不得已 又 住 了 一次 。 发现 更
HUM_cat-hotel_pol-NEG_tokenise, 1034	， 如果 不是 迫不得已 ， 千万 不要 住次	酒店	。 枕头 发黑 ， 床单 发黄 ， 房间 超级 小 ， 卫生间
HUM_cat-hotel_pol-NEG_tokenise, 1037	商务酒店 ， 价格 还 能 便宜 一些 。	酒店	服务态度 超差 ！ ！ 而且 不 提醒 客人 什么 时候 退房 ！
HUM_cat-hotel_pol-NEG_tokenise, 1040	一个劲 的 问 你 是不是 一个 人 ？	酒店	没有 任何 商店 ， 得知 我 想 买 香烟 ， 让 我付
HUM_cat-hotel_pol-NEG_tokenise, 1043	标准 房 ， 付 了 押金 ， 到	酒店	却 给 了 大床 房 。 设施 己 很 破旧 ， 淋浴
HUM_cat-hotel_pol-NEG_tokenise, 1044	的 老式 里弄, 我们 后来 还是 强烈要求	酒店	给 我们 原本 预定 的 别墅 房间, 的确 就 不 一样
HUM_cat-hotel_pol-NEG_tokenise, 1044	非常 不好, 我 想 这 也 是	酒店	的 手段 吧. 700 的 房间 不值 ， 太老 了 ．
HUM_cat-hotel_pol-NEG_tokenise, 1047	后悔 选 这家 了 吵闹 的 不停 这个	酒店	很 奇怪 。 要说 呢 也 是 很 用心 ， 细节 都
HUM_cat-hotel_pol-NEG_tokenise, 1047	但 服务 就 真的 是 很 糟糕 。	酒店	的 环境 也 不好 。 看 房间 里 的 酒店 介绍 呢
HUM_cat-hotel_pol-NEG_tokenise, 1047	环境 也 不好 。 看 房间 里 的	酒店	介绍 呢 ， 说 是 凭 房卡 可以 打 八折 玩 海洋
HUM_cat-hotel_pol-NEG_tokenise, 1047	居然 在 大厅 看到 一只 老鼠 ！ 这个	酒店	很 糟糕 补充 点评 2008 年 1 月 25 日 ： 忘
HUM_cat-hotel_pol-NEG_tokenise, 1047	还 很 不 专业 。 退房 后 回到	酒店	租 酒店 的 车子 到 机场 （ 车费 100 ， 倒 是
HUM_cat-hotel_pol-NEG_tokenise, 1047	不 专业 。 退房 后 回到 酒店 租	酒店	的 车子 到 机场 （ 车费 100 ， 倒 是 方便 ）
HUM_cat-hotel_pol-NEG_tokenise, 1047	后 安排 车子 ） 然后 还 打电话 回	酒店	确认 我 是不是 已经 付钱 了 。 。 。 。 瀑布 汗
HUM_cat-hotel_pol-NEG_tokenise, 1049	不好 ， 万不得已 ， 不 建议 住 这种	酒店	。 客户 反映 此家 酒店 的 服务 和 房间 也 就是 2
HUM_cat-hotel_pol-NEG_tokenise, 1050	建议 住 这种 酒店 。 客户 反映 此家	酒店	的 服务 和 房间 也 就是 2 星级 标准 。 尤其 服务
HUM_cat-hotel_pol-NEG_tokenise, 1050	向 客人 推荐 。 是 一家 很差 的	酒店	。 卫生 很差 ， 床单 上 有 遗留 的 头发 ～ 房间
HUM_cat-hotel_pol-NEG_tokenise, 1052	很多 ， 很 方便 ！ 令人 失望 的	酒店	。 1. 进入 大厅 ， 就是 一股 酒味 ， 餐厅 和
HUM_cat-hotel_pol-NEG_tokenise, 1052	才能 入睡 。 床铺 舒适度 如果 是 经济型	酒店	， 无可非议 ， 但是 作为 四星级 的 酒店 ， 是 不 合格
HUM_cat-hotel_pol-NEG_tokenise, 1052	酒店 ， 无可非议 ， 但是 作为 四星级 的	酒店	， 是 不 合格 的 。 4. 入住 第二天 是 台商
HUM_cat-hotel_pol-NEG_tokenise, 1052	。 推荐 一家 买 风筝 的 ， 出	酒店	向 右 沿 胜利 东街 走 到 大桥 不到 ， 有 一家
HUM_cat-hotel_pol-NEG_tokenise, 1053	。 广大 携程 会员 请 注意: 此	酒店	旁边 在 造 地铁 之类 的 施工, 有 噪音 和 灰尘
HUM_cat-hotel_pol-NEG_tokenise, 1054	11 日 ： 虽然 号称 是 5 星级	酒店	， 但是 感觉 其 档次 很 低 。 很多 欢场 女子 出入
HUM_cat-hotel_pol-NEG_tokenise, 1055	又 不安 的 感觉 。 不止一次 住 这个	酒店	了 ， 这次 订 的 是 东苑 ， 因为 check in 是
HUM_cat-hotel_pol-NEG_tokenise, 1055	东苑 ， 因为 check in 是 晚上 ，	酒店	大厅 走 过去 指标 太 少 ， 不是 很 好找 。 总体
HUM_cat-hotel_pol-NEG_tokenise, 1058	就 破, 我 可不是 什么 大力士 垃圾	酒店	脏 。 整个 房间 一股 脚 臭味 ， 枕头 和 抱 枕上
HUM_cat-hotel_pol-NEG_tokenise, 1060	对 的 住 这个 价格 的 。 该	酒店	的确 是 靠近 天目湖 -- 湖畔 哦 ； 但 酒店 的 内部
HUM_cat-hotel_pol-NEG_tokenise, 1060	是 靠近 天目湖 -- 湖畔 哦 ； 但	酒店	的 内部 环境 的确 无法 一住 哦 。 走廊 气味 令人 反感
HUM_cat-hotel_pol-NEG_tokenise, 1062	上 讲 ， 昆仑饭店 在 北京 的 五星级	酒店	里 算是 高 水准 了 。 地理位置 很 好 ， 五星 云集
HUM_cat-hotel_pol-NEG_tokenise, 1062	的 。 但是 ， 就事论事 ， 对于 贵	酒店	的 服务 水准 我 必须 提出 质疑 。 我 跟 同行 男友
HUM_cat-hotel_pol-NEG_tokenise, 1062	。 我 跟 同行 男友 在 凌晨 入住	酒店	， 上 到 房间 后 用 两张 房卡 都 开 不了 房门
HUM_cat-hotel_pol-NEG_tokenise, 1062	还 带 了 一个 “ 你 住 过	酒店	吗 ” 的 前缀 ， 说话 同时 神情 傲慢 ， 差点 激化矛盾
HUM_cat-hotel_pol-NEG_tokenise, 1062	， 差点 激化矛盾 。 对此 我 向 贵	酒店	提出 投诉 与 差评 ， 作为 一个 高端 五星 的 门脸 ，
HUM_cat-hotel_pol-NEG_tokenise, 1062	客人 ， 绝非 一个 有 素质 的 五星级	酒店	员工 应该 做 的 事情 ， 在 冷静 整件事 离开 酒店 后
HUM_cat-hotel_pol-NEG_tokenise, 1062	做 的 事情 ， 在 冷静 整件事 离开	酒店	后 到 晚上 ， 我 向 男友 确认 过 三次 贵 酒店
HUM_cat-hotel_pol-NEG_tokenise, 1062	， 我 向 男友 确认 过 三次 贵	酒店	员工 是否 在 提供 服务 的 过程 有 说出 这种 对 顾客
HUM_cat-hotel_pol-NEG_tokenise, 1062	的 具体 过程 。 北京 从不 差 五星级	酒店	， 而且 一个 五星级 酒店 的 员工 ， 摆 不正 自己 的
HUM_cat-hotel_pol-NEG_tokenise, 1062	从不 差 五星级 酒店 ， 而且 一个 五星级	酒店	的 员工 ， 摆 不正 自己 的 位置 去 侮辱 客人 的话
HUM_cat-hotel_pol-NEG_tokenise, 1062	位置 去 侮辱 客人 的话 ， 只会 影响	酒店	形象 和 名声 ， 最后 导致 酒店 在 竞争 中 失去 优势
HUM_cat-hotel_pol-NEG_tokenise, 1062	影响 酒店 形象 和 名声 ， 最后 导致	酒店	在 竞争 中 失去 优势 ， 沦为 一个 披 着 金色 外衣
HUM_cat-hotel_pol-NEG_tokenise, 1066	位置 偏僻 ， 没有 窗户 空气 不好 变态	酒店	， 预定 的 5 点 入住 ， 到 不了 ， 入住 人
HUM_cat-hotel_pol-NEG_tokenise, 1066	到 不了 ， 入住 人 要求 延迟 ，	酒店	说 不 可以 ， 要么 5 点前 到达 ， 5 点后 就
HUM_cat-hotel_pol-NEG_tokenise, 1066	没有 协商 好 ， 最后 又 打 一次	酒店	找 值班 经理 投诉 才 留房 ， 很 郁闷 。 没有 第一次
HUM_cat-hotel_pol-NEG_tokenise, 1068	第二天 着急 走 ， 就 没有 去 跟	酒店	理论 了 。 挺 一般 的 酒店, 酒店 门口 的 马路
HUM_cat-hotel_pol-NEG_tokenise, 1069	跟 酒店 理论 了 。 挺 一般 的	酒店	, 酒店 门口 的 马路 挺 吵 的, 性价比 不高,
HUM_cat-hotel_pol-NEG_tokenise, 1069	理论 了 。 挺 一般 的 酒店,	酒店	门口 的 马路 挺 吵 的, 性价比 不高, 不 值得
HUM_cat-hotel_pol-NEG_tokenise, 1071	床 太小, 两人 睡 感觉 不 舒服	酒店	外观 干净 大厅 明亮 房间 略 暗沉 地摊 较脏 唯独 酒店 价格
HUM_cat-hotel_pol-NEG_tokenise, 1071	大厅 明亮 房间 略 暗沉 地摊 较脏 唯独	酒店	价格 适中 早晨 有 免费 班车 接送 中评 为了 起早 坐飞机 ，
HUM_cat-hotel_pol-NEG_tokenise, 1075	知道 什么 叫 全世界 最脏 ， 最差 的	酒店	。 11 ： 00 落地 ， 坐上 11 ： 30 的 酒店
HUM_cat-hotel_pol-NEG_tokenise, 1076	00 落地 ， 坐上 11 ： 30 的	酒店	接 机车 ， 11 ： 45 到 酒店 。 但 前台 服务
HUM_cat-hotel_pol-NEG_tokenise, 1076	酒店 接 机车 ， 11 ： 45 到	酒店	。 但 前台 服务 超差 ， 爱理不理 ， 在 大 把 空房
HUM_cat-hotel_pol-NEG_tokenise, 1076	班机 ， 没有 人会 花钱买 白眼 ， 而且	酒店	又 靠近 机场 ， 很 吵 无法 睡觉 。 只是 班车 很
HUM_cat-hotel_pol-NEG_tokenise, 1079	火车 时间, 不得不 在 早上 六点 到	酒店	, 等到 快 八点 才 入住! 好惨! 通过 携程 预订
HUM_cat-hotel_pol-NEG_tokenise, 1080	! 不过 环境 真是 不错! 488 的	酒店	和 188 的 没 两样 ， 还 没 早餐 ， 100 元
HUM_cat-hotel_pol-NEG_tokenise, 1081	- 10 个 ， 再也不会 去 了 在	酒店	住 的 时候 环境 相当 的 差 ， 卫生 不 打扫 ，
HUM_cat-hotel_pol-NEG_tokenise, 1082	从 内部 抓起 ， 提高 服务 素质 。	酒店	有 异味 ， 无 空调 ， 给 人 的 整体 感觉 很
HUM_cat-hotel_pol-NEG_tokenise, 1083	破旧 ， 根本 不能 称为 四星 老 国有	酒店	， 餐厅 品质 很 好 ， 就是 设备 老 一些 。 从
HUM_cat-hotel_pol-NEG_tokenise, 1085	宾馆 实在 霸道 ， 以后 离之远点 。 这个	酒店	很 一般 ！ 甚至 说 不好 ！ 就 有 一点 离 “
HUM_cat-hotel_pol-NEG_tokenise, 1086	了 ， 很 失望 。 故宫 周围 的	酒店	都 比 这家 的 要 便宜 。 觉得 这家 的 性价比 太
HUM_cat-hotel_pol-NEG_tokenise, 1090	说真的 ， 印象 糟透了 ， 这个 四星级 的	酒店	整体 感觉 却 连 三星级 的 标准 都 没有 。 我 住
HUM_cat-hotel_pol-NEG_tokenise, 1090	， 于是 整晚 就 开着 窗户 睡觉 。	酒店	取电卡 的 设置 也 是 非常 的 糟糕 ， 插 了 足足有
HUM_cat-hotel_pol-NEG_tokenise, 1090	用 ？ 还是 设置 的 有 问题 ？	酒店	表现 出让 我 受不了 的 小气 ， 卫生间 的 牙膏 用量 太太
HUM_cat-hotel_pol-NEG_tokenise, 1090	让 人 觉得 挺 不 舒服 的 。	酒店	的 早餐 也 不怎么样 ， 服务员 一点 都 不 主动 ， 我
HUM_cat-hotel_pol-NEG_tokenise, 1090	可怕 了 ！ 作为 一家 四星级 的 高档	酒店	， 这里 的 治安 太乱 了 ！ ！ ！ 提及 此事 ，
HUM_cat-hotel_pol-NEG_tokenise, 1092	算了 反正 总体 蛮 便宜 的 。 感觉	酒店	钱 全部 都 花 在 装修 lobby 上 了 ， 房间 里面
HUM_cat-hotel_pol-NEG_tokenise, 1092	和 他 说 啊 我 不住 的 。	酒店	的 前台 结果 白眼 我 ， 为 毛 你 要 白眼 我
HUM_cat-hotel_pol-NEG_tokenise, 1094	套间 。 苏州 再 怎么 寸土寸金 ， 贵	酒店	再 怎么 打着 园子 免费参观 的 旗号 ， 硬件 不 提升 也
HUM_cat-hotel_pol-NEG_tokenise, 1094	知道 ， 这 1150 的 价格 ， 贵	酒店	就 真的 觉得 是 过年 给 大家 发发 福利 吗 ？ 说好
HUM_cat-hotel_pol-NEG_tokenise, 1098	` ` ` 原本 服务 还 不错 ，	酒店	也 安排 了 车 。 本人 原本 计划 航班 为 23:
HUM_cat-hotel_pol-NEG_tokenise, 1098	为 23: 45 抵达 浦东 可以 乘坐	酒店	班车 ， 可是 由于 航班 延误 01: 25 到达 。 所以
HUM_cat-hotel_pol-NEG_tokenise, 1098	01: 25 到达 。 所以 为了 赶上	酒店	01: 30 的 末班车 ， 致电 酒店 麻烦 师傅 等 10
HUM_cat-hotel_pol-NEG_tokenise, 1098	酒店 01: 30 的 末班车 ， 致电	酒店	麻烦 师傅 等 10 分钟 ， 可是 上海 人 做事 的 一贯
HUM_cat-hotel_pol-NEG_tokenise, 1098	无奈 排 了 140 分钟 TAXI 长队 到	酒店	已经 2: 30. 站 在 客人 角度 上 下次 能否
HUM_cat-hotel_pol-NEG_tokenise, 1101	不能 代表 北京 形象 了 ， 什么 破	酒店	， 以后 再也不会 住 了 ， ， ， ， ， ， ，
HUM_cat-hotel_pol-NEG_tokenise, 1111	东苑 ， 应该 不会 住 第二次 了 。	酒店	的 星级 与 实际 不符, 房间 相当 与 好 一点 的
HUM_cat-hotel_pol-NEG_tokenise, 1113	我们 一行 11 人 险些 露宿街头 ， 与	酒店	交涉 了 2 个 小时 ， 原定 的 4 间房 ， 只
HUM_cat-hotel_pol-NEG_tokenise, 1113	， 只 拿到 3 间 。 同时 到达	酒店	的 不少 客人 ， 因无房 可住 ， 只得 带 着 行李 走
HUM_cat-hotel_pol-NEG_tokenise, 1113	用 信用卡 做 了 付款 担保 ， 到达	酒店	， 办理 了 信用卡 预 受权 ， 莫名 的 签 了 好几份
HUM_cat-hotel_pol-NEG_tokenise, 1113	的 签 了 好几份 入住 单 （ 在	酒店	坚决 要 签 的 情况 下 ） ， 拿到 房卡 时才 发现
HUM_cat-hotel_pol-NEG_tokenise, 1113	被 换成 了 标房 和 大床 房 ，	酒店	除了 说 “ 抱歉 、 房已 满 ” 再也 没有 任何 解释
HUM_cat-hotel_pol-NEG_tokenise, 1113	没有 过高 的 要求 ， 毕竟 是 经济型	酒店	， 最让人 受不了 的 是 ， 其中 的 一间 房 臭气熏天 ，
HUM_cat-hotel_pol-NEG_tokenise, 1114	能 联系 到 长春 其他 连锁 的 经济型	酒店	， 有 很多 条件 不错 的 。 酒店 员工 比较 s 板
HUM_cat-hotel_pol-NEG_tokenise, 1115	酒店 ， 有 很多 条件 不错 的 。	酒店	员工 比较 s 板 ， 也许 我们 用 携程 的 缘故 ，
HUM_cat-hotel_pol-NEG_tokenise, 1116	， 反正 以后 不去 了 ！ ！ ！	酒店	实际 的 情况 比 网上 要 差 ， 也许 是因为 太远 了
HUM_cat-hotel_pol-NEG_tokenise, 1117	， 服务 一般 ， 由于 中午 到 的	酒店	， 网络 调试 需要 帮助 ， 居然 说 中午 人 都 休息
HUM_cat-hotel_pol-NEG_tokenise, 1121	6 月 23 日 中午 12 点 进入	酒店	， 说明 是 通过 携程 预定 了 酒店客房 。 随后 就 碰到
HUM_cat-hotel_pol-NEG_tokenise, 1121	。 镇江 大酒店 ， 一个 号称 三星级 的	酒店	是 这样 的 服务 。 当 之后 我 把 大堂 副理 叫
HUM_cat-hotel_pol-NEG_tokenise, 1121	三星级 要 有 三星级 的 样子 ！ 看到	酒店	的 回复 ， 我 感到 很 欣慰 ： 和气生财 ， 欲 生财
HUM_cat-hotel_pol-NEG_tokenise, 1122	不可不 学 也 。 住 过 最差 的	酒店	一点 也 不 夸张. 当天 去 了 室内 泳池 第一 服务
HUM_cat-hotel_pol-NEG_tokenise, 1128	和 设施 是 完全 不 相关 的 一个	酒店	. 不会 再 考虑 去 入住. 地方 真是 偏, 连
HUM_cat-hotel_pol-NEG_tokenise, 1130	和 我 “ 想象 ” 中 的 “	酒店	” 有 较大 距离 。 3. 所有 摆设 ， 包括 杯子
HUM_cat-hotel_pol-NEG_tokenise, 1131	让 我 无法 入睡 。 有点儿 偏贵 ，	酒店	前台 服务态度 不是 很 友好 ， 但 酒店 装修 不错 ， 酒店
HUM_cat-hotel_pol-NEG_tokenise, 1131	酒店 前台 服务态度 不是 很 友好 ， 但	酒店	装修 不错 ， 酒店 房间 有点儿 小 ， 卫生条件 不错 ， 主要
HUM_cat-hotel_pol-NEG_tokenise, 1131	很 友好 ， 但 酒店 装修 不错 ，	酒店	房间 有点儿 小 ， 卫生条件 不错 ， 主要 觉得 是 部队 酒店
HUM_cat-hotel_pol-NEG_tokenise, 1131	， 卫生条件 不错 ， 主要 觉得 是 部队	酒店	才 去 的 今天 讲讲 我 在 这个 酒店 的 遭遇 ，
HUM_cat-hotel_pol-NEG_tokenise, 1132	才 去 的 今天 讲讲 我 在 这个	酒店	的 遭遇 ， 希望 大家 能 了解 真实情况 。 首先 这个 酒店
HUM_cat-hotel_pol-NEG_tokenise, 1132	希望 大家 能 了解 真实情况 。 首先 这个	酒店	在 写字楼 六层 ， 和 公司 租户 混 搭 ， 随便 什么
HUM_cat-hotel_pol-NEG_tokenise, 1132	坐 便 ， 种种 迹象 不像 个 高端	酒店	， 而且 房价 每晚 745 元 。 然后 噩梦 在 夜里 ，
HUM_cat-hotel_pol-NEG_tokenise, 1132	我 退房 最好 ， 问 了 旁边 的	酒店	说 没房 了 ， 其他 的 男生 就是 不 给 你 解决
HUM_cat-hotel_pol-NEG_tokenise, 1133	是 我 吃 过 的 最 糟糕 的	酒店	早餐 。 电梯 很 恐怖 。 不过 一楼 的 老大爷 很 亲切
HUM_cat-hotel_pol-NEG_tokenise, 1134	此 " 霸王 条款 ", 本人 同	酒店	的 销售部 及 携城 的 客服 (付姓 主管) 长途电话 沟通
HUM_cat-hotel_pol-NEG_tokenise, 1134	用 信用卡 担保. 携城 和 虹桥 美爵	酒店	合伙 坑 消费者, 连携城 的 忠实 客户 也 照坑! 黑心
HUM_cat-hotel_pol-NEG_tokenise, 1135	玩牌 方便 ， 我 特定 订 了 这家	酒店	的 2 房一厅 的 房间 。 因为 我 是 先到 ， 自然
HUM_cat-hotel_pol-NEG_tokenise, 1135	， 怕 超过 了 房间 保留 时间 ，	酒店	不 给 我 留放 。 但 我 遇到 的 是 前台 服务员
HUM_cat-hotel_pol-NEG_tokenise, 1135	奇怪 ， 难道 这 就是 号称 四星级 的	酒店	的 服务 吗 ？ ！ ！ ！ ！ 跟 可气 的 是
HUM_cat-hotel_pol-NEG_tokenise, 1135	及 拖鞋 只有 一个 人 的 。 也就是说	酒店	用 这种 手段 来 防止 我们 不 登记 就 入住 房间 ！
HUM_cat-hotel_pol-NEG_tokenise, 1135	了 六白 多元 住进 这家 所谓 4 星级	酒店	， 就是 要 享受 这种 低劣 的 服务 吗 ？ ！ ！
HUM_cat-hotel_pol-NEG_tokenise, 1135	了 帐 。 我 不 知道 是 被	酒店	欺骗 了 ， 还是 被 CTRIP 欺骗 了 ， 总之 ， 今晚
HUM_cat-hotel_pol-NEG_tokenise, 1136	和 楼下 的 朋友 感触 差不多 ， 这个	酒店	的 硬件 和 服务 都 一般 ， 住 15 层 豪华 单人间
HUM_cat-hotel_pol-NEG_tokenise, 1137	), 天拉! 怎么 给 推荐 这种	酒店	呀! 早餐 差. 设施 陈旧! 咋 都 不值!
HUM_cat-hotel_pol-NEG_tokenise, 1139	， 希望 携程 加油 把 南阳 其他 的	酒店	也 加上 来 。 金 凯悦 东方 的 价格 太贵 ， 与
HUM_cat-hotel_pol-NEG_tokenise, 1140	！ ！ ！ ！ ！ 这个 价格 来说	酒店	糟透了. 大堂 很差 很脏, 我订 的 是 商务 套房,
HUM_cat-hotel_pol-NEG_tokenise, 1142	与 房间 之间 隔 的 太远 迷宫 一样	酒店	服务 跟不上 ， 我们 1 行 6 人 入住 花 了 半个
HUM_cat-hotel_pol-NEG_tokenise, 1143	停电 ， 半夜 不得不 折腾 换 房间 。	酒店	应该 有些 年头 了 吧 ！ 酒店 大堂 还 勉强 凑合 看吧
HUM_cat-hotel_pol-NEG_tokenise, 1143	。 酒店 应该 有些 年头 了 吧 ！	酒店	大堂 还 勉强 凑合 看吧 ， 出 了 电梯 就 一个 字
HUM_cat-hotel_pol-NEG_tokenise, 1145	是 我 通过 携程 订到 的 最烂 的	酒店	。 7 月 18 日 入住 ， 当时 是 300 元 /
HUM_cat-hotel_pol-NEG_tokenise, 1145	担保 ， 不 知道 是 携程 变态 还是	酒店	变态 ； 6 、 前台 态度 还 不错 。 在 秦发 酒店
HUM_cat-hotel_pol-NEG_tokenise, 1145	、 前台 态度 还 不错 。 在 秦发	酒店	的 北面 就 有 报业 商务酒店 ， 价格公道 ， 设施 干净 。
HUM_cat-hotel_pol-NEG_tokenise, 1147	方便 客房 和 前台 服务 都 不错 但	酒店	太 陈旧 ， 房间 不如 一般 3 星 宾馆 ， 阳台 卫生间
HUM_cat-hotel_pol-NEG_tokenise, 1147	花园 泳池 都 很小 尤其 要说 的 是	酒店	花园里 的 餐厅 ， 叫 东海 渔家 还是 东海 渔村 的 太
HUM_cat-hotel_pol-NEG_tokenise, 1149	两条 玻璃 贴 上 紫色 。 如果 住	酒店	习惯 开夜 灯 的 朋友 ， 就 会 觉得 很 恐怖 ！
HUM_cat-hotel_pol-NEG_tokenise, 1151	豪华 房 。 下次 千万 不要 住 。	酒店	太 陈旧 了 。 。 。 定 的 豪华 房 ， 水龙头
HUM_cat-hotel_pol-NEG_tokenise, 1151	二星 半 。 终于 明白 为什么 旁边 几间	酒店	价格 高 很多 却定 满房 的 原因 了 ， 一分钱 一分货 。
HUM_cat-hotel_pol-NEG_tokenise, 1153	。 不敢恭维 ， 下次 不会 再住 。 。	酒店	极 破旧 ， 无 服务 ， 无 任何 可 评星 的 资格
HUM_cat-hotel_pol-NEG_tokenise, 1154	躁声 非常 大 ， 要求 调换 房间 ，	酒店	答复 晚 9 ： 30 分 餐厅 就 休息 ， 不会 影响
HUM_cat-hotel_pol-NEG_tokenise, 1154	， 餐厅 做 早餐 再次 影响 休息 ，	酒店	采取 此种 推委 隐瞒 的 做法 太 不象话 了 。 房间 旧
HUM_cat-hotel_pol-NEG_tokenise, 1156	二楼 单点 比较 贵 携程 用 这样 的	酒店	， 真是 对 自己 品牌 的 一种 打折 ， 请 国人 能
HUM_cat-hotel_pol-NEG_tokenise, 1156	辛苦 培养 起来 的 品牌意识 ， 这样 的	酒店	实在 是 差劲 的 没有 办法 形容 ， 住 了 一个 晚上
HUM_cat-hotel_pol-NEG_tokenise, 1156	来 形容 ， 以后 再也不会 入住 这样 的	酒店	。 床 不 舒服 ！ 被子 盖 着 很 痒 ， 感觉
HUM_cat-hotel_pol-NEG_tokenise, 1158	干净 酒店设施 老化 严重 。 作为 一家 五星级	酒店	， 居然 没有 无烟 楼层 （ 这是 前台 登记 的 时候 酒店
HUM_cat-hotel_pol-NEG_tokenise, 1158	无烟 楼层 （ 这是 前台 登记 的 时候	酒店	服务员 说 的 ） 感觉 酒店 越来越 差 了, 首先 是
HUM_cat-hotel_pol-NEG_tokenise, 1159	的 时候 酒店 服务员 说 的 ） 感觉	酒店	越来越 差 了, 首先 是 取消 了 小车 从 大厅 三楼
HUM_cat-hotel_pol-NEG_tokenise, 1159	, 是 最近 几年 我 在 江浙 五星级	酒店	里 遇见 过 最 糟糕 的 一个, 可能 比汉庭 好些 吧
HUM_cat-hotel_pol-NEG_tokenise, 1159	打算 再 去 了, 但是 毕竟 这个	酒店	几年 前 第一次 给 我 的 影响 很 好, 所以 也
HUM_cat-hotel_pol-NEG_tokenise, 1160	知道 问题, 以后 有 改进... 三星级	酒店	， 190 的 房价 （ 在 岳阳 应该 算高 了 ） ，
HUM_cat-hotel_pol-NEG_tokenise, 1160	（ 在 岳阳 应该 算高 了 ） ，	酒店	在 做 促销 158 有 就 有 房间 了 问 了 前台
HUM_cat-hotel_pol-NEG_tokenise, 1161	的 就是 房间 不怎么样 感觉 对不起 房价 ～	酒店	的 管理 不 专业 ， 服务 非常 差 ， 房间 的 空调
HUM_cat-hotel_pol-NEG_tokenise, 1162	住宿 要 用 自己 的 羽绒衣 防寒 。	酒店	是 挂星 四星 ， 但 也 就 二星 水平 ， 早餐 花样
HUM_cat-hotel_pol-NEG_tokenise, 1162	不要 挂 四星 ， 以后 考虑 换 其它	酒店	。 另外 宽带 还 得 收 20 块 。 酒店 门面 好寒
HUM_cat-hotel_pol-NEG_tokenise, 1163	另外 宽带 还 得 收 20 块 。	酒店	门面 好寒 掺 ， 房间 好 小 ， 隔音 好差 ， 地方
HUM_cat-hotel_pol-NEG_tokenise, 1166	酒店设施 太老 了 ， 下次 不会 选择 这家	酒店	了 ！ 不如 锦江 之星 酒店 离开 市区 挺远 ， 很 不
HUM_cat-hotel_pol-NEG_tokenise, 1167	选择 这家 酒店 了 ！ 不如 锦江 之星	酒店	离开 市区 挺远 ， 很 不 方便 。 除了 大堂 气派 ，
HUM_cat-hotel_pol-NEG_tokenise, 1170	。 有 的话 客人 自己 会 叫 首先	酒店	不好 找, 说 是 吴中路, 其实 应该 是 在 在
HUM_cat-hotel_pol-NEG_tokenise, 1171	笑容, 问 什么 爱理不理 的, 然后	酒店	内部 就 更 差 了, 很大 味道 很 严重 的 发霉
HUM_cat-hotel_pol-NEG_tokenise, 1171	是 我 这辈子 住 过 最 垃圾 的	酒店	了, 跟 格林豪 泰 那些 的 都 比不上, 价格 还有
HUM_cat-hotel_pol-NEG_tokenise, 1171	的 战斗机, 如果 你 要 选 这家	酒店	, 三思而后行!!!!! 重来 没 碰到 过 态度
HUM_cat-hotel_pol-NEG_tokenise, 1172	年 10 月 21 日 ： 另外 这个	酒店	的 配套 设施 简直 差 到极点, 棋牌室 居然 是 3 个
HUM_cat-hotel_pol-NEG_tokenise, 1172	, 什么 也 没有, 至于 服务态度,	酒店	解释 前台 是 新来 的, 但 就是 传统意义 上 的 招待所
HUM_cat-hotel_pol-NEG_tokenise, 1173	的 招待所 也 比 他 强 很多!	酒店	内部 整天 感觉 没有 介绍 的 那么 好 。 具体 作出 如下
HUM_cat-hotel_pol-NEG_tokenise, 1173	外观 具 古色古香 的 味道 。 2 、	酒店	内部 设施 较 陈旧 ， 确切的说 ， 要不是 酒店 有 直通 盘门
HUM_cat-hotel_pol-NEG_tokenise, 1173	内部 设施 较 陈旧 ， 确切的说 ， 要不是	酒店	有 直通 盘门 景区 这一 服务 的话 ， 真 没什么 亮点 ，
HUM_cat-hotel_pol-NEG_tokenise, 1173	的 ， 哎 … ） 。 3 、	酒店	服务 也 只能 算 一般 ， 因为 前后 有过 几次 风波 。
HUM_cat-hotel_pol-NEG_tokenise, 1173	就是 没有 ， 天 … （ 2 ）	酒店	入住 当天 ， 在 前台 办理 入住 手续 时 ， 我 明确
HUM_cat-hotel_pol-NEG_tokenise, 1173	这样 的 乌龙 ， 还是 堂堂 的 五星级	酒店	呢 ， 不可思议 ， 以前 即使 住 过 三星 或 四星级 的
HUM_cat-hotel_pol-NEG_tokenise, 1173	卫生 方面 也 只能 算 一般 啊 ，	酒店	的 长廊 、 过道 时 有 香烟 灰 、 香烟头 ， 尽然
HUM_cat-hotel_pol-NEG_tokenise, 1173	灰尘 等等 。 总的来说 ， 对 这次 的	酒店	印象 不是 很 好 ， 希望 继续 改进 。 第二天 的 飞机
HUM_cat-hotel_pol-NEG_tokenise, 1175	， 设施 比较 老 。 一般 班 。	酒店	前台 的 服务态度 实在 太 差 。 差 的 没话说 了 ，
HUM_cat-hotel_pol-NEG_tokenise, 1176	三次 早餐 拉 了 两次 肚子 。 这个	酒店	不会 收拾 房间 的 ， 用 完 的 浴巾 都 不 知道
HUM_cat-hotel_pol-NEG_tokenise, 1180	我 确认 房? 不可 礼遇 的 垃圾	酒店	， 房间 设施 陈旧 ， 服务 人员 没有 基本素质 ， 宽带 不能
HUM_cat-hotel_pol-NEG_tokenise, 1181	还花 了 25 分钟 。 。 。 。	酒店	从 价格 来讲 还 算 便宜 。 但 前台 有 特价 房
HUM_cat-hotel_pol-NEG_tokenise, 1181	的 ， 这 一点 我 接受 不了 。	酒店	服务 还 算 不错 ， 只是 周边 的 配套 不足 。 这个
HUM_cat-hotel_pol-NEG_tokenise, 1182	， 只是 周边 的 配套 不足 。 这个	酒店	花园 和 大堂 都 很漂亮 还有 连接 风景区 ， 客房 太老旧 了
HUM_cat-hotel_pol-NEG_tokenise, 1187	服务态度 差 马马虎虎 马马虎虎 可以 机场 的 过度	酒店	， 非常 差 是 我 家住 过 的 最差 的 酒店 ！
HUM_cat-hotel_pol-NEG_tokenise, 1188	差 是 我 家住 过 的 最差 的	酒店	！ 居然 还是 携程 的 推荐 ！ 理由 ： 工作人员 素质 差
HUM_cat-hotel_pol-NEG_tokenise, 1188	（ 已经 将近 11 点 ） ， 但	酒店	方 强调 只能 提供 低一 档次 的 房间 。 到 了 11
HUM_cat-hotel_pol-NEG_tokenise, 1190	， 但是 入住 第二天 发现 携程 上 这家	酒店	的 价格 降到 了 300 元 ， 和 前台 商量 ， 居然
HUM_cat-hotel_pol-NEG_tokenise, 1190	本来 住 挺 长时间 ， 不过 在 这家	酒店	住 了 2 天 ， 赶快 抽空 在 市内 找 了 另外
HUM_cat-hotel_pol-NEG_tokenise, 1190	赶快 抽空 在 市内 找 了 另外 一家	酒店	。 不但 价格便宜 很多 ， 网速 也 快 ， 而且 房屋 干净
HUM_cat-hotel_pol-NEG_tokenise, 1190	而且 房屋 干净 漂亮 多 了 。 拉萨	酒店	价格 变动 大 ， 旺季 价格 很 高 ， 淡季 价格 很
HUM_cat-hotel_pol-NEG_tokenise, 1190	和 经理 讲价 ， 我 后来 住 的	酒店	和 他们 客房 经理 商量 ， 房价 比 到 前台 直接 开房
HUM_cat-hotel_pol-NEG_tokenise, 1190	直接 开房 便宜 了 50 元 。 经济型	酒店	经常 爆满 。 整体 一般 ！ 这家 也 能 叫 三星级 的
HUM_cat-hotel_pol-NEG_tokenise, 1195	的 大门 ， 就是 一个 商务楼 里面 的	酒店	， 根本 就 不 值得 这样 的 价格 ， 太差 了 有
HUM_cat-hotel_pol-NEG_tokenise, 1197	押金. 住遍 中国 及 国外 那么 多	酒店	, 没有 遇到 这样 的 事情. 地理位置 还 可以! 只是
HUM_cat-hotel_pol-NEG_tokenise, 1199	， 那 叫 个 任性 ， 什么样 的	酒店	培养 什么样 的 员工 。 无 组织 无纪律 。 无 语 ！
HUM_cat-hotel_pol-NEG_tokenise, 1199	电话 中 携程 工作人员 给 我 推荐 的	酒店	因为 我们 临时 在 上海 住 一晚 。 携程 怎么 会 和
HUM_cat-hotel_pol-NEG_tokenise, 1199	一晚 。 携程 怎么 会 和 这样 的	酒店	合作 ？ 影响 自己 的 名誉 ！ ！ ！ ！ ！ 公司
HUM_cat-hotel_pol-NEG_tokenise, 1202	看上去 不 干净 。 在 携程 订 的	酒店	中 ， 这间 的 感觉 最 不好 。 想 延迟 1 小时
HUM_cat-hotel_pol-NEG_tokenise, 1208	衣服 上 熏得 全都 是 烟味 。 希望	酒店	能 检查一下 ， 看看 究竟 是 怎么回事 。 房间 设施 比较 一般
HUM_cat-hotel_pol-NEG_tokenise, 1209	经济 和 精神损失 （ 今后 再也 不敢 住	酒店	一楼 ， 惨痛 的 教训 ！ 我 还 很 后怕 地想 ，
HUM_cat-hotel_pol-NEG_tokenise, 1209	的 安全... ） 。 由此可见 ， 一家	酒店	能 让 窃贼 登堂入室 ， 其 保安 工作 质量 是 相当 差
HUM_cat-hotel_pol-NEG_tokenise, 1209	民风 产生 了 疑惑 ， 并且 对 该	酒店	的 服务 无法 满意 ， 对 中 、 高层 某些 管理人员 的
HUM_cat-hotel_pol-NEG_tokenise, 1209	我 住 过 的 最 糟糕 的 一家	酒店	也 是 我 经历 过 的 最 糟糕 的 一次 旅游 ！
HUM_cat-hotel_pol-NEG_tokenise, 1211	， 和 三线 城市 80 块 的 差不多	酒店	的 服务员 口音 比较 重 ， 听 不 太 懂 总机 （
HUM_cat-hotel_pol-NEG_tokenise, 1211	， 多问 一句 她 还 不耐烦 ， 这是	酒店	吗 ？ 晕 ！ ！ ！ 这 是 我 入住 的 如家
HUM_cat-hotel_pol-NEG_tokenise, 1212	的 小巷 里 ； 2 、 当时 到	酒店	已经 很晚 了 ， 酒店 服务 人员 的 态度 不好 ， 官腔
HUM_cat-hotel_pol-NEG_tokenise, 1212	、 当时 到 酒店 已经 很晚 了 ，	酒店	服务 人员 的 态度 不好 ， 官腔 严重 ； 3 、 拿到
HUM_cat-hotel_pol-NEG_tokenise, 1213	为证 ， 相信 人民警察 能 为民除害 。 国贸	酒店	＂ 引狼入室 ＂ ， 玩忽职守 ， 到 目前为止 没有 一点 真诚 的
HUM_cat-hotel_pol-NEG_tokenise, 1215	视频 网络 大床 房 ， 入住 时 发现	酒店	里 根本 就 没有 电脑 。 直到 退房 时 ， 酒店 才
HUM_cat-hotel_pol-NEG_tokenise, 1215	就 没有 电脑 。 直到 退房 时 ，	酒店	才 告诉 我 ， 由于 该 房型 已满 ， 在 没有 通知
HUM_cat-hotel_pol-NEG_tokenise, 1215	没有 晾衣服 的 晾 绳 。 ４ 、	酒店	出入 打车 不 方便 。 酒店 设在 一个 远离 马路 的 拐角
HUM_cat-hotel_pol-NEG_tokenise, 1215	４ 、 酒店 出入 打车 不 方便 。	酒店	设在 一个 远离 马路 的 拐角 里 ， 出租车 出入 要 过
HUM_cat-hotel_pol-NEG_tokenise, 1215	一个 卡站 ， 非常 不 方便 。 且	酒店	门口 空间 较 小 ， 出租车 只能 停 在 离 酒店 五六米
HUM_cat-hotel_pol-NEG_tokenise, 1215	较 小 ， 出租车 只能 停 在 离	酒店	五六米 外 停车 。 不 方便 。 酒店 服务 比较 差 ，
HUM_cat-hotel_pol-NEG_tokenise, 1216	酒店 五六米 外 停车 。 不 方便 。	酒店	服务 比较 差 ， 前台 态度恶劣 ， 真是 不 建议 出行 入住
HUM_cat-hotel_pol-NEG_tokenise, 1216	外卖 送餐 ， 头 一次 听说 这样 的	酒店	。 简直 和 招待所 没有 什么 两样 ， 下次 再也 不去 了
HUM_cat-hotel_pol-NEG_tokenise, 1217	价格 还贵 ， 携程 怎么 推荐 这样 的	酒店	糊弄 我们 。 。 。 。 。 。 非常 的 不好 ，
HUM_cat-hotel_pol-NEG_tokenise, 1219	就 很 好 ， 什么 都 好 。	酒店	一般 ， 唯一 就是 距离 机场 近 ， 有 免费 班车 ，
HUM_cat-hotel_pol-NEG_tokenise, 1221	第一次 去 潍坊, 第一次 住 如家,	酒店	服务 一般, 房间 的 纯净水 第二天 过期, 没 敢喝,
HUM_cat-hotel_pol-NEG_tokenise, 1224	非常 不好 ， 非常 不好 太老旧 了 这个	酒店	潮湿 味重 设施 旧 仿佛 九十年代 的 产物 太 偏僻 ， 吃饭
HUM_cat-hotel_pol-NEG_tokenise, 1226	不到 ！ 没有 比 这 更 差 的	酒店	了 。 房间 灯光 暗淡 ， 空调 无法 调节 ， 前台 服务
HUM_cat-hotel_pol-NEG_tokenise, 1226	下来 ， 到底 谁 是 上帝 ， 这家	酒店	的 老总 应该 马上 辞职 。 建议 大家 不要 住 这家 酒店
HUM_cat-hotel_pol-NEG_tokenise, 1226	马上 辞职 。 建议 大家 不要 住 这家	酒店	， 有 被 骗 的 感觉 ！ 哪里 象个 4 星 的
HUM_cat-hotel_pol-NEG_tokenise, 1227	日 ： 当然 总的来说, 作为 中等城市 的	酒店	, 大概 都 差不多 是 这个 样子 的 了. 至少 安全
HUM_cat-hotel_pol-NEG_tokenise, 1232	, 属于 一般 选择. 很 普通 的	酒店	， 收费 竟然 这么 贵 ， 连 三星 都 不够 ， 总之
HUM_cat-hotel_pol-NEG_tokenise, 1234	都 可以 换 一家 不 知道 好几十倍 的	酒店	服务态度 极差 。 前台 估计 是 早 更 了 ！ 气 的
HUM_cat-hotel_pol-NEG_tokenise, 1237	。 无 语 ， 房价 不值 ！ 破	酒店	上网 慢 的 一踏 糊涂 。 网卡 只有 10M 的 连接 速度
HUM_cat-hotel_pol-NEG_tokenise, 1238	晚上 两点 多 还有 打桩机 在 勤奋工作 ，	酒店	几乎 没有 隔音 ， 那 叫 一个 吵 啊 ， 两个 晚上
HUM_cat-hotel_pol-NEG_tokenise, 1238	就 很 恶心 ） 那熏 香炉 呢 ？	酒店	跟 我 同事 说会 主动 跟 我 联系 ， 至今 几个 礼拜
HUM_cat-hotel_pol-NEG_tokenise, 1238	没有 人 找 过 我 ！ 这是 什么	酒店	啊 ！ 每次 住 酒店 总 有些 满意 不 满意 的 地方
HUM_cat-hotel_pol-NEG_tokenise, 1238	！ 这是 什么 酒店 啊 ！ 每次 住	酒店	总 有些 满意 不 满意 的 地方 ， 但是 深航 这次 实在
HUM_cat-hotel_pol-NEG_tokenise, 1238	， 基本 是 无 一 是 处 的	酒店	， 大家 千万 不要 住 ， 这个 价格 也 不算 便宜 ，
HUM_cat-hotel_pol-NEG_tokenise, 1238	深圳 住 过 比 这 性价比 高 的	酒店	多 的 是 ， 而且 携程 的 价格 也 不 便宜 ，
HUM_cat-hotel_pol-NEG_tokenise, 1241	住 这里 。 另外 、 希望 携程 应对	酒店	进行 评比 、 不 符合要求 的 店 不要 推荐 、 否则 给
HUM_cat-hotel_pol-NEG_tokenise, 1246	对 顾客 假笑 ， 令人 毛骨悚然 。 订	酒店	后 还 特意 去 问 了 一下 说 是从 早上 6 点
HUM_cat-hotel_pol-NEG_tokenise, 1246	入住 并 不 加收 房费 ， 可是 到	酒店	之后 前台 却说 要 等到 12 点 才能 入住 。 好不容易 等到
HUM_cat-hotel_pol-NEG_tokenise, 1247	多 的 毛发 ， 太 恐怖 了 。	酒店	服务 完全 不周到 ， 房间 隔音 特别 不好 。 旁边 说话 声音
HUM_cat-hotel_pol-NEG_tokenise, 1247	一边 玩 一边 做事 。 什么 4 星级	酒店	， 一点 都 算不上 。 以后 绝对 不住 这家 破 酒店 了
HUM_cat-hotel_pol-NEG_tokenise, 1247	都 算不上 。 以后 绝对 不住 这家 破	酒店	了 。 本来 无意 冒犯 ， 因为 既然 是 在 上海 这样
HUM_cat-hotel_pol-NEG_tokenise, 1248	的 事情 ， 就 选 了 边上 这个	酒店	， 688 的 房间 ， 想想 好 也好 不到 哪里 去 ，
HUM_cat-hotel_pol-NEG_tokenise, 1248	时候 ， 我 就 感觉 到 了 这	酒店	应该 蛮坑 的 ， 房间 质量 什么 的 我 就 不 说
HUM_cat-hotel_pol-NEG_tokenise, 1248	朋友 把 房卡 放在 前台 并 没有 完成	酒店	的 chick out ， 我 打 去 酒店 问 ， 总机 接电话
HUM_cat-hotel_pol-NEG_tokenise, 1248	酒店 的 chick out ， 我 打 去	酒店	问 ， 总机 接电话 一共 就 和 我 说 了 四个 字
HUM_cat-hotel_pol-NEG_tokenise, 1251	暖风 白天 不 开 ， 生气 ！ 该	酒店	在 大角湾 景区 内 的 顶角 的 位置 （ 南方 假日酒店 则
HUM_cat-hotel_pol-NEG_tokenise, 1254	远 ， 房门 隔音 差 ， 地毯 脏	酒店	服务 是 最差 的 ～ 去 办 入住 前台 都 不 问候
HUM_cat-hotel_pol-NEG_tokenise, 1255	都 不 问候 的 感觉 很 不好 ，	酒店	大堂 在 6 楼 ， 拿 着 行李 很 不 方便 ，
HUM_cat-hotel_pol-NEG_tokenise, 1257	出来 的 ， 强烈 怀疑 有托 。 五星	酒店	据说 是 200 * 年 开业 的 ， 房间 却 极其 陈旧
HUM_cat-hotel_pol-NEG_tokenise, 1257	， 地毯 上 是 大块 的 污迹 （	酒店	经理 说 是 洗 不 出来 的 ） ， 墙纸 脱落 ，
HUM_cat-hotel_pol-NEG_tokenise, 1258	说 可能 是 用 太久 了 。 这家	酒店	是 我 见 过 最差 的 酒店 ， 里面 的 卫浴 设施
HUM_cat-hotel_pol-NEG_tokenise, 1258	这家 酒店 是 我 见 过 最差 的	酒店	， 里面 的 卫浴 设施 是 80 年代 的 ， 还 不如
HUM_cat-hotel_pol-NEG_tokenise, 1259	说 的 ， 从来 没见 过 这种 垃圾	酒店	， 算是 见识 过 了 简直 不敢恭维 什么, 千万别 住 楼层
HUM_cat-hotel_pol-NEG_tokenise, 1261	吵 得 你 半死! 非常 一般 的	酒店	， 完全 不够 4 星 的 级别 ， 到 了 才 发现
HUM_cat-hotel_pol-NEG_tokenise, 1261	星 的 级别 ， 到 了 才 发现	酒店	外观 和 照片 相差 很 远 ， 不是 很大 。 大堂 很土
HUM_cat-hotel_pol-NEG_tokenise, 1264	服务 也 没 那么 贴心 ， 可能 是	酒店	性质 问题 ， 没什么 所谓 的 微笑服务 ， 不过 还 算 耐心
HUM_cat-hotel_pol-NEG_tokenise, 1266	帮 我 同事 的, 据 他们 在	酒店	的 感受..... 总的来说 很 不 满意! 第一,
HUM_cat-hotel_pol-NEG_tokenise, 1266	总的来说 很 不 满意! 第一, 该	酒店	说 是 2006 年 开业, 实际上 是 2006 年 从 别人
HUM_cat-hotel_pol-NEG_tokenise, 1266	的, 不 知道 具体 是 哪一年 的	酒店	, 酒店设施 很 旧; 第二, 入住 的 当天, 因
HUM_cat-hotel_pol-NEG_tokenise, 1266	解决: 通过 携程 预定 成功, 但	酒店	没有 留房), 后来 好象 是 抽调 出 的 两个 房间
HUM_cat-hotel_pol-NEG_tokenise, 1266	出 的 两个 房间; 第三, 入住	酒店	1015 房间 情况: 流出 的 水 比较 脏, 风筒 也
HUM_cat-hotel_pol-NEG_tokenise, 1266	协助 才 搞定 那个 风筒; 第四,	酒店	服务员 对 客人 的 态度 比较 不好, 1015 房 洗手间 内
HUM_cat-hotel_pol-NEG_tokenise, 1266	据 后来 通过 携程 调查 后, 由该	酒店	前台 服务 人员 电话 说 是 这样 的, 因 当时 怀疑
HUM_cat-hotel_pol-NEG_tokenise, 1266	去 北京 一定 不会 再 去 住 这家	酒店	了, 也 不会 再 推荐 朋友 或是 同事 入住 这家 酒店
HUM_cat-hotel_pol-NEG_tokenise, 1266	不会 再 推荐 朋友 或是 同事 入住 这家	酒店	的. 补充 点评 2007 年 10 月 23 日 ： 入住
HUM_cat-hotel_pol-NEG_tokenise, 1267	! 不会 考虑 帮 客人 节约 时间!	酒店	位置 较差 ， 交通 极其 不便 。 房间 较 小 ， 顶多
HUM_cat-hotel_pol-NEG_tokenise, 1269	！ ！ 绝对 是 一间 缺乏 管理 的	酒店	！ 该 酒店 达 不到 五星 水准 。 价格 高 ， 环境
HUM_cat-hotel_pol-NEG_tokenise, 1270	是 一间 缺乏 管理 的 酒店 ！ 该	酒店	达 不到 五星 水准 。 价格 高 ， 环境 差 ， 服务
HUM_cat-hotel_pol-NEG_tokenise, 1271	价格 高 ， 环境 差 ， 服务 一般	酒店	比较 一般 ， 隔音 不是 很 好 ， 比较 令人 不满 的
HUM_cat-hotel_pol-NEG_tokenise, 1273	航班 的 车 ， 没有 其他 好处 ，	酒店	好烂 地毯 上 全是 头发 毛 恶心 靠近 高架桥 边 吵 工作人员
HUM_cat-hotel_pol-NEG_tokenise, 1277	。 还 都 乱收费 ！ 死贵 ！ 除了	酒店	的 位置 好 ， 其他 的 都 很 一般 了 。 环境
HUM_cat-hotel_pol-NEG_tokenise, 1278	太早 的 班车 。 欺骗 消费者 ， 四星级	酒店	拿 后院 的 低档 房 搞 促销 ， 实在 是 上当受骗 的
HUM_cat-hotel_pol-NEG_tokenise, 1282	早饭 品种 少且 味道 一般 。 太老 的	酒店	， 高级 大床 房 居然 是 两张床 拼接 的 ， 有个 大
HUM_cat-hotel_pol-NEG_tokenise, 1284	满足 。 没有 窗户 ， 空气 非常 不好	酒店	周边环境 还 可以 大堂 服务 一般 房间 有点 霉味 因为 经常 到
HUM_cat-hotel_pol-NEG_tokenise, 1285	霉味 因为 经常 到 使馆 办事 ， 这个	酒店	离 哈萨克 使馆 很近 所以 经常 住 这 ， 但 酒店 的
HUM_cat-hotel_pol-NEG_tokenise, 1285	使馆 很近 所以 经常 住 这 ， 但	酒店	的 服务 与 五星 真的 不 相符合 ， 价格 奇高 不 说
HUM_cat-hotel_pol-NEG_tokenise, 1287	。 地理位置 繁华 ， 设施 ， 房间 陈旧	酒店	服务 差 的 要死 ， 前台 2 个人 讲话 有气无力 的 ，
HUM_cat-hotel_pol-NEG_tokenise, 1288	的 ， 非常 不好 ， 很 老 的	酒店	， 箱柜 旧 的 都 没法 看 了 ， 前台 服务 跟
HUM_cat-hotel_pol-NEG_tokenise, 1290	了 。 差 ， 电话 一直 打 不通	酒店	的 装修 比较 陈旧 ， 房间 的 隔音 ， 主要 是 卫生间
HUM_cat-hotel_pol-NEG_tokenise, 1291	。 更 痛苦 的 是 ， 说 是	酒店	， 连饭 都 没 地方 吃 ， 我 是 中午 住 进来
HUM_cat-hotel_pol-NEG_tokenise, 1292	没 到 晚饭时间 就 退房 走 人 ！	酒店	服务员 态度 很差 很 差 ！ 房间 设施 太旧 ， 周边环境 不好
HUM_cat-hotel_pol-NEG_tokenise, 1297	的 Wifi 根本 连不上 。 总之 ， 该	酒店	除了 离 机场 近 ， 完全 对不起 这个 价格 ， 差评 。
HUM_cat-hotel_pol-NEG_tokenise, 1298	， 完全 对不起 这个 价格 ， 差评 。	酒店	位置 较 偏僻 ， 环境 清净 ， 交通 也 方便 ， 但
HUM_cat-hotel_pol-NEG_tokenise, 1298	环境 清净 ， 交通 也 方便 ， 但	酒店	及 周边 就餐 选择 不 多; 浴场 海水 中有 水草,
HUM_cat-hotel_pol-NEG_tokenise, 1299	未 遇到 过 。 我 住 的 是	酒店	标准间 （ 203 房间 ） ， 里面 设施 撑死 2 星级 的
HUM_cat-hotel_pol-NEG_tokenise, 1300	房间 里 一股 厨房 未 ， 相当 恶心	酒店	个映 效果 太 差 ！ 而且 窗户 打开 之后 居然 是 楼道
HUM_cat-hotel_pol-NEG_tokenise, 1300	携程 上定 到 现在 环境 最差 的 一家	酒店	了 ！ ！ ！ 补充 点评 2008 年 6 月 15 日
HUM_cat-hotel_pol-NEG_tokenise, 1301	有 3 本 书籍 提供, 在 其他	酒店	挺 少见 给 携程 的 是 一个 小 的 房间 ， 浴室
HUM_cat-hotel_pol-NEG_tokenise, 1303	出来 ， 没有 出租车 ， 早餐 不好 这个	酒店	在 苏州 的 园区 ， 位置 相当 远 ， 房间 也 一般
HUM_cat-hotel_pol-NEG_tokenise, 1303	， 好象 原先 这个 楼 不是 设计 为	酒店	的 ， 因为 在 园区 内 这种 楼 都 一个 样子 ，
HUM_cat-hotel_pol-NEG_tokenise, 1303	都 一个 样子 ， 我们 是 晚上 入住	酒店	， 可是 从 门口 路过 了 两次 都 没有 发现 是 酒店
HUM_cat-hotel_pol-NEG_tokenise, 1303	门口 路过 了 两次 都 没有 发现 是	酒店	， 最后 问 了 路 人才 又 折回去 。 第二天 退房 后
HUM_cat-hotel_pol-NEG_tokenise, 1303	想 平时 肯定 很少 人会 去 住 这个	酒店	， 出租车 都 会 打 不到 ， 而且 两天 的 房价 都
HUM_cat-hotel_pol-NEG_tokenise, 1303	总之 ， 价格 高 ， 路 远 ，	酒店	很 没有 竞争力 。 如 家 应该 不错 才 对 ， 可是
HUM_cat-hotel_pol-NEG_tokenise, 1305	服务员 态度 冰冷 ， 号召 大家 抵制 该	酒店	。 里面 那个 中餐馆 服务 简直 差到 爆炸 。 。 是因为 周边
HUM_cat-hotel_pol-NEG_tokenise, 1306	。 。 是因为 周边 没有 饭店 只能 在	酒店	里 吃 服务 才 那么 差 吗 。 。 要不是 第二天 的
HUM_cat-hotel_pol-NEG_tokenise, 1306	要不是 第二天 的 飞机 绝对 不会 住 这个	酒店	。 。 1. 只有 一 小部份 房间 有 网络, 还
HUM_cat-hotel_pol-NEG_tokenise, 1308	， 一蹋 糊涂 的 服务 ， 萧条 的	酒店	。 酒店 只能 用 几个 字来 形容 ， 脏乱差 ， 半夜三更 有
HUM_cat-hotel_pol-NEG_tokenise, 1309	糊涂 的 服务 ， 萧条 的 酒店 。	酒店	只能 用 几个 字来 形容 ， 脏乱差 ， 半夜三更 有 按摩 小姐
HUM_cat-hotel_pol-NEG_tokenise, 1312	。 。 。 。 。 太 神秘 的	酒店	， 位置 一点 也 不好 找 ， 出租车 司机 都 不 知道
HUM_cat-hotel_pol-NEG_tokenise, 1312	， 前台 告诉 我 就是 这么 幽静 的	酒店	， 厉害 518 每晚 不含 早 ， 快 赶上 五星 酒店 价格
HUM_cat-hotel_pol-NEG_tokenise, 1313	518 每晚 不含 早 ， 快 赶上 五星	酒店	价格 了 。 房间 狭小 ， 还 没 窗户 ， 没有 书桌
HUM_cat-hotel_pol-NEG_tokenise, 1314	绝对 不会 再 住 第 2 次 的	酒店	！ 临近 高架 ， 太吵 ， 能 换房 吗 ？ 4 月
HUM_cat-hotel_pol-NEG_tokenise, 1316	价格便宜. 强烈要求 携程 不要 再 推荐 这个	酒店	了! 房间 临街 ， 隔音 很差 ， 加上 外面 施工 ，
HUM_cat-hotel_pol-NEG_tokenise, 1324	开, 真是太 不 愉快 的 记忆 了	酒店	外表 及 大堂 看上去 挺 好 的 ， 本来 对 它 也
HUM_cat-hotel_pol-NEG_tokenise, 1324	了 ， 那 电梯 一点 都 不 像是	酒店	的 电梯 ， 而且 从 电梯 到 房间 都 是 一股 浓浓的
HUM_cat-hotel_pol-NEG_tokenise, 1325	的 收费 简直 是 太过分 了 一个 垃圾	酒店	， 徒有其表 。 完全 不管 住客 的 安全 ， 供 住客 使用
HUM_cat-hotel_pol-NEG_tokenise, 1325	素质 极差 。 总之 再 不会 住 这家	酒店	及其 分店 了 。 住 了 普标 ， 床小不去 说 ， 房间
HUM_cat-hotel_pol-NEG_tokenise, 1327	免费 巴士 接送 机 所以 订 了 这个	酒店	, 但 非常 失望. 前台 服务员 态度 很差. 携程 上
HUM_cat-hotel_pol-NEG_tokenise, 1329	这样 的 装修 和 设施 居然 是 五星	酒店	， 倒 ！ 房价 实在 离谱 ， 随便 一个 什么 公司 协议
HUM_cat-hotel_pol-NEG_tokenise, 1331	了 狗 一样 的 经理 和 服务生,	酒店	除了 服务 其它 都 没 问题, 只是 服务 差到 就 像是
HUM_cat-hotel_pol-NEG_tokenise, 1332	入住 了 ， 强烈建议 各位 不要 住 这个	酒店	！ 说 是 五星级 的 标准 建 的 ， 连 三星 的
HUM_cat-hotel_pol-NEG_tokenise, 1332	就 转 了 。 建议 携程 在 这个	酒店	的 前面 不要 打 五星 ！ 明明 订房 是 要 大床 房
HUM_cat-hotel_pol-NEG_tokenise, 1333	喜欢 开 冷气. 我 就 这样 和	酒店	的 人 兜圈子. 后来 酒店 的 人 说 明天 帮 我
HUM_cat-hotel_pol-NEG_tokenise, 1333	这样 和 酒店 的 人 兜圈子. 后来	酒店	的 人 说 明天 帮 我 换 到 六楼 好 了.
HUM_cat-hotel_pol-NEG_tokenise, 1333	了. 叫 我 第二天 下午 三点 前回	酒店	换房, 但 我 第二天 回来 换房, 前台 居然 说 不
HUM_cat-hotel_pol-NEG_tokenise, 1333	可以 换房 了. 你们 说, 这	酒店	好不好, 自己 猜 吧. 补充 点评 2008 年 7 月
HUM_cat-hotel_pol-NEG_tokenise, 1333	这里 写 了 些 事实, 还要 遭遇	酒店	抬杠 式 的 回复. 不知 虚心 检讨. 这 就是 "
HUM_cat-hotel_pol-NEG_tokenise, 1333	不知 虚心 检讨. 这 就是 " 五星	酒店	的 服务 心态 " 4 月 25 日 ， 经 携程 预订
HUM_cat-hotel_pol-NEG_tokenise, 1334	告知 是 空调 的 声音 ， 但是 本	酒店	的 空调 已经 关 了 ， 而 旁边 另一家 酒店 的 空调机
HUM_cat-hotel_pol-NEG_tokenise, 1334	空调 已经 关 了 ， 而 旁边 另一家	酒店	的 空调机 依然 在 响 ， 他们 也 没 办法 。 主动
HUM_cat-hotel_pol-NEG_tokenise, 1336	： 早餐 也 不怎么 地 1 、 该	酒店	房间 小, 我 住 的 标准间 很小, 很 舒服;
HUM_cat-hotel_pol-NEG_tokenise, 1336	很小, 很 舒服; 2 、 这个	酒店	是 三星级 ， 我 认为 最 多 能够 上 两颗 星 ，
HUM_cat-hotel_pol-NEG_tokenise, 1336	服务员 服务质量 极次 ， 建议 协程 取缔 该	酒店	的 会员 资格 ， 我 去 有 上当 的 感觉 。 昨天
HUM_cat-hotel_pol-NEG_tokenise, 1339	住 的 时候 ， 空调 都 没有 ，	酒店	借口 说 ， 已经 开 了 ， 但是 一点 风声 都 没有
HUM_cat-hotel_pol-NEG_tokenise, 1342	不如 四星 的 锦江 。 地毯 有 异味	酒店	的 居住 环境 真是 让 人 没有 安全感 ， 一座 楼里 有
HUM_cat-hotel_pol-NEG_tokenise, 1342	居然 是 透明 的 ， 又 不是 情色	酒店	， 入住 的 不是 情侣 只是 朋友 就算 是 同性 也 感觉
HUM_cat-hotel_pol-NEG_tokenise, 1342	也 感觉 怪怪的 ， 没有 任何 隐私 。	酒店	的 服务 人员 服务态度 也 不怎么 好 ， 给 的 房卡 也
HUM_cat-hotel_pol-NEG_tokenise, 1342	送到 楼上 大厅 去 换 。 总的来说 这家	酒店	的 各项 远 没有 它 的 名字 好 啊 ～ ～ ～
HUM_cat-hotel_pol-NEG_tokenise, 1343	了 这次 没有 开车 ， 自行 去 的	酒店	， 离 火车站 挺 方便 的 ， 乘行 2 专线 就 能
HUM_cat-hotel_pol-NEG_tokenise, 1343	到 。 但是 不得不 提 的 是 这家	酒店	服务 太差 了 ！ 先 从 进门 说起 吧 ！ 因为 CHECK
HUM_cat-hotel_pol-NEG_tokenise, 1343	我们 自己 去 找 服务员 ， 偌大 的	酒店	1 楼 竟然 连 个 人影 都 没 的 说 ， 难道
HUM_cat-hotel_pol-NEG_tokenise, 1343	， 我 嘞 了 个 去 ！ 这家	酒店	有点 狗眼看人 低 的 感觉 。 难道 主楼 因 房价 低 就
HUM_cat-hotel_pol-NEG_tokenise, 1343	楼 。 电梯 打开 一股 油漆味 ！ 原来	酒店	在 装修 中 ， 我 也 真是 无语 了 ！ 在 办
HUM_cat-hotel_pol-NEG_tokenise, 1343	也 是 一直 出去 要 住 5 星级	酒店	， 这种 水准 和 五星 看起来 完全 不 搭界 。 下次 绝对
HUM_cat-hotel_pol-NEG_tokenise, 1343	地 了 ， 实在 坑爹 ！ 只能 说	酒店	的 管理 还是 有 缺失 ， 而且 酒店 太老旧 了 ， 各
HUM_cat-hotel_pol-NEG_tokenise, 1343	酒店 的 管理 还是 有 缺失 ， 而且	酒店	太老旧 了 ， 各 方面 都 有待 改善 ！ 我 对 这次
HUM_cat-hotel_pol-NEG_tokenise, 1344	是 自行 驾车 前往 的 ， 正值 当天	酒店	有 拍卖会 活动 ， 酒店 保安 一直 跟 我 说 没 车位
HUM_cat-hotel_pol-NEG_tokenise, 1344	， 正值 当天 酒店 有 拍卖会 活动 ，	酒店	保安 一直 跟 我 说 没 车位 ， 明明 看到 一个 车位
HUM_cat-hotel_pol-NEG_tokenise, 1344	停车 权 ！ 从没 见过 上海 哪个 星级	酒店	住店 客人 是 需要 支付 停车费 的 ！ 其次 ， 这个 酒店
HUM_cat-hotel_pol-NEG_tokenise, 1344	需要 支付 停车费 的 ！ 其次 ， 这个	酒店	年代久远 ， 地上 的 地毯 上 痕迹 斑驳 ， 特别 脏 特别
HUM_cat-hotel_pol-NEG_tokenise, 1344	受罪 啊 ！ 这种 有 部队 成分 的	酒店	真的 是 太 拽 太 拽 了 ！ 设施 那么 老旧 ，
HUM_cat-hotel_pol-NEG_tokenise, 1346	早上 都 不 送机 ， 比较 失望 。	酒店	餐厅 做 的 饭 还 不错 ， 味道 挺 好 ， 价格公道
HUM_cat-hotel_pol-NEG_tokenise, 1346	价格公道 ， 毕竟 在 机场 附近 嘛 。	酒店	比较 干净 ， 就是 一楼 有点 太吵 。 这是 一个 另人 难忘
HUM_cat-hotel_pol-NEG_tokenise, 1349	干净, 否则 我 很 怀疑 这是 四星级	酒店	卫生 很差 。 地摊 上 特别 脏 。 但是 有 专车接送 。
HUM_cat-hotel_pol-NEG_tokenise, 1354	三天 ， 第一天 ， 打 不到 的士 ，	酒店	的 司机 开了个 商务车 竟然 收 我 40 块 去 一个 实际上
HUM_cat-hotel_pol-NEG_tokenise, 1354	听到 KTV 和 夜总会 的 歌声 。 本来	酒店	的 房间 设计 ， 和 格调 我 还 听 喜欢 的 ，
HUM_cat-hotel_pol-NEG_tokenise, 1356	不 给 我 换? 很 一般 的	酒店	。 标的 3 星级 ， 房间 面积 到 是 很大 ， 电视机
HUM_cat-hotel_pol-NEG_tokenise, 1356	似的 。 袋装 咖啡 应该 是 每个 星级	酒店	必为 客人 每天 免费 准备 的 。 3 、 房间 迷你 吧
HUM_cat-hotel_pol-NEG_tokenise, 1356	没有 服务员 给 你 补充 。 4 、	酒店	给 人 的 感觉 是 没有 任何 服务 的 酒店 。 除了
HUM_cat-hotel_pol-NEG_tokenise, 1356	人 的 感觉 是 没有 任何 服务 的	酒店	。 除了 每天 打扫 一次 房间 外 ， 没有 任何 房间 服务
HUM_cat-hotel_pol-NEG_tokenise, 1356	窗户 、 窗帘 保持 原样 。 5 、	酒店	早餐 太 差 ， 除了 能吃口 稀饭 外 ， 其他 基本 没
HUM_cat-hotel_pol-NEG_tokenise, 1358	很 干净 。 大家 千万 不要 住 这家	酒店	！ 这家 酒店 不论 从 任何 方面 都 是 我 住 过
HUM_cat-hotel_pol-NEG_tokenise, 1358	大家 千万 不要 住 这家 酒店 ！ 这家	酒店	不论 从 任何 方面 都 是 我 住 过 的 酒店 中
HUM_cat-hotel_pol-NEG_tokenise, 1358	任何 方面 都 是 我 住 过 的	酒店	中 的 最差 的 一家 ！ 一点 都 不值 ！ 我 是
HUM_cat-hotel_pol-NEG_tokenise, 1358	， 于是 打电话 让 朋友 帮 我 去	酒店	拿 发票 ． 酒店 服务员 却 拒绝 说 ： ＂ 当时 结帐
HUM_cat-hotel_pol-NEG_tokenise, 1358	朋友 帮 我 去 酒店 拿 发票 ．	酒店	服务员 却 拒绝 说 ： ＂ 当时 结帐 时 没 叫 我们
HUM_cat-hotel_pol-NEG_tokenise, 1358	不会 补开 ！ ＂ 于是 朋友 打 了	酒店	负责人 电话 ， 也 是 如此 回答 ． 并且 这位 酒店 负责人
HUM_cat-hotel_pol-NEG_tokenise, 1358	， 也 是 如此 回答 ． 并且 这位	酒店	负责人 还 说 ＂ 随便 你 去 税 所 投诉 ， 我
HUM_cat-hotel_pol-NEG_tokenise, 1358	回复 说 ： ＂ 打 了 电话 去	酒店	， 酒店 是 这个 规定 ， 我们 也 没 办法 ！ ＂
HUM_cat-hotel_pol-NEG_tokenise, 1358	： ＂ 打 了 电话 去 酒店 ，	酒店	是 这个 规定 ， 我们 也 没 办法 ！ ＂ 真是 天凉
HUM_cat-hotel_pol-NEG_tokenise, 1358	我 到底 贵在 哪里 了 ！ ！ ！	酒店	让 我 失望 ， 而 携程 却 让 我 绝望 ！ ！
HUM_cat-hotel_pol-NEG_tokenise, 1361	结帐 慢 ， 而且 业务 能力差 。 四星级	酒店	停车 居然 要收 停车费 。 真是太 少见 了 。 也许 军队 的
HUM_cat-hotel_pol-NEG_tokenise, 1361	。 真是太 少见 了 。 也许 军队 的	酒店	就是 这么 牛 逼 吧 ！ 非常 糟糕 ！ 无窗 ， 欺骗
HUM_cat-hotel_pol-NEG_tokenise, 1362	一天 的 是 无 窗房 ， 到 了	酒店	前台 也 没有 告知 ， 进 房间 后 发现 无窗 还 特别
HUM_cat-hotel_pol-NEG_tokenise, 1362	不知 用 了 多少 劣质 材料 装修 的	酒店	进 电梯 就 辣 眼睛 ， 走廊 闷气 ， 房间 空气 更
HUM_cat-hotel_pol-NEG_tokenise, 1362	的 排 风机 忍受 了 2 天 。	酒店	没餐 没 超市 ， 出去 要 走 很 远 才 有 个
HUM_cat-hotel_pol-NEG_tokenise, 1362	那么 久 都 没人管 ， 真想 问问 这	酒店	管理者 ， 难道 你 不 觉得 这 快递 小哥 更能 帮 你
HUM_cat-hotel_pol-NEG_tokenise, 1362	这 快递 小哥 更能 帮 你 提升 你	酒店	的 正面 形象 吗 ？ 综上 ， 深感 尽管 酒店 看上去 很
HUM_cat-hotel_pol-NEG_tokenise, 1362	正面 形象 吗 ？ 综上 ， 深感 尽管	酒店	看上去 很 美 ， 但 只会 做 表面 功夫 ， 完全 没什么
HUM_cat-hotel_pol-NEG_tokenise, 1363	是 临近 铁路 ， 很 吵 ！ 难怪	酒店	生意 不好 ， 人 很少 ！ 酒店 是 旧房 改造 ， 怪味
HUM_cat-hotel_pol-NEG_tokenise, 1364	难怪 酒店 生意 不好 ， 人 很少 ！	酒店	是 旧房 改造 ， 怪味 根本 无法忍受 ， 若 不是 酒店 不肯
HUM_cat-hotel_pol-NEG_tokenise, 1364	改造 ， 怪味 根本 无法忍受 ， 若 不是	酒店	不肯 退 当天 的 钱 ， 我 连 这 一晚 也 决不会
HUM_cat-hotel_pol-NEG_tokenise, 1364	我 连 这 一晚 也 决不会 呆 。	酒店	没有 提供 饮食 ， 旁边 的 永和 超贵 ， 没有 什么 好吃
HUM_cat-hotel_pol-NEG_tokenise, 1366	住 过 的 史 上 最差 的 五星	酒店	， 没有 之一 ！ 出差 到 重庆 ， 千万别 定 这个 酒店
HUM_cat-hotel_pol-NEG_tokenise, 1367	！ 出差 到 重庆 ， 千万别 定 这个	酒店	， 各位朋友 ， 原因 有 6 请 参考 1 、 主楼 和
HUM_cat-hotel_pol-NEG_tokenise, 1367	目前 在 修 管道 ， 我 在 该	酒店	住 了 三天 ， 没有 热水 ， 而且 龙头 出水 成喷 状态
HUM_cat-hotel_pol-NEG_tokenise, 1367	用 ， 只是 个 摆设 ； 5 、	酒店	位置 非常 不 方便 打车 ； 6 、 房间内 大多数 物品 都
HUM_cat-hotel_pol-NEG_tokenise, 1367	。 由此 ， 我 强烈 感觉 到 这家	酒店	根本 不能 达到 4 星级 别的 标准 。 这个 酒店 是 住
HUM_cat-hotel_pol-NEG_tokenise, 1368	不能 达到 4 星级 别的 标准 。 这个	酒店	是 住 过 最 失望 的 ， 床小 ， 标间 大概 一张
HUM_cat-hotel_pol-NEG_tokenise, 1368	算了 ， 以后 再累 也 不会 住 这个	酒店	了 ， 反正 三百块 周边 也好 住 了 门 很 难 找
HUM_cat-hotel_pol-NEG_tokenise, 1370	窗子 开在 走 道 上 的 房间 ，	酒店	提供 到 机场 和 火车站 的 小巴 车 ， 但是 一定 要
HUM_cat-hotel_pol-NEG_tokenise, 1375	有 老外 入住 同 一层 ， 可能 是	酒店	隔音 不好 ， 加上 他们 素质 不高 ， 晚上 跟开 聚会 一样
HUM_cat-hotel_pol-NEG_tokenise, 1378	骗 的 感觉 强烈建议 大家 不要 住 这个	酒店	， 预订 的 时候 没有 说 酒店 二楼 是 卡拉 OK 厅
HUM_cat-hotel_pol-NEG_tokenise, 1378	这个 酒店 ， 预订 的 时候 没有 说	酒店	二楼 是 卡拉 OK 厅 ， 到 晚上 12 点多 了 还
HUM_cat-hotel_pol-NEG_tokenise, 1380	后来 得知 成都 有 许多 产权 式 公寓	酒店	， 才 138, 比 它 强 多 了 ！ 空调 不能
HUM_cat-hotel_pol-NEG_tokenise, 1384	！ 咬 得 我 一脸 包 ！ sb	酒店	！ 杂不去 死 ？ 设施 老久 环境 一般 ， 性价比 不高 太
HUM_cat-hotel_pol-NEG_tokenise, 1387	没 特色 ， 以后 绝对 不住 了 ！	酒店	噪音 太 利害, 几乎 没有 隔音 设施 不 符合 环保 要求
HUM_cat-hotel_pol-NEG_tokenise, 1387	隔音 设施 不 符合 环保 要求. 且	酒店	的 负责人 态度恶劣 不 以 客人 利益 考虑. 一方 地头蛇 架
HUM_cat-hotel_pol-NEG_tokenise, 1388	当选 我 住 过 的 五百元 档 的	酒店	中 最烂 的 进门 我 简直 惊呆 了 一股 闷热 潮湿 的
HUM_cat-hotel_pol-NEG_tokenise, 1389	开 了 ！ 天 哪 ！ 这是 什么	酒店	啊 ！ ！ 再次 找人 维修 。 我 问 维修 的 师傅
HUM_cat-hotel_pol-NEG_tokenise, 1389	师傅 给 我 的 回答 就是 这个 破	酒店	只是 在 原来 的 基础 上 稍微 改了 一下 ， 他 都
HUM_cat-hotel_pol-NEG_tokenise, 1391	办理 好 入住 ， 突然 被 通知 说	酒店	临时 改造 升级 ， 被迫 换 到 双人房 。 每天 装修 声音
HUM_cat-hotel_pol-NEG_tokenise, 1392	不 愉快 的 一次 经历!!!	酒店	的 服务 一塌糊涂!!! 在 下午 3 点 左右 入住
HUM_cat-hotel_pol-NEG_tokenise, 1392	折腾 了 一周 多才 确认! 房价 对比	酒店	而言 并 没有 优势 (非常 客观! 并 没有 恶言)
HUM_cat-hotel_pol-NEG_tokenise, 1392	并 没有 恶言) 相隔 一条街 新开 的	酒店	比比皆是! 除了 房间 大, 其他 都 一般, 特别 是
HUM_cat-hotel_pol-NEG_tokenise, 1392	!! 总之! 我 再也不会 去 这个	酒店	了!!! 8 月 头 通过 携程 订 的 两间
HUM_cat-hotel_pol-NEG_tokenise, 1394	下次 肯定 不会 再 去 这里 了 。	酒店	接送 机 服务 态度强硬 完全 不肯 变通 就 因为 航班 早才 选择
HUM_cat-hotel_pol-NEG_tokenise, 1394	而且 也 打 不到 的士 所以 最好 确认	酒店	班机 时间 后 预定 否则 反而 耽误 行程 房间 设施 偏旧 ，
HUM_cat-hotel_pol-NEG_tokenise, 1398	退钱 ， 请 看见 此 留言 入住 这	酒店	要 三思 啊 ， 真是 土匪 啊 。 是 我 住 过
HUM_cat-hotel_pol-NEG_tokenise, 1401	不要 直接 走 人 ！ 好 可怕 这个	酒店	， 隔音 太 差 ， 都 是 用 木板 隔 的 。
HUM_cat-hotel_pol-NEG_tokenise, 1402	住 。 也 就 地理位置 好 了 ，	酒店	陈旧 ， 个别 前台 客服 态度 很差 ， 没有 身份证 有 户口本
HUM_cat-hotel_pol-NEG_tokenise, 1403	？ 也 是 呵呵 了 … … 这家	酒店	有点 差 ， 1 ） 登记 大厅 客人 的 座位 一个 也
HUM_cat-hotel_pol-NEG_tokenise, 1404	3 ） 前台 客服 服务 差 。 尼斯	酒店	的 几大 特点 ： 噪音 大 、 环境 差 、 配置 低
HUM_cat-hotel_pol-NEG_tokenise, 1404	四星 ？ 少见 。 建议 与 “ 凯莱	酒店	” (尼斯 附近) 签约 （ 全国 连锁 ） ， 价格
HUM_cat-hotel_pol-NEG_tokenise, 1405	实惠 。 住 过 全国 那么 多 星级	酒店	， 这个 酒店 是 我 唯一 一次 提前 退房 的 经验 ，
HUM_cat-hotel_pol-NEG_tokenise, 1405	过 全国 那么 多 星级 酒店 ， 这个	酒店	是 我 唯一 一次 提前 退房 的 经验 ， 一个 字 ：
HUM_cat-hotel_pol-NEG_tokenise, 1405	客人 的 工作 ， 也 赔上 了 自己	酒店	的 声誉 2 。 早就 预定 的 是 大床 房, 办理
HUM_cat-hotel_pol-NEG_tokenise, 1405	。 。 。 我 住 了 那么 多	酒店	还是 第一次 遇到 这种 道理 的 ， 完全 没有 服务业 “ 以客
HUM_cat-hotel_pol-NEG_tokenise, 1405	一大 请 早 马上 办理 退房 ， 这家	酒店	不但 耽误 了 我 出差 的 工作 （ 无法 上网 ） ，
HUM_cat-hotel_pol-NEG_tokenise, 1405	， 还是 住 回 原来 常住 的 八宝	酒店	， 虽然 装修 也 是 很 一般 ， 至少 吸引 我常 入住
HUM_cat-hotel_pol-NEG_tokenise, 1406	原因 是 ： 服务态度 很 亲切 对 这个	酒店	的 失望 是从 踏入 酒店 后 的 第一分钟 开始, 一直 持续
HUM_cat-hotel_pol-NEG_tokenise, 1406	亲切 对 这个 酒店 的 失望 是从 踏入	酒店	后 的 第一分钟 开始, 一直 持续 到 离开 这个 酒店 后
HUM_cat-hotel_pol-NEG_tokenise, 1406	第一分钟 开始, 一直 持续 到 离开 这个	酒店	后 的 一个半月, 1) 1 月 22 日 入住,
HUM_cat-hotel_pol-NEG_tokenise, 1406	结果 我 打电话 到 银行 问, 证明	酒店	的确 是 刷 了 我 2 次 672 元. 大堂 经理
HUM_cat-hotel_pol-NEG_tokenise, 1406	银行 取消 一次, 结果 离开 武汉 后	酒店	一直 没 退款, 又 打 了 无数次 长途, 终于 退
HUM_cat-hotel_pol-NEG_tokenise, 1406	了 款. 我 去 银行 核查,	酒店	是 2 月 20 日 把 手续 发到 银行 的, 款
HUM_cat-hotel_pol-NEG_tokenise, 1406	的. 真的 是 不 明白, 这种	酒店	怎么 能 开业 接客. 可 不可思议 的 是 这种 酒店 管理
HUM_cat-hotel_pol-NEG_tokenise, 1406	开业 接客. 可 不可思议 的 是 这种	酒店	管理 公司 怎么 还有 人用? 居然 还 五星 标准, 我
HUM_cat-hotel_pol-NEG_tokenise, 1408	房间 很 苦 普通 ， 卫生 与 星级	酒店	有 很大 的 差距 ， 周边 什么 都 没有 ， 机场 接送
HUM_cat-hotel_pol-NEG_tokenise, 1413	堵 没有 在 预定 时间 到达, 和	酒店	携商廷 后 无果 被 强行 取消 订单 。 锦江 以后 还 能
HUM_cat-hotel_pol-NEG_tokenise, 1414	了 ， 我 在 全国 住 过 很多	酒店	， 第一次 碰到 ， 一到 12 ： 00 必须 退房 的 ，
HUM_cat-hotel_pol-NEG_tokenise, 1414	是 ： 因为 是 携程 用户 ， 这个	酒店	对待 携程 的 客户 真的 态度 很差 ， 因此 建议 携程 的
HUM_cat-hotel_pol-NEG_tokenise, 1414	因此 建议 携程 的 用户 不要 选择 这个	酒店	， 而且 以后 也 不 准备 用 携程 卡订 酒店 了 在
HUM_cat-hotel_pol-NEG_tokenise, 1414	而且 以后 也 不 准备 用 携程 卡订	酒店	了 在 携程 已经 确认 的 订单 ， 酒店 前台 竟然 查不到
HUM_cat-hotel_pol-NEG_tokenise, 1415	了 在 携程 已经 确认 的 订单 ，	酒店	前台 竟然 查不到 ， 怪 了 可以 说 酒店 很差 。 强烈建议
HUM_cat-hotel_pol-NEG_tokenise, 1416	前台 竟然 查不到 ， 怪 了 可以 说	酒店	很差 。 强烈建议 CTRIP 在 郴州 多 准备 几家 酒店 供选择 。
HUM_cat-hotel_pol-NEG_tokenise, 1416	。 强烈建议 CTRIP 在 郴州 多 准备 几家	酒店	供选择 。 房间 有 霉味 ， 床 很大 ， 但 床垫 很
HUM_cat-hotel_pol-NEG_tokenise, 1416	各位 经济 允许 ， 还是 不要 住 这个	酒店	了 。 住 过 最差 的 五星 酒店 ， 设施 是 3
HUM_cat-hotel_pol-NEG_tokenise, 1417	酒店 了 。 住 过 最差 的 五星	酒店	， 设施 是 3 星 不如 ， 一进 房间 通道 一股 霉味
HUM_cat-hotel_pol-NEG_tokenise, 1417	声音 吵醒 。 真的 1288 这是 受罪 的	酒店	。 自助餐 也 是 最差 的 ， 没有 热菜 大家 都 只能
HUM_cat-hotel_pol-NEG_tokenise, 1417	小肥羊 。 只能 评为 史上 最差 的 五星	酒店	。 绝对 不会 再 来 ， 本来 住 两天 的 ， 现在
HUM_cat-hotel_pol-NEG_tokenise, 1417	现在 是 早上 7 点 马上 决定 换	酒店	。 差差 差差 差 ！ 酒店 除了 地理位置 很 好 之外 其他
HUM_cat-hotel_pol-NEG_tokenise, 1418	决定 换 酒店 。 差差 差差 差 ！	酒店	除了 地理位置 很 好 之外 其他 都 不行 房间 隔音 差 卫生间
HUM_cat-hotel_pol-NEG_tokenise, 1419	公交车, 到 市中心 的 1 路车 。	酒店	房间 设施 陈旧 ， 进门 插 钥匙 牌取 电后 ， 竟然 发现
HUM_cat-hotel_pol-NEG_tokenise, 1421	很 失望 好不容易 挨 到 早上 立马 换	酒店	！ 酒店 比较 偏 了 ， 虽然 是 在 东方 路上 ，
HUM_cat-hotel_pol-NEG_tokenise, 1422	好不容易 挨 到 早上 立马 换 酒店 ！	酒店	比较 偏 了 ， 虽然 是 在 东方 路上 ， 周围 也
HUM_cat-hotel_pol-NEG_tokenise, 1429	言过其实 了, 2 星 差不多. 这个	酒店	基本上 我 不 太 满意 ， 住 了 那么 多 酒店 ，
HUM_cat-hotel_pol-NEG_tokenise, 1429	不 太 满意 ， 住 了 那么 多	酒店	， 就 这家 酒店 打扫 房间 还要 人 催 的 ， 回到
HUM_cat-hotel_pol-NEG_tokenise, 1429	住 了 那么 多 酒店 ， 就 这家	酒店	打扫 房间 还要 人 催 的 ， 回到 房间 下午 5 ，
HUM_cat-hotel_pol-NEG_tokenise, 1430	卫生 打扫 还是 很 在意 的 。 这个	酒店	太 没有 职业 精神 了 ！ 等 半天 打 不到 一辆 taxi
HUM_cat-hotel_pol-NEG_tokenise, 1430	太低 。 以后 肯定 不会 再 住 这	酒店	。 早餐 很差 ， 周围环境 很差 。 来 的 路上 导航 显示
HUM_cat-hotel_pol-NEG_tokenise, 1432	的 双床 房 ， 才 完成 加床 ，	酒店	方 也 没 主动 表示歉意 ， 还 说 和 预订 的 是
HUM_cat-hotel_pol-NEG_tokenise, 1432	房先 入住 ， 我们 配合 了 ， 那	酒店	的 服务 意识 在 哪 呢 ？ 怎么 就 没 提醒 下
HUM_cat-hotel_pol-NEG_tokenise, 1433	圆 以上 的 房费 住 到 最差 的	酒店	. 以后 也 不会 再住. 部队 饭店 ， 有 收据 ，
HUM_cat-hotel_pol-NEG_tokenise, 1436	， 悲剧 了 环境 一般 ， 房间 一般	酒店	的 环境 只能 用 两个 字 形容 垃圾 ， 早餐 叫 人
HUM_cat-hotel_pol-NEG_tokenise, 1436	我 就 没敢 用. 后悔 。 这种	酒店	还收 停车费 ， 一次 十元 ， 太 黑 。 这种 酒店 最
HUM_cat-hotel_pol-NEG_tokenise, 1436	， 一次 十元 ， 太 黑 。 这种	酒店	最 多 就是 个 县城 的 招待所 ， 最多值 100 元 /
HUM_cat-hotel_pol-NEG_tokenise, 1440	人员 的 服务态度 很 不好 ， 不 按照	酒店	规定 收取 房费 ， 并且 乱收费 ， 至少 在 目前 阶段 ，
HUM_cat-hotel_pol-NEG_tokenise, 1441	乱收费 ， 至少 在 目前 阶段 ， 这个	酒店	不 适合 居住 ； 同时 ， 携程 方面 提供 的 信息 未能
HUM_cat-hotel_pol-NEG_tokenise, 1441	携程 方面 提供 的 信息 未能 真实 反映	酒店	的 情况 ， 比较 遗憾 。 服务 一般, 真 不 咋样
HUM_cat-hotel_pol-NEG_tokenise, 1444	服务 太 不 配套 。 说实话 ， 这个	酒店	比较 差 ， 去 天津 时 预先 看 了 下 酒店 地址
HUM_cat-hotel_pol-NEG_tokenise, 1444	， 去 天津 时 预先 看 了 下	酒店	地址 ， 富蓝特 就 在 机场 大巴 终点站 附近 ， 比较 近
HUM_cat-hotel_pol-NEG_tokenise, 1444	也 没见 热 多少 。 听说 天津 的	酒店	都 不怎么 的 ， 我 就 坚持 凑合 在 这 住 了
HUM_cat-hotel_pol-NEG_tokenise, 1444	不错 。 亲身经历 ， 客观 评价 ， 希望	酒店	能 改进 。 。 。 开 在 商务楼 里面 的 酒店 ，
HUM_cat-hotel_pol-NEG_tokenise, 1445	。 。 。 开 在 商务楼 里面 的	酒店	， 连 一个 像样 的 前台 都 没有 。 因为 飞机 延误
HUM_cat-hotel_pol-NEG_tokenise, 1445	没有 。 因为 飞机 延误 之前 订 的	酒店	被 取消 ， 就近 订 了 这个 ， 上当 。 强烈 不
HUM_cat-hotel_pol-NEG_tokenise, 1448	近 搭机 方便 ， 住 过 最差 的	酒店	， 空调 漏 了 ， 滴答 滴答 ， 抽水马桶 漏水 ， 最可气
HUM_cat-hotel_pol-NEG_tokenise, 1449	是 懒 的 去 评价 住 过 的	酒店	的, 这次 选择 " 金泰 海博 ", 是因为 新 公司
HUM_cat-hotel_pol-NEG_tokenise, 1449	, 我觉 的 不 吐 不快: 1	酒店	正门 在 马路 背面, 第一次 坐车去 会 习惯 的 开到 马路
HUM_cat-hotel_pol-NEG_tokenise, 1451	！ ！ ！ ！ ！ ！ ！ 首先	酒店	所在位置 很 隐蔽 ， 看样子 是 网上 订单 的 客人 比较 多
HUM_cat-hotel_pol-NEG_tokenise, 1451	爱理不理 的 。 如果 囊中羞涩 可以 考虑 该	酒店	， 否则 还是 去 别处 吧 。 第二天 换 的 那个 不远
HUM_cat-hotel_pol-NEG_tokenise, 1451	。 第二天 换 的 那个 不远 的 天财	酒店	还 不错 。 价格 也 合理 328 元 酒店 根本 没有 自己
HUM_cat-hotel_pol-NEG_tokenise, 1452	还 不错 。 价格 也 合理 328 元	酒店	根本 没有 自己 的 停车场 ， 服务员 态度 太 差 ， 携程
HUM_cat-hotel_pol-NEG_tokenise, 1452	了 ， 连 着 两年 在 携程 订	酒店	没 一次 符合条件 的 ， 根本 谈不上 满意 就 像 招待所 一样
HUM_cat-hotel_pol-NEG_tokenise, 1453	就 像 招待所 一样 。 想不到 挂牌 四星级	酒店	还 拿 这样 的 房间 来 欺骗 消费者 。 一进 房间 ，
HUM_cat-hotel_pol-NEG_tokenise, 1454	都 不如 。 还是 很 有 特色 的	酒店	， 周边 方便 ， 价格 适中 ， 是 最为 合适 费用 有限
HUM_cat-hotel_pol-NEG_tokenise, 1455	如果 需要 购买 好 一点 的 早餐 ，	酒店	应该 先 向 顾客 说明 。 酒店 确实 是 位于 乐山 的
HUM_cat-hotel_pol-NEG_tokenise, 1456	， 酒店 应该 先 向 顾客 说明 。	酒店	确实 是 位于 乐山 的 中心 位置 ， 只是 饭店 的 住宿
HUM_cat-hotel_pol-NEG_tokenise, 1456	已经 开业 很多年 了 ， 但是 从 该	酒店	的 价位 来说 的话 ， 算 差一点 的 。 卫生间 打扫 不
HUM_cat-hotel_pol-NEG_tokenise, 1462	方便 垃圾 啊 ！ ！ 根本 不值 ，	酒店	WiFi 烂 的 要死 ， 连 都 连不上 酒店 服务 就是 个
HUM_cat-hotel_pol-NEG_tokenise, 1463	WiFi 烂 的 要死 ， 连 都 连不上	酒店	服务 就是 个 垃圾 ， 大堂 经理 和 前台 都 是 一脸
HUM_cat-hotel_pol-NEG_tokenise, 1466	了... 2: 由于 很 晚 到达	酒店	, 被 安排 在 了 一楼 。 卫生间 的 淋浴 头 与
HUM_cat-hotel_pol-NEG_tokenise, 1467	爱答不理 的 ， 地理位置 很 好 ， 除了	酒店	门 就是 延安 中路 ， 离 2 号线 和 7 号线 很
HUM_cat-hotel_pol-NEG_tokenise, 1471	无 语 ！ 望 着 挂 着 四星级	酒店	发呆 ， 服务员 见状 连 说 对不起 啊 ！ 我们 并 没有
HUM_cat-hotel_pol-NEG_tokenise, 1471	， 匆匆 离开 记忆 深刻 的 贵阳 柏顿	酒店	。 上海 航空 酒店 地理位置 优越 ， 但 飞机 噪音 太 大
HUM_cat-hotel_pol-NEG_tokenise, 1472	深刻 的 贵阳 柏顿 酒店 。 上海 航空	酒店	地理位置 优越 ， 但 飞机 噪音 太 大 ， 整晚 无法 入眠
HUM_cat-hotel_pol-NEG_tokenise, 1474	住 住 可以 选择 垃圾 ， 什么 垃圾	酒店	， 还 死刑 ， 侮辱 了 四星 这个 名词 首先 要 给
HUM_cat-hotel_pol-NEG_tokenise, 1475	侮辱 了 四星 这个 名词 首先 要 给	酒店	一个 差评 ， 顺便 也 要 批评 携程 。 我 在 携程
HUM_cat-hotel_pol-NEG_tokenise, 1475	携程 。 我 在 携程 上订 的 这家	酒店	， 携程 订价 388 元 ， 并且 携程 上 显示 “ 如需
HUM_cat-hotel_pol-NEG_tokenise, 1475	上 显示 “ 如需 发票 ， 可 向	酒店	索取 ” ， 当 我 退房 结账 时 让 酒店 开发票 时
HUM_cat-hotel_pol-NEG_tokenise, 1475	” ， 当 我 退房 结账 时 让	酒店	开发票 时 ， 酒店 工作人员 说 不能 给 我 开发票 ， 理由
HUM_cat-hotel_pol-NEG_tokenise, 1475	退房 结账 时 让 酒店 开发票 时 ，	酒店	工作人员 说 不能 给 我 开发票 ， 理由 是 我 是 在
HUM_cat-hotel_pol-NEG_tokenise, 1475	不能 开 388 元 ， 工作人员 还 说来	酒店	前台 订房 也 才 348 元 ， 携程 的 价格 已经 高过
HUM_cat-hotel_pol-NEG_tokenise, 1475	348 元 ， 携程 的 价格 已经 高过	酒店	房价 ， 所以 拒绝 开 高出 那 40 元 的 发票 。
HUM_cat-hotel_pol-NEG_tokenise, 1475	携程 出面 解决 ， 结果 携程 几次 找	酒店	沟通 之下 对方 才 给 我 开 了 张 普通发票 （ 本来
HUM_cat-hotel_pol-NEG_tokenise, 1475	我 在 这里 想 说 ， 不管 你	酒店	是 怎么 跟 携程 签订协议 的 ， 你们 的 账务 关系 能
HUM_cat-hotel_pol-NEG_tokenise, 1476	不好 ！ 所以 咯 下次 不再 订 这个	酒店	了 ！ 预定 的 时候 注明 了 要 二楼 房间 ， 入住
HUM_cat-hotel_pol-NEG_tokenise, 1477	元 ， 实际 收 15 元 。 住	酒店	还要 交 停车费 10 元 。 豪华 单间 房间 的 地毯 湿
HUM_cat-hotel_pol-NEG_tokenise, 1477	的 ， 我 真是 无语 了 。 但	酒店	大 环境 是 不错 ， 可惜 这 环境 了 酒店设施 陈旧 ，
HUM_cat-hotel_pol-NEG_tokenise, 1480	长春 之前 ， 查阅 了 携程 的 很多	酒店	评分 ， 感觉 这个 还 算 不错 的 ， 但是 入住 之后
HUM_cat-hotel_pol-NEG_tokenise, 1482	一般 ， 在 所有 住 过 的 经济型	酒店	里算差 ， 比 火车站 那家 168 要 差 。 另外 对 酒店
HUM_cat-hotel_pol-NEG_tokenise, 1482	火车站 那家 168 要 差 。 另外 对	酒店	的 服务 水准 非常 有 质疑 ， 当天 入住 时 ， 身份证
HUM_cat-hotel_pol-NEG_tokenise, 1482	心里 琢磨 只有 可能 遗忘 在 了 该	酒店	， 电话 过去 前台 找 了 半天 ， 终于 发现 。 由于
HUM_cat-hotel_pol-NEG_tokenise, 1482	南昌 去取 身份证 ， 在 要求 报销 到	酒店	的 打 车费 15 元时 ， 还 非常 的 不 爽气 ，
HUM_cat-hotel_pol-NEG_tokenise, 1482	我 的 回复 是 ： 这种 事情 是	酒店	经常 会 发生 的 ， 我们 酒店 是 从来 没有 规定 为
HUM_cat-hotel_pol-NEG_tokenise, 1482	是 酒店 经常 会 发生 的 ， 我们	酒店	是 从来 没有 规定 为 旅客 报销 车费 的 ， 如果 要
HUM_cat-hotel_pol-NEG_tokenise, 1482	， 我 作为 住客 面对 的 是 你们	酒店	， 是 和 你们 酒店 的 交涉 ， 而 不是 和 你们
HUM_cat-hotel_pol-NEG_tokenise, 1482	的 是 你们 酒店 ， 是 和 你们	酒店	的 交涉 ， 而 不是 和 你们 的 员工 ， 赔偿 也
HUM_cat-hotel_pol-NEG_tokenise, 1482	和 你们 的 员工 ， 赔偿 也 是	酒店	方对 住客 的 赔偿 ， 具体 你们 企业 内部 如何 进行 责任
HUM_cat-hotel_pol-NEG_tokenise, 1482	说 了 一句 ， 我们 这种 商务 性	酒店	出 这种 那种 问题 是 很 正常 的 ， 让 人 听
HUM_cat-hotel_pol-NEG_tokenise, 1482	不 舒服 。 有 这种 心态 管理 的	酒店	我 表示遗憾 。 这 是 我 第一次 入住 该 集团 的 酒店
HUM_cat-hotel_pol-NEG_tokenise, 1482	这 是 我 第一次 入住 该 集团 的	酒店	， 我 相信 也 是 最后 一次 。 这个 酒店 到 还
HUM_cat-hotel_pol-NEG_tokenise, 1483	我 相信 也 是 最后 一次 。 这个	酒店	到 还 可以 。 但是 最近 两次 住 那里 两晚 以上 ，
HUM_cat-hotel_pol-NEG_tokenise, 1483	最近 两次 住 那里 两晚 以上 ， 结果	酒店	每次 都 给 携程 说 我 只 住 了 1 晚 就
HUM_cat-hotel_pol-NEG_tokenise, 1483	不象话 了 ， 影响 我 的 积分 。	酒店	使 这点 小心眼 ， 太 不 应该 了 ！ ！ ！ 床单
HUM_cat-hotel_pol-NEG_tokenise, 1492	不错 ， 这 都 是 表面 的 。	酒店	破不说 ， 还 一股 味道 。 半夜 的 时候 卫生间 还有 滴水
HUM_cat-hotel_pol-NEG_tokenise, 1494	00: 40 hrs ， 一路上 有 联络	酒店	， 酒店 职员 回复 零晨 1: 30 分有 有 穿梭 巴士
HUM_cat-hotel_pol-NEG_tokenise, 1494	40 hrs ， 一路上 有 联络 酒店 ，	酒店	职员 回复 零晨 1: 30 分有 有 穿梭 巴士 。 我
HUM_cat-hotel_pol-NEG_tokenise, 1494	穿梭 巴士站 ， 没有 见车; 打电话 到	酒店	， 回复 要 等 ， 我 带 着 7 岁 孩子 与
HUM_cat-hotel_pol-NEG_tokenise, 1494	， 这么 辛苦 去 住 这家 上海 航空	酒店	， 这 经历 往后 不会 再订 ！ 近日 CTRIP 找 我 ，
HUM_cat-hotel_pol-NEG_tokenise, 1494	找 我 ， 说 找 不到 我 入住	酒店	记录 ， 酒店 房间 号码 应该 是 623 。 是 以前 的
HUM_cat-hotel_pol-NEG_tokenise, 1494	说 找 不到 我 入住 酒店 记录 ，	酒店	房间 号码 应该 是 623 。 是 以前 的 工人 宿舍 改造
HUM_cat-hotel_pol-NEG_tokenise, 1495	改造 的 ， 旁边 施工 很 吵 。	酒店	的 设施 也 不是 很 好 。 将近 三百 价位 的 酒店
HUM_cat-hotel_pol-NEG_tokenise, 1496	不是 很 好 。 将近 三百 价位 的	酒店	， 活生生 感觉 到 了 一百 不到 的 设施 与 卫生 等级
HUM_cat-hotel_pol-NEG_tokenise, 1496	了 十多分钟 下来 在 门卫 拿 的 ，	酒店	不 支持 支付宝 等 电子 支付 （ 简直 无 语 ） 房间
HUM_cat-hotel_pol-NEG_tokenise, 1496	熨斗 等 了 很 久 ， 理由 是	酒店	熨斗 找 不到 ， （ 又 一次 无 语 ， 这么 大酒店
HUM_cat-hotel_pol-NEG_tokenise, 1496	， 绝对 是 我 住 过 最差 的	酒店	， 离 机场 近 的 优势 之外 性价比 全无 ， 肯定 不会
HUM_cat-hotel_pol-NEG_tokenise, 1496	肯定 不会 再 住 了 。 上海 航空	酒店	浦东店 的 管理 负责人 真是 吃白饭 ， 不 晓得 在 干些 啥
HUM_cat-hotel_pol-NEG_tokenise, 1498	。 这 是 我 住 过 最烂 的	酒店	了, 比 招待所 还 差, 外观 看起来 还好, 一
HUM_cat-hotel_pol-NEG_tokenise, 1498	没洗, 第 2 天 一大早 就 换	酒店	了! 开车 到 停车场 ， 保安 站 在 旁边 都 不管
HUM_cat-hotel_pol-NEG_tokenise, 1499	擦 得 皮肤 发红 ， 用 着 四星	酒店	从 批发市场 买来 的 洗发水 和 沐浴露 ， 在 心惊胆战 中 用
HUM_cat-hotel_pol-NEG_tokenise, 1499	土 喇叭声 叫醒 。 这 就是 一个 四星级	酒店	的 入住 过程 ！ 一楼 太 潮湿 极差 极差 的 服务态度 ！
HUM_cat-hotel_pol-NEG_tokenise, 1502	一块 帘子 。 更 离谱 的 是 住	酒店	晚上 12 点 居然 切断 空调 ， 而且 11 才 通知 ，
HUM_cat-hotel_pol-NEG_tokenise, 1502	而且 11 才 通知 ， 让 我 换	酒店	都 来不及 。 望江 反正 会议 多 ， 机关 人员 住 的
HUM_cat-hotel_pol-NEG_tokenise, 1505	如家 等 不到 200 元 房价 的 经济型	酒店	还是 有 一定 的 差距 ， 同去 的 同事 的 评价 也
HUM_cat-hotel_pol-NEG_tokenise, 1506	， 这方面 不 清楚 退房 速度 还 可以	酒店	前台 的 服务态度 让 人 无语 。 到 广州 办事 ， 在
HUM_cat-hotel_pol-NEG_tokenise, 1506	朋友 来看 我 ， 开车 送 我 到	酒店	入住 。 非说 我 朋友 也 要 登记 身份证 ， 还 拿出
HUM_cat-hotel_pol-NEG_tokenise, 1510	一个 单人床 ， 一晚 没 睡 好 ，	酒店	还 不肯 退 差价 。 这个 酒店 根本 达 不到 四星级 ，
HUM_cat-hotel_pol-NEG_tokenise, 1511	， 酒店 还 不肯 退 差价 。 这个	酒店	根本 达 不到 四星级 ， 最多 也 就 3 星 ！ 老牌
HUM_cat-hotel_pol-NEG_tokenise, 1513	我 赔 了 5 元 （ 我到 每处	酒店	都 喜欢 玩一玩 ） ， 宽容度 太低 。 建议 非 要 入住
HUM_cat-hotel_pol-NEG_tokenise, 1514	的 ， 都 无精打采 。 北京 老牌 五星	酒店	， 感觉 比较 旧 ， 服务 也 很 一般 ， 豪华 大床
HUM_cat-hotel_pol-NEG_tokenise, 1514	大床 房间 非常 小 ， 在 这 住	酒店	居然 还收 停车费 ， 住 两天 停车费 收 了 小 200 ，
HUM_cat-hotel_pol-NEG_tokenise, 1517	须用 东西 顶住 。 性价比 不高 。 烂	酒店	一个. 结帐 时多收 了 90 元, 回来 后 看 帐单
HUM_cat-hotel_pol-NEG_tokenise, 1518	。 我们 同行 的 一致 认为 ， 这家	酒店	太 差劲 了 。 评价 ： 服务态度 差 、 房间 差 、
HUM_cat-hotel_pol-NEG_tokenise, 1518	会员 评价 绝无 假话 ， 建议 不要 选此家	酒店	。 酒店 地方 很 偏 ， 在 一个 远离 市区 的 开发区
HUM_cat-hotel_pol-NEG_tokenise, 1519	绝无 假话 ， 建议 不要 选此家 酒店 。	酒店	地方 很 偏 ， 在 一个 远离 市区 的 开发区 ， 环境
HUM_cat-hotel_pol-NEG_tokenise, 1519	让 客人 排队 ， 居然 没有 反应 。	酒店	中餐厅 在 另 一幢 楼 ， 那天 都 被包 了 做 婚宴
HUM_cat-hotel_pol-NEG_tokenise, 1524	差不多 11 点钟 了 ， 家里人 打电话 来	酒店	， 酒店 总机 也 是 特别 没 礼貌 的 挂 电话 。
HUM_cat-hotel_pol-NEG_tokenise, 1524	点钟 了 ， 家里人 打电话 来 酒店 ，	酒店	总机 也 是 特别 没 礼貌 的 挂 电话 。 因为 经常
HUM_cat-hotel_pol-NEG_tokenise, 1524	， 这 基本上 是 住 过 最差 的	酒店	了 。 航班 晚点 临时 安排 的 住处 ， 没有 太 大
HUM_cat-hotel_pol-NEG_tokenise, 1527	询问 可否 能 给 个 电 蚊香...	酒店	柜台 居然 说 没有 (实际上 是 有 的) 柜台 服务员
HUM_cat-hotel_pol-NEG_tokenise, 1527	可恶!! 还要 我 事后 打电话 给	酒店	经理 处理.... 住 了 整整 9 夜... 由于 来
HUM_cat-hotel_pol-NEG_tokenise, 1528	没 时间 跟 他们 扯 。 感觉 这家	酒店	管理 很 混乱 ， 前台 跟 房屋 中心 貌似 没有 协同 的
HUM_cat-hotel_pol-NEG_tokenise, 1529	很 失望 哦 。 在 办公楼 里 的	酒店	， 经济 醒 ， 下回 不会 住 。 竟然 不 接受 中国
HUM_cat-hotel_pol-NEG_tokenise, 1531	来算 我 想 以后 再也不会 去 住 这家	酒店	总体 说来, 应该 是 二 星级宾馆. 因为 定 的 时间
HUM_cat-hotel_pol-NEG_tokenise, 1532	的 时间 比较 晚, 所以 只有 这家	酒店	了. 入住 时, 问 前台 一些 黄山 城市 的 信息
HUM_cat-hotel_pol-NEG_tokenise, 1533	两个 晚上 无法 入睡 。 我 对 这个	酒店	已经 实在 忍无可忍 ， 刚刚 对 他们 的 服务员 发了 顿火 ，
HUM_cat-hotel_pol-NEG_tokenise, 1533	， 没有 任何 解决问题 的 能力 。 这个	酒店	根本 就 不是 适合 人 居住 的 地方 。 为什么 ？ 因为
HUM_cat-hotel_pol-NEG_tokenise, 1533	工程部 的 把 空调 关掉 了 。 三星级	酒店	， 在 炎热 夏季 的 南方 ， 晚上 关 中央空调 ！ ！
HUM_cat-hotel_pol-NEG_tokenise, 1533	合作伙伴 ？ ？ 你们 有没有 调查 过 这个	酒店	？ ？ 我 坚决 投诉 ， 南 天 大酒店 ， 连 星级
HUM_cat-hotel_pol-NEG_tokenise, 1538	是 我 住 过 最差 的 一家 五星级	酒店	。 花 了 1100 块定 了 一间 贵宾楼 的 房间 。 到
HUM_cat-hotel_pol-NEG_tokenise, 1538	窗 。 早餐 和 holidayinn express 差不多 。	酒店	旁边 没有 任何 值得 去 的 去处 。 我 只是 心疼 我
HUM_cat-hotel_pol-NEG_tokenise, 1541	的 会员 ， 这样 会 牺牲 我 对	酒店	的 选择权 。 她 变得 不再 热情 ， 要 我付 了 198
HUM_cat-hotel_pol-NEG_tokenise, 1543	块 ！ 以后 也 不会 住 这个 烂	酒店	了 ！ Ｍ Ｄ, 气 ！ 大概 是 早期 的 那种
HUM_cat-hotel_pol-NEG_tokenise, 1547	越南 航空 坑 了 ， 不得不 在 航空	酒店	折腾 半晚 ， 就算 房间 不 贵 ， 但 实在 是 一般
HUM_cat-hotel_pol-NEG_tokenise, 1548	脸上 干 的 起皮 ！ 非常 差 的	酒店	， 住 的 是 高级 房 ， 每天 都 有 n 多
HUM_cat-hotel_pol-NEG_tokenise, 1548	。 总之 ， 差 到极点 的 一家 三星级	酒店	。 怎么 没 人 考核 他们!!! 这 是 我
HUM_cat-hotel_pol-NEG_tokenise, 1549	我 在 携程 遇到 过 的 最差 的	酒店	， 问题 多多 1. 这大 冷天 的 。 房间 塑钢窗 密封性
HUM_cat-hotel_pol-NEG_tokenise, 1549	2. 暖气 不热 。 服务员 告知 本	酒店	采用 地暖 方式 ， 我 一点 没 体会 到 地 暖 的
HUM_cat-hotel_pol-NEG_tokenise, 1549	， 空调 暖风 可以 不用 ， 遥控器 由	酒店	统一 保管 。 几经 交涉 终于 把 遥控器 要 到手 了 。
HUM_cat-hotel_pol-NEG_tokenise, 1550	。 。 。 给 朋友 定 了 该	酒店	, 价格比 以前 高出 了 很多. 这 且不说. 转天 朋友
HUM_cat-hotel_pol-NEG_tokenise, 1550	是 多么 让 人 恶心. 我 相信	酒店	也 完全 能 检查 出来 有, 根本 没有 换, 或者
HUM_cat-hotel_pol-NEG_tokenise, 1550	. 所以, 请 大家 今后 住 这个	酒店	一定 好好 检查 检查. (酒店 最终 解决 是 半价,
HUM_cat-hotel_pol-NEG_tokenise, 1550	这个 酒店 一定 好好 检查 检查. (	酒店	最终 解决 是 半价, 但是 远远 无法 消除 这种 失望,
HUM_cat-hotel_pol-NEG_tokenise, 1550	, 甚至 国内 的 4, 5 星	酒店	绝对 是 无法 容忍 的 事情. 酒店 不是 简单 的 打着
HUM_cat-hotel_pol-NEG_tokenise, 1550	酒店 绝对 是 无法 容忍 的 事情.	酒店	不是 简单 的 打着 折 就 能 摆平 的 事情. 早餐
HUM_cat-hotel_pol-NEG_tokenise, 1553	没有 窗 比 以前 差 了 很多 这种	酒店	如果 也 算 3 星级 酒店 的话 ， 我 真的 无话可说 了
HUM_cat-hotel_pol-NEG_tokenise, 1553	很多 这种 酒店 如果 也 算 3 星级	酒店	的话 ， 我 真的 无话可说 了 。 从 入住 开始 就 不
HUM_cat-hotel_pol-NEG_tokenise, 1553	舒服 ： 因为 没定 到 4 星级 的	酒店	， 所以 携程 建议 住 这里 ， 说 是 3 星 的
HUM_cat-hotel_pol-NEG_tokenise, 1555	， 放下 所谓 的 优越感, 不进则退 ！	酒店	服务 意识 很差 ， 餐厅 不能 签单 ， 说 是 怕 消费
HUM_cat-hotel_pol-NEG_tokenise, 1558	介绍 是 准 四星 未 挂牌 的 该	酒店	， 最好 不要 再 与 这家 酒店 合作 ， 有损 你们 公司
HUM_cat-hotel_pol-NEG_tokenise, 1558	该 酒店 ， 最好 不要 再 与 这家	酒店	合作 ， 有损 你们 公司 声誉 。 还 不如 好 的 招待所
HUM_cat-hotel_pol-NEG_tokenise, 1558	旁边 就是 公路 ， 服务 很差 ， 整个	酒店	很脏 ， 床单 ， 枕套 ， 地毯 。 。 。 只能 和衣而睡
HUM_cat-hotel_pol-NEG_tokenise, 1558	， 餐具 脏 ， 食物 差 。 在	酒店	的 一家 旅行社 也 很 不 正规 。 第二天 立刻 走 人
HUM_cat-hotel_pol-NEG_tokenise, 1560	太大 了 前台 服务员 服务态度 太 差 ，	酒店	登记处 连坐 的 地方 都 没有 ， 有 座位 处 是 卖
HUM_cat-hotel_pol-NEG_tokenise, 1568	快捷酒店 唉 唉 唉 唉 唉 唉 唉	酒店	的 门面 实在 是 太小. 从 旁边 走过 不 注意 看
HUM_cat-hotel_pol-NEG_tokenise, 1568	发现 不了. 同 路上 有 很多 的	酒店	, 与 其他 的 相比 更是 无法 相提并论 了, 前台 服务员
HUM_cat-hotel_pol-NEG_tokenise, 1570	， 蛮 好多 花点 钱订 这个 的 呢	酒店	装修 一般 ， 照片 与 实际 不符 房间 有 异味 服务态度 差
HUM_cat-hotel_pol-NEG_tokenise, 1573	候机楼 车程 绝不 是 5 - 10 分钟	酒店	唯一 的 优点 就是 位置 好 ， 设施 较为 陈旧 ， 地毯
HUM_cat-hotel_pol-NEG_tokenise, 1576	。 无 网络 无法 上 太 差 这家	酒店	以前 未 觉得 有 什么 ， 最近 入住 两次 非常 郁闷 。
HUM_cat-hotel_pol-NEG_tokenise, 1576	第一次 ， 我定 了 一天 ， 第二天 居然	酒店	前台 经理 说 不能 续住 ， 第一次 遇见 ， 携程 还 帮
HUM_cat-hotel_pol-NEG_tokenise, 1576	续住 ， 第一次 遇见 ， 携程 还 帮	酒店	说话 。 今天 住 酒店 没有 空调 ， 三星级 酒店 ， 不可
HUM_cat-hotel_pol-NEG_tokenise, 1576	携程 还 帮 酒店 说话 。 今天 住	酒店	没有 空调 ， 三星级 酒店 ， 不可 想象 ， 服务员 的 解决办法
HUM_cat-hotel_pol-NEG_tokenise, 1576	。 今天 住 酒店 没有 空调 ， 三星级	酒店	， 不可 想象 ， 服务员 的 解决办法 就是 拿个 电风扇 给 我
HUM_cat-hotel_pol-NEG_tokenise, 1576	， 超 搞笑 。 携程 的 工作人员 说	酒店	没有 空调 没有 说法 也 是 正常 的 。 我 真不知道 携程
HUM_cat-hotel_pol-NEG_tokenise, 1576	轻松 了 。 没有 答复 的话 ， 抛开	酒店	不谈 ， 我 觉得 我 对 携程 信任度 也 大打折扣 。 了
HUM_cat-hotel_pol-NEG_tokenise, 1577	一 晚 没有 睡好 。 提醒 大家 ，	酒店	的 保密工作 很 好 ！ 住 起 很 放心 。 环境 幽静
HUM_cat-hotel_pol-NEG_tokenise, 1579	， 周边 配套 较差 ， 适合 短时 居住	酒店	实在 差 ， 房间 又 小 又 脏 ， 卫生间 环境 太
HUM_cat-hotel_pol-NEG_tokenise, 1579	脏 ， 卫生间 环境 太 差 ， 整个	酒店	有点像 马路边 上 的 招待所 。 实在 比较 差 的 酒店 ，
HUM_cat-hotel_pol-NEG_tokenise, 1580	上 的 招待所 。 实在 比较 差 的	酒店	， 强烈 不 推荐 ！ CTRIP 现在 也 越来越 不象话 ！ ！
HUM_cat-hotel_pol-NEG_tokenise, 1582	真 不 适合 入住 。 坐 市区 到	酒店	坐 了 一个多 小时 的 车 五一 小 长假 期间 去 到
HUM_cat-hotel_pol-NEG_tokenise, 1584	应该 多几家 一纬路 旁边 那些 度假 宾馆 。	酒店	前台 服务 很差 ！ 开 了 房间 ， 进去 一看 ， 竟然
HUM_cat-hotel_pol-NEG_tokenise, 1584	投诉 ， 携城 的 态度 很 好 ！	酒店	经理 打 到 房间 来 赔礼道歉 ， 还是 找 什么 客观原因 ，
HUM_cat-hotel_pol-NEG_tokenise, 1584	好象 我 是 属于 那种 住 的 起	酒店	， 吃不起 早餐 的 人 ！ 跟 她们 闹 ， 就是 因为
HUM_cat-hotel_pol-NEG_tokenise, 1584	真是 气愤 ！ 不 建议 大家 住 这个	酒店	！ 虽然 说 是 4 星级 ， 不过 除了 大厅 感觉 够
HUM_cat-hotel_pol-NEG_tokenise, 1587	能 坏 的 都 是 坏 的 。	酒店	位置 不错 ， 离 地铁站 不远 ； 设施 一般 ， 好像 是
HUM_cat-hotel_pol-NEG_tokenise, 1587	写字楼 改装 的 ， 不像 很 专业 的	酒店	； 酒店 的 大门 （ 门 头 ） 很小 ， 形象 比较
HUM_cat-hotel_pol-NEG_tokenise, 1587	的 ， 不像 很 专业 的 酒店 ；	酒店	的 大门 （ 门 头 ） 很小 ， 形象 比较 差 ；
HUM_cat-hotel_pol-NEG_tokenise, 1587	差 ； 服务 和 卫生 基本 是 经济型	酒店	水平 。 携程 应 慎选 酒店 ， 该 酒店 不该 定 这个
HUM_cat-hotel_pol-NEG_tokenise, 1587	是 经济型 酒店 水平 。 携程 应 慎选	酒店	， 该 酒店 不该 定 这个 价格 。 环境 还 可以 ，
HUM_cat-hotel_pol-NEG_tokenise, 1587	水平 。 携程 应 慎选 酒店 ， 该	酒店	不该 定 这个 价格 。 环境 还 可以 ， 味道 有 五星
HUM_cat-hotel_pol-NEG_tokenise, 1588	。 环境 还 可以 ， 味道 有 五星	酒店	的 味道 ， 但是 设施 ， 服务 就 一般般 了 梅雨 去
HUM_cat-hotel_pol-NEG_tokenise, 1593	5 米床 的 单间 ， 至 11 点回	酒店	时 发现 不对经 交涉 才 换 了 一间 边远 地带 对 着
HUM_cat-hotel_pol-NEG_tokenise, 1593	着 闹 着 要 睡觉 的 小孩 在	酒店	奔来 奔 去 绝对 令人 愤怒 。 致电 要求 大堂 副理 上门
HUM_cat-hotel_pol-NEG_tokenise, 1593	下文 ， 向 携程 投诉 的 结果 是	酒店	不会 道歉 不会 免费 升级 不会 减免 房费 但 可以 免费送 个
HUM_cat-hotel_pol-NEG_tokenise, 1593	！ 这种 服务态度 不会 再来 了 ！ 当然	酒店	可能 一样 不在乎 你 携程 的 客人 来 不来 。 说句实话 ，
HUM_cat-hotel_pol-NEG_tokenise, 1594	我 所 住 全国 挂牌 最差 的 四星级	酒店	， 不仅仅 是 他 的 硬件 设施 和 服务 都 无法 恭维
HUM_cat-hotel_pol-NEG_tokenise, 1594	简直 是 无言 ， 临走 我 给 他们	酒店	留 了 言 ， 这样 的 价格 ， 这样 的 服务 怎么
HUM_cat-hotel_pol-NEG_tokenise, 1594	不负责任 了 ， 怎么 可以 把 这样 一个	酒店	随便 就 推荐 给 客人 ， 房间 的 地毯 有水 ， 整个
HUM_cat-hotel_pol-NEG_tokenise, 1594	的 一个 200 的 自己 找 的 一个	酒店	的 设施 ， 不经意 的 都 可以 看到 很多 剥落 的 墙纸
HUM_cat-hotel_pol-NEG_tokenise, 1594	， 我 这 是 第一次 在 一个 四星级	酒店	第一次 听到 这样 的 收费 项目 ， 交涉 以后 没有 收 ，
HUM_cat-hotel_pol-NEG_tokenise, 1594	！ ！ ！ 唯一 觉得 欣慰 的 是	酒店	大堂 的 服务 够 3 星 标准 。 携程 啊 携程 ，
HUM_cat-hotel_pol-NEG_tokenise, 1596	可能 是 四星 ？ ？ ？ 住 的	酒店	旁边 是 酒吧 ， 都 睡不着 觉 ， 酒店 环境 偏旧 据说
HUM_cat-hotel_pol-NEG_tokenise, 1596	旁边 是 酒吧 ， 都 睡不着 觉 ，	酒店	环境 偏旧 据说 这是 泰山 上 最高级 的 酒店, 3 星
HUM_cat-hotel_pol-NEG_tokenise, 1597	环境 偏旧 据说 这是 泰山 上 最高级 的	酒店	, 3 星 的, 但 自从 我们 一进 酒店 大门 就
HUM_cat-hotel_pol-NEG_tokenise, 1597	3 星 的, 但 自从 我们 一进	酒店	大门 就 发现, 这个 在 山下 只能 算是 1 星 的
HUM_cat-hotel_pol-NEG_tokenise, 1597	着 住 了. 再 来说 下 这	酒店	里 的 餐厅, 到达 的 当天 我们 在 那里 吃 的
HUM_cat-hotel_pol-NEG_tokenise, 1597	饭店, 再说 了, 最好 的 三星级	酒店	的 餐厅 都 这样, 小 饭店 的 卫生 水准 就 更
HUM_cat-hotel_pol-NEG_tokenise, 1597	不 明白, 领导人 怎么 会住 在 这种	酒店	呢???? 多么 美的 泰山, 竟然 配套 的
HUM_cat-hotel_pol-NEG_tokenise, 1601	太 让 人 失望 了 ！ ！ ！	酒店	只会 对 客人 不好 的 点评 做出 辩驳 ， 这样 的 酒店
HUM_cat-hotel_pol-NEG_tokenise, 1601	不好 的 点评 做出 辩驳 ， 这样 的	酒店	还有 生存 知道 吗 ？ 难道 堂堂 挂六星 的 酒店 （ 根本
HUM_cat-hotel_pol-NEG_tokenise, 1601	生存 知道 吗 ？ 难道 堂堂 挂六星 的	酒店	（ 根本 就 不是 国家旅游局 颁发 的 ） 就是 以 这样 真诚
HUM_cat-hotel_pol-NEG_tokenise, 1602	. 我 是 5 点 左右 到 的	酒店	, 3, 我用 信用卡 担保 了 2. 换到 909 房间
HUM_cat-hotel_pol-NEG_tokenise, 1605	是 5 月初 在 携程 上 预定 该	酒店	1 间 标间 加床 的 ， 预定 价格 为 320 ＋ 100
HUM_cat-hotel_pol-NEG_tokenise, 1605	会为 我们 优先 准备 三人间 。 中午 回到	酒店	， 前台 小姐 说 标间 还 没有 打扫 完 ， 所以 推荐
HUM_cat-hotel_pol-NEG_tokenise, 1605	什么 需要 。 （ 15 日离店 时 在	酒店	门口 赫然 发现 “ 庆祝 南平市 首届 科技成果 交易会 5 月 13
HUM_cat-hotel_pol-NEG_tokenise, 1605	住 在 这样 一个 没有 基本 诚信 的	酒店	， 忍受 每天晚上 小姐 的 准时 骚扰 了 。 特价 房太差 我们
HUM_cat-hotel_pol-NEG_tokenise, 1607	真的 很 是 失望. 请要 入住 该	酒店	的 朋友 们 入住 时 一定 要 清点 你 房间 的 消费
HUM_cat-hotel_pol-NEG_tokenise, 1608	的 噪音 吵醒 ， 再也 不想 入住 这家	酒店	了 1 / 我 的 订单号 是: 129175725 ， 入住 时
HUM_cat-hotel_pol-NEG_tokenise, 1610	再也不会 住. 强烈建议 大家 考虑 其他 经济型	酒店	, 如 家 越来越 差 了. 前几次 入住 此 酒店 的
HUM_cat-hotel_pol-NEG_tokenise, 1611	家 越来越 差 了. 前几次 入住 此	酒店	的 舒适 感觉 使 我 认为 再 去 香港 住 这 是
HUM_cat-hotel_pol-NEG_tokenise, 1611	残酷 了 ！ ！ ！ - 中午 到达	酒店	办理 入住 手续 时 开始 出 问题 ： 找 不到 入住 的
HUM_cat-hotel_pol-NEG_tokenise, 1611	着 了 人名 房型 又 不 对 ，	酒店	前台 服务员 板着脸 说 是 携程 跟 他们 定 房间 时 没有
HUM_cat-hotel_pol-NEG_tokenise, 1611	来来回回 两个 多 小时 的 三方 交涉 ，	酒店	给 了 我们 一张 免费 的 加床 并 说 第二天 给 调换
HUM_cat-hotel_pol-NEG_tokenise, 1611	时 我们 换 了 一家 公司 定房 ，	酒店	才 给 调 了 我们 需要 的 房间 ， 终于 结束 了
HUM_cat-hotel_pol-NEG_tokenise, 1611	了 这 几天 的 加床 之 旅 。	酒店	前台 服务员 态度生硬 ， 房间 的 超 迷你 和 以前 住 在
HUM_cat-hotel_pol-NEG_tokenise, 1612	年 4 月 22 日 ： 刚 接到	酒店	预订 部 的 电话 ， 对 所 提 的 意见 进行 了
HUM_cat-hotel_pol-NEG_tokenise, 1612	我 14 日 入住 的 上海 华港 雅阁	酒店	（ 虹桥机场 ） 比 起来 ， 真是 天壤之别 。 24 日 又
HUM_cat-hotel_pol-NEG_tokenise, 1612	不过 这次 我 已经 预订 了 另外 一家	酒店	， 下次 到 苏州 ， 我会 考虑 再次 入住 友联 。 希望
HUM_cat-hotel_pol-NEG_tokenise, 1617	入住 的 时间 的 。 结果 ， 到达	酒店	的 时候 ， 居然 才 得知 ， 根本 没有 给 我 留
HUM_cat-hotel_pol-NEG_tokenise, 1617	得 我 一个 女子 半夜三更 还要 去 找	酒店	， 极 不 安全 。 对 这样 的 服务态度 和 这样 差
HUM_cat-hotel_pol-NEG_tokenise, 1617	感觉 大打折扣 ！ ！ ！ ！ 各位 订	酒店	的 朋友 ， 要 注意 啊 ！ 酒店 位置 还 可以 ，
HUM_cat-hotel_pol-NEG_tokenise, 1618	酒店 的 朋友 ， 要 注意 啊 ！	酒店	位置 还 可以 ， 离 江边 很近 。 房间 因为 没窗 ，
HUM_cat-hotel_pol-NEG_tokenise, 1620	我 和 LP 是 午夜 12 点到 的	酒店	， 拿到 房号 是 1404 的 房间 ， 我 看着 墙上 的
HUM_cat-hotel_pol-NEG_tokenise, 1622	连锁 的 ， 就是 一个 旅馆 。 老	酒店	， 服务 相当 一般 ， 酒店 比较 潮 入住 的 时候 我
HUM_cat-hotel_pol-NEG_tokenise, 1622	。 老 酒店 ， 服务 相当 一般 ，	酒店	比较 潮 入住 的 时候 我 强调 不要 靠窗 的 房间 ，
HUM_cat-hotel_pol-NEG_tokenise, 1624	马路 的 房间 ！ 实在 可恶 什么 破烂	酒店	， 可以 说 是 携程 提供 酒店 里面 最差 的 了 ，
HUM_cat-hotel_pol-NEG_tokenise, 1624	破烂 酒店 ， 可以 说 是 携程 提供	酒店	里面 最差 的 了 ， 而且 差到 无法形容 ， 什么 都 不好
HUM_cat-hotel_pol-NEG_tokenise, 1626	内部 装饰 ， 及 用品 ， 很 旧	酒店	房间 太烂 。 服务 一般 。 地点 也 差 。 房间 小
HUM_cat-hotel_pol-NEG_tokenise, 1627	我 为 朋友 通过 携程 预订 了 该	酒店	。 朋友 入住 时 ， 宾馆 里 空房 很多 。 但 我
HUM_cat-hotel_pol-NEG_tokenise, 1628	便宜 但是 却 比 差不多 同 价格 的	酒店	差 ！ 比如 朗庭贵 一两百 但是 各 方面 都 好 太 多
HUM_cat-hotel_pol-NEG_tokenise, 1630	样子 性格 比不高 跟 宁波 同 城 其他	酒店	比 起来 有 差距 非常 一般 ， 就是 离 机场 近 终于
HUM_cat-hotel_pol-NEG_tokenise, 1632	我们 这种 经常 出差 的 ， 大大小小 的	酒店	住 过 不少 。 这样 的 事情 还是 第一次 遇到 ， 说实话
HUM_cat-hotel_pol-NEG_tokenise, 1637	, 也 就 不 说 什么 了!	酒店	外观 相对 气派, 但 房间 确实 很 简陋, 设施 陈旧
HUM_cat-hotel_pol-NEG_tokenise, 1643	， 给 他 ” 。 后来 我 问	酒店	餐厅 老板 ， 为什么 他们 服务态度 那么 差 ， 怎么 象 国营
HUM_cat-hotel_pol-NEG_tokenise, 1643	， 建议 不要 给 客人 推荐 这样 的	酒店	， 简直 受气 。 1 房间 很小 ， 地毯 很脏 ， 白
HUM_cat-hotel_pol-NEG_tokenise, 1645	没有 润肤 液 ， 深圳 此 价位 的	酒店	大多 都 有 ， 同价位 的 酒店 选择 也 很多 ， 无
HUM_cat-hotel_pol-NEG_tokenise, 1645	的 酒店 大多 都 有 ， 同价位 的	酒店	选择 也 很多 ， 无 必要 再选 这 间 。 真的 不值
HUM_cat-hotel_pol-NEG_tokenise, 1649	了 个 你好 ， 客气 地问 了 下	酒店	有 没 医务室 ， 接线员 直接 怼 了 句 “ 没有 ！
HUM_cat-hotel_pol-NEG_tokenise, 1651	了 ， 神清气爽 ： ） 服务 超级 差	酒店	性价比 不高 ， 只是 离 办事 地方 近 ， 没有 别的 更好
HUM_cat-hotel_pol-NEG_tokenise, 1652	， 服务质量 又 不 高 。 公家 的	酒店	， 政府 机关 出差 指定 的 宾馆 。 到 机场 很 方便
HUM_cat-hotel_pol-NEG_tokenise, 1653	是 我 住 过 的 房间 最小 的	酒店	了, 房间 的 宽度 就是 一个床 的 宽度, 床脚 上面
HUM_cat-hotel_pol-NEG_tokenise, 1654	换 了 一个 有 半个 窗户 的 ，	酒店	不 应该 建设 没有 窗户 的 房间 ； 缺点 2 ： 服务生
HUM_cat-hotel_pol-NEG_tokenise, 1656	一个 ； 服务 不好 ， 洗澡水 太小 。	酒店	客服 人员 缺乏 服务 意识 ， 喜欢 一本正经 讲 规定 ， 房费
HUM_cat-hotel_pol-NEG_tokenise, 1657	礼貌 都 没有... 很 值得 一住 的	酒店	， 安静 舒适 ， 有 特色 ！ 酒店 老旧 ， 前台 服务态度
HUM_cat-hotel_pol-NEG_tokenise, 1658	酒店 ， 安静 舒适 ， 有 特色 ！	酒店	老旧 ， 前台 服务态度 不敢恭维 ， 唯一 的 优势 就是 位置 不错
HUM_cat-hotel_pol-NEG_tokenise, 1660	。 住 得 不好, 下次 不会 再选	酒店	服务员 素质 有待 提高 ， 不够 亲切 酒店 房间 太脏 了 ，
HUM_cat-hotel_pol-NEG_tokenise, 1661	酒店 服务员 素质 有待 提高 ， 不够 亲切	酒店	房间 太脏 了 ， 我 刷牙 的 时候 差点 没吐 了 ，
HUM_cat-hotel_pol-NEG_tokenise, 1664	， 性价比 太差 了 第一次 接触 速 8	酒店	， 感觉 比较 失望 。 相比 以往 接触 过 的 如家 、
HUM_cat-hotel_pol-NEG_tokenise, 1664	7 days 、 锦江 之 星等 连锁 经济	酒店	， 感觉 速 8 无论 从 硬件 到 软件 都 还 很
HUM_cat-hotel_pol-NEG_tokenise, 1664	僵硬 ， 丝毫 没有 体现 出 全球 连锁	酒店	员工 的 职业 素养 。 消毒水 味太大 了 ， 外面 大妈 舞
HUM_cat-hotel_pol-NEG_tokenise, 1670	开着 空调 还是 冷 停车 不 满意 。	酒店	房间 很小 ， 服务员 服务态度 很差 ， 有个 预订 部 的 大叔
HUM_cat-hotel_pol-NEG_tokenise, 1670	， 竟然 当场 跟 客人 吵架 。 这	酒店	我 也 醉 了 。 垃圾 酒店 ， 房间 没有 赠 饮
HUM_cat-hotel_pol-NEG_tokenise, 1670	这 酒店 我 也 醉 了 。 垃圾	酒店	， 房间 没有 赠 饮 的 水 ， 最低 50 一瓶 ，
HUM_cat-hotel_pol-NEG_tokenise, 1671	是 我 住 过 的 隔音 最差 的	酒店	， 隔壁 2 个人 正常 的 对话 我 都 能 听 得
HUM_cat-hotel_pol-NEG_tokenise, 1675	地方. 真 不 象是 一家 四星级 的	酒店	， 评 三星 都 觉得 高 ， 房间 很小 并且 很 旧
HUM_cat-hotel_pol-NEG_tokenise, 1677	， 交通 算是 比较 方便 的 ， 有	酒店	的 摆渡 车 ， 但是 酒店 硬件 真的 太老 了 非常 非常
HUM_cat-hotel_pol-NEG_tokenise, 1677	， 有 酒店 的 摆渡 车 ， 但是	酒店	硬件 真的 太老 了 非常 非常 差 ， 凌晨 入住 酒店 办手续
HUM_cat-hotel_pol-NEG_tokenise, 1678	太老 了 非常 非常 差 ， 凌晨 入住	酒店	办手续 竟然 等 了 接近 一个 小时 。 已经 很困 很累 了
HUM_cat-hotel_pol-NEG_tokenise, 1678	已经 很困 很累 了 。 真是 雪上加霜 。	酒店	面对 这种 情况 总该有 个 预案 吧 。 就 这么 耗着 。
HUM_cat-hotel_pol-NEG_tokenise, 1678	。 就 这么 耗着 。 下次 还是 换家	酒店	吧 。 强烈 不 推荐 ！ ！ ！ 酒店 地理位置 比较 好
HUM_cat-hotel_pol-NEG_tokenise, 1679	吧 。 强烈 不 推荐 ！ ！ ！	酒店	地理位置 比较 好 ， 交通 非常 便利 。 美中不足 的 是 设施
HUM_cat-hotel_pol-NEG_tokenise, 1679	设施 和 服务 希望 更好 些 ， 虽然	酒店	比较 老 ， 但是 还是 需要 与时俱进 。 1 。 卫生间 小得
HUM_cat-hotel_pol-NEG_tokenise, 1681	好点 的 印象 呢 ？ 傻 ！ 这	酒店	很 臭 ， 我订 的 经济 单间 ， 房间 小 的 可怜
HUM_cat-hotel_pol-NEG_tokenise, 1685	贵 ， 房间 插座 太 少 。 星级	酒店	的 价格 ， 快捷酒店 的 房间 ， 还有 一股 浓浓的 霉味 ，
HUM_cat-hotel_pol-NEG_tokenise, 1686	住 过 的 一家 全国 最差 的 四星级	酒店	. 进房 给 你 第一 的 感慨 是 灯光 灰暗, 我
HUM_cat-hotel_pol-NEG_tokenise, 1686	才能 达到. 我 是 晚上 9 点多进	酒店	, 11 点多想 洗澡, 却 开不出 热水, 打电话 给 总台
HUM_cat-hotel_pol-NEG_tokenise, 1686	还是 没供 上, 我 又 找 了	酒店	值班 柳 经理, 本人 一天 长途 从 上海 开车 12 个
HUM_cat-hotel_pol-NEG_tokenise, 1687	看 了 前面 的 点评 ， 感觉 此	酒店	应该 不错 ， 所以 这次 去 慈溪 定 了 国脉 酒店 。
HUM_cat-hotel_pol-NEG_tokenise, 1687	， 所以 这次 去 慈溪 定 了 国脉	酒店	。 结果 大失所望 。 酒店 位置 不错 ， 298 的 大床 房
HUM_cat-hotel_pol-NEG_tokenise, 1687	定 了 国脉 酒店 。 结果 大失所望 。	酒店	位置 不错 ， 298 的 大床 房 窗外 景色 好 ， 公园
HUM_cat-hotel_pol-NEG_tokenise, 1687	服务 小姐 态度 比较 生硬 ； 五 、	酒店	所有 的 商务 单 人大 床 靠北边. 但是 低下 是 冷却塔
HUM_cat-hotel_pol-NEG_tokenise, 1689	潮湿 ， 电视 还坏 了 ， 什么 破	酒店	， 携程 就是 这样 推荐 吗 ？ 酒店 前台 接待 特牛 ，
HUM_cat-hotel_pol-NEG_tokenise, 1690	酒店 ， 携程 就是 这样 推荐 吗 ？	酒店	前台 接待 特牛 ， 说话 拽 的 不行 ！ 房间 设计 不合理
HUM_cat-hotel_pol-NEG_tokenise, 1693	， 这家 大床 间 面积 很大 ， 经济型	酒店	感觉 莫泰 比如 家住 的 舒服 。 餐厅 套餐 28 块 ，
HUM_cat-hotel_pol-NEG_tokenise, 1694	之间 ， 邻近 静安寺 商业区 、 上海展览中心 ；	酒店	三面 环绿 ， 环境 幽雅 ， 交通 便利 。 第二次 入住 ，
HUM_cat-hotel_pol-NEG_tokenise, 1698	再 去 了 。 差 就 一个 字	酒店	位置 虽然 在 浦东 机场 附近 ， 如果 没有 导航 根本 找
HUM_cat-hotel_pol-NEG_tokenise, 1698	如果 没有 导航 根本 找 不到 的 。	酒店	内 的 设施 有些 陈旧 ， 给 自己 手机 充电 ， 插头
HUM_cat-hotel_pol-NEG_tokenise, 1700	了 2 个 单间 ， 结果 到 了	酒店	， 酒店 前台 告诉 我订 的 是 1 个 单间 和 1
HUM_cat-hotel_pol-NEG_tokenise, 1700	个 单间 ， 结果 到 了 酒店 ，	酒店	前台 告诉 我订 的 是 1 个 单间 和 1 个 标房
HUM_cat-hotel_pol-NEG_tokenise, 1700	1 个 标房 ， 强烈 交涉 后 ，	酒店	还是 给 了 我 2 个 单间 ， 但是 里面 设施 极差
HUM_cat-hotel_pol-NEG_tokenise, 1700	预订 2 个 单间 ， 但是 到 了	酒店	却 变成 1 单间 1 标房 ； 2. 该 酒店 条件
HUM_cat-hotel_pol-NEG_tokenise, 1700	1 单间 1 标房 ； 2. 该	酒店	条件 太 差 ， 根本 不 符合 三星级 标准 ， 不 建议
HUM_cat-hotel_pol-NEG_tokenise, 1701	朋友 最好 慎重考虑, 从 长途车 站 到	酒店	需要 45 分钟 路程 100 元 大洋 。 本来 订 的 木屋
HUM_cat-hotel_pol-NEG_tokenise, 1702	极其 的 差 ， 虽能 说明 这 将	酒店	的 情况 。 服务 差 、 房间 差 、 设备 差 ，
HUM_cat-hotel_pol-NEG_tokenise, 1704	不错 ， 房间 设施 还 可以 ， 但	酒店	内 非常 的 冷 ， 冬天 不 推荐 入住 。 大年初一 入住
HUM_cat-hotel_pol-NEG_tokenise, 1705	不 推荐 入住 。 大年初一 入住 的 ，	酒店	的 装修 不错 ， 可是 前台 服务 就 一位 男生 ， 态度
HUM_cat-hotel_pol-NEG_tokenise, 1705	的 ， 如果 要出 四百多 我们 选择 其他	酒店	了 ， 也 不会 住 他家 了 ， 地方 那么 偏 ，
HUM_cat-hotel_pol-NEG_tokenise, 1705	小 啊 ， 比 一百元 多 的 连锁	酒店	还 小 ， 装修 不错 ， 床 比较 舒服 ， 不过 下次
HUM_cat-hotel_pol-NEG_tokenise, 1709	日 ： 洗澡水 不是 很大 。 五星级 的	酒店	， 三星级 的 房间 ， 两 星级 的 服务 ， 零星 级
HUM_cat-hotel_pol-NEG_tokenise, 1709	级 的 环境 。 以后 再也不会 来 这家	酒店	了 。 房间 配置 很差 ， 真 可惜 太仓 没有 如家 和
HUM_cat-hotel_pol-NEG_tokenise, 1710	锦江 之星 ， 下次 不会 再 入住 这家	酒店	这是 一家 相当 烂 的 酒店 ， 我 不 知道 其他人 是
HUM_cat-hotel_pol-NEG_tokenise, 1711	入住 这家 酒店 这是 一家 相当 烂 的	酒店	， 我 不 知道 其他人 是 如何 评价 它 的 ， 对
HUM_cat-hotel_pol-NEG_tokenise, 1714	9 / 11 因 出差 住 过 ，	酒店	太差 了 ， 最糟 的 是 酒店 环境 ， 旁边 没有 一家
HUM_cat-hotel_pol-NEG_tokenise, 1714	， 酒店 太差 了 ， 最糟 的 是	酒店	环境 ， 旁边 没有 一家 商店 或 饭店 ， 旁边 是 一个
HUM_cat-hotel_pol-NEG_tokenise, 1714	灰 ， 不时 有 驴车 经过 ， 从	酒店	内部 装修 看 根本 不是 06 年 开业 ， 至少 开业 也
HUM_cat-hotel_pol-NEG_tokenise, 1714	真是 差到 不想 吃 。 可以 说 这个	酒店	唯一 可能 还 尚可 的 是 服务 了 。 年头 太久 了
HUM_cat-hotel_pol-NEG_tokenise, 1716	是 服务 了 。 年头 太久 了 对	酒店	太 失望 了 ， 所有 服务 人员 都 像 我 欠 了
HUM_cat-hotel_pol-NEG_tokenise, 1721	这家 号称 当地 最好 挂牌 4 星 的	酒店	真的 名不副实 ， 酒店家具 房间 都 很 陈旧 ， 特别 是 2
HUM_cat-hotel_pol-NEG_tokenise, 1722	慎用 ！ ！ ！ 性价比 很差 的 一个	酒店	， 唯独 位置 好离 机场 近 这个 酒店 实在 太 差 ，
HUM_cat-hotel_pol-NEG_tokenise, 1723	酒店 ， 唯独 位置 好离 机场 近 这个	酒店	实在 太 差 ， 房间 设施 和 二星级 的 差不多 。 淋浴间
HUM_cat-hotel_pol-NEG_tokenise, 1724	床上 用 电脑 ，? 很 一般 的	酒店	这破 饭店 还敢 说 是 2007 年 新装修 ， 除了 墙纸 、
HUM_cat-hotel_pol-NEG_tokenise, 1726	携程 该 给 大家 好好 把把关 。 这	酒店	也 就是 地理位置 好 吧 ， 赶早 班机 的 朋友 可以 住
HUM_cat-hotel_pol-NEG_tokenise, 1726	。 也 不 问好 ， 态度生硬 。 这	酒店	， 这 服务 ， 算了吧 。 酒店 地理位置 还 不错 ， 交通
HUM_cat-hotel_pol-NEG_tokenise, 1727	这 酒店 ， 这 服务 ， 算了吧 。	酒店	地理位置 还 不错 ， 交通 比较 便利 。 但 酒店 外观 、
HUM_cat-hotel_pol-NEG_tokenise, 1727	还 不错 ， 交通 比较 便利 。 但	酒店	外观 、 房间 设施 比较 陈旧 。 奉劝 大家 都 别住 这么
HUM_cat-hotel_pol-NEG_tokenise, 1728	别住 这么 脏 ！ 破 ！ 差 的	酒店	了 ， 别信 什么 四星级 酒店 ， 住 的 都 快 恶心
HUM_cat-hotel_pol-NEG_tokenise, 1728	差 的 酒店 了 ， 别信 什么 四星级	酒店	， 住 的 都 快 恶心 坏 了 ， 卫生 差 ，
HUM_cat-hotel_pol-NEG_tokenise, 1730	的 房间 无 窗户 。 卫生 一般 。	酒店	像 迷宫 一样 的 ， 前台 连 个 酒店 标识 也 没有
HUM_cat-hotel_pol-NEG_tokenise, 1730	像 迷宫 一样 的 ， 前台 连 个	酒店	标识 也 没有 。 卫生间 设施 毛巾 是 旧 的 。 被子
HUM_cat-hotel_pol-NEG_tokenise, 1732	！ 太差 了 ！ 帮 同事 订 的	酒店	.... 反馈 回来 的 信息 说 这个 酒店 实在 是 太差
HUM_cat-hotel_pol-NEG_tokenise, 1732	.... 反馈 回来 的 信息 说 这个	酒店	实在 是 太差 了, 和 招待所 差不多! 唐山 的 酒店
HUM_cat-hotel_pol-NEG_tokenise, 1732	了, 和 招待所 差不多! 唐山 的	酒店	性价比 一点 都 不 高 啊. 外观 看起来 不错 ， 房间
HUM_cat-hotel_pol-NEG_tokenise, 1734	效率 低下 ， 挺 奇怪 的 流程 这个	酒店	的 服务态度 好差 ！ 明明 是 他们 员工 的 问题 ， 没有
HUM_cat-hotel_pol-NEG_tokenise, 1735	第一次 评价 。 为什么 呢 。 因为 该	酒店	结算 的 时候 多收 了 我 50 元 钱 。 说 是
HUM_cat-hotel_pol-NEG_tokenise, 1735	6 月 9 日 ： 补充 一下 。	酒店	的 隔音 很差 。 门里门外 ， 没有 区别 。 然后 性价比 还是
HUM_cat-hotel_pol-NEG_tokenise, 1736	说明 单有 手工 涂改 ， 极易 误导 -	酒店	之后 也 承认 这 一点 ， 说 今后 改正 ， 但是 ，
HUM_cat-hotel_pol-NEG_tokenise, 1736	承担 ！ -- 标准 的 小农意识 管理型 ‘	酒店	’ ！ 建议 你 去 订 正规 / 国际型 / 连锁 型
HUM_cat-hotel_pol-NEG_tokenise, 1736	去 订 正规 / 国际型 / 连锁 型	酒店	， 通常 有 误会 / 不 清楚 之 处 ， 顾客 利益
HUM_cat-hotel_pol-NEG_tokenise, 1741	的 很 害怕 ！ 我 真的 对于 这个	酒店	无话 说 ， 地理位置 还 行 以外 没有 任何 优点 ， 也
HUM_cat-hotel_pol-NEG_tokenise, 1746	。 不 干净, 飞机 噪音 厉害 ，	酒店	旧 了 最差 的 酒店 ， 最差 的 服务 ， 没有 之一
HUM_cat-hotel_pol-NEG_tokenise, 1747	噪音 厉害 ， 酒店 旧 了 最差 的	酒店	， 最差 的 服务 ， 没有 之一 。 帮 国外 同事 定
HUM_cat-hotel_pol-NEG_tokenise, 1749	的 ， 据说 真的 不 适合 外国人 住	酒店	房间 很大 ， 干净 整洁 ， 出行 方便 ， 4 月 1
HUM_cat-hotel_pol-NEG_tokenise, 1749	， 这样 的 服务态度 人员 ， 真的 给	酒店	抹黑 ！ 预定 的 主楼 738 一晚 的 房间 ， 并 不是
HUM_cat-hotel_pol-NEG_tokenise, 1750	很 好 ， 空调 也 坏 的 ，	酒店	整体 较 老 ， 下次 来 不会 再 定 。 这个 酒店
HUM_cat-hotel_pol-NEG_tokenise, 1751	， 下次 来 不会 再 定 。 这个	酒店	原来 是 广州 的 一个 亮点, 但 昨天 入住 以后 才
HUM_cat-hotel_pol-NEG_tokenise, 1751	. 4. 6 号 入住 广州 长隆	酒店	. 4 月 1 下 的 单, 定单 上 专门 强调
HUM_cat-hotel_pol-NEG_tokenise, 1751	的 时候 也 是 CONFIRM 了 已经 和	酒店	落实 了 这个 要求 的. 6 号 到达 以后 才 发现
HUM_cat-hotel_pol-NEG_tokenise, 1751	的 是 窗外 无敌 的 建筑施工 工地.	酒店	解释 说: 所有 家庭 4 人房 都 是 望 工地 的
HUM_cat-hotel_pol-NEG_tokenise, 1751	豪华 房, 在 交涉 过程 中,	酒店	和 携程 互相 推卸责任, 把 我 当 皮球 踢, 一句
HUM_cat-hotel_pol-NEG_tokenise, 1751	房. 但 后来, 我带 儿子 回	酒店	时到 前台 补多 一个 身份证 才 发现 我 的 行李 仍 未
HUM_cat-hotel_pol-NEG_tokenise, 1751	, 本月 6 - 13 号 入住 长隆	酒店	, 每房 送 欢乐 世界, 大 马戏, 动物园 门票 2
HUM_cat-hotel_pol-NEG_tokenise, 1751	工作人员 居然 说 不 认识 这票, 说	酒店	方面 没有 通知 过, 把 我们 3 大 一小 扣住,
HUM_cat-hotel_pol-NEG_tokenise, 1751	上 的 信息. 7. 下午 在	酒店	室外 游泳池 游泳, 算是 仅 有 的 一点 享受 了.
HUM_cat-hotel_pol-NEG_tokenise, 1751	之后 我 才 发现, 在 此 之间	酒店	都 没有 人 打电话 到 房间 来 询问 我 是否 有 不见
HUM_cat-hotel_pol-NEG_tokenise, 1751	我 是 携程 的 金牌 贵宾, 入住	酒店	几乎 都 是 5 星, 相比之下, 我 对 这间 酒店
HUM_cat-hotel_pol-NEG_tokenise, 1751	5 星, 相比之下, 我 对 这间	酒店	真是 失望 透 了, 坚决 不会 再 去. 告诉 大家
HUM_cat-hotel_pol-NEG_tokenise, 1754	、 110 吗 ？ 可爱 的 正宗 三星级	酒店	！ 抬 眼看 日历 ， 啊 ！ 9 月 11 日 --
HUM_cat-hotel_pol-NEG_tokenise, 1757	近 一点 其他 的 真心 一般 。 这	酒店	不是 一般 的 坑 。 6. 50 的 飞机 ， 提供
HUM_cat-hotel_pol-NEG_tokenise, 1759	, 还 不如 对面 的 三星 的 紫薇	酒店	, 和 之前 住 的 房间 天壤之别, 同志 们 预定 的
HUM_cat-hotel_pol-NEG_tokenise, 1760	开始 ， 我 上 广州 都 住 这	酒店	， 开始 感觉 还 不错 ， 地点 好 ， 吃 住 方便
HUM_cat-hotel_pol-NEG_tokenise, 1760	那 声音 就 像 隔壁 在 装修 ；	酒店	餐厅 服务态度 极差 ， 可能 是 我们 是 拿 了 住 酒店
HUM_cat-hotel_pol-NEG_tokenise, 1760	， 可能 是 我们 是 拿 了 住	酒店	送 的 早餐券 ， 部长 的 脸色 象 欠 她 钱 似的
HUM_cat-hotel_pol-NEG_tokenise, 1761	啊 。 刷 出来 的 好评 吧 。	酒店	味道 大 的 疯 掉 ， 又 旧 又 潮湿 ， 烟味
HUM_cat-hotel_pol-NEG_tokenise, 1761	没 睡着 过 。 连 普通 的 连锁	酒店	都 不如 酒店 的 服务态度 非常 差 ， 出差 不 推荐 住
HUM_cat-hotel_pol-NEG_tokenise, 1762	。 连 普通 的 连锁 酒店 都 不如	酒店	的 服务态度 非常 差 ， 出差 不 推荐 住 这个 酒店 ，
HUM_cat-hotel_pol-NEG_tokenise, 1762	非常 差 ， 出差 不 推荐 住 这个	酒店	， 前台 的 服务态度 极其 恶劣 ， 没有 一点 服务 的 素质
HUM_cat-hotel_pol-NEG_tokenise, 1763	恶劣 ， 没有 一点 服务 的 素质 这个	酒店	和 曲阜 都 给 人 留下 了 永远 难忘 的 印象 －
HUM_cat-hotel_pol-NEG_tokenise, 1763	后悔 没及 ！ 总体 印象 是 ： 无论	酒店	， 商店 ， 交通 还是 旅游景点 ， 除了 收费 已 和 国际
HUM_cat-hotel_pol-NEG_tokenise, 1765	开不热 ！ 第二天 就 感冒 了 ！ ！	酒店	位置 很 好 ， 但是 的确 有些 年代 了 。 房间 味道
HUM_cat-hotel_pol-NEG_tokenise, 1769	， 实在 差劲 。 前 几天 在 这家	酒店	住宿 ， 没想到 上当 了 ， 服务员 居然 说 毛巾 让 客人
HUM_cat-hotel_pol-NEG_tokenise, 1770	之前 也 住 过 几次 ， 知道 这	酒店	档次 不高 ， 但 这回 的 入住 体验 超乎 我 的 想象
HUM_cat-hotel_pol-NEG_tokenise, 1770	脑袋 上 都 有 一股 烟臭味 。 因为	酒店	没有 空房 了 ， 所以 第三天 还 得 继续 住 这间 房
HUM_cat-hotel_pol-NEG_tokenise, 1770	而已 。 延安 饭店 好歹 也 是 四星	酒店	， 一 晚 六百块 钱 ， 这样 的 设施 和 服务 连
HUM_cat-hotel_pol-NEG_tokenise, 1773	住 时间 比 预计 的 晚 ， 跟	酒店	沟通 无果 后 ， 重新 找 的 日月 明 。 这家 店去
HUM_cat-hotel_pol-NEG_tokenise, 1773	这么 近 ， 真的 没 问题 吗 ？	酒店	从 外面 看 。 装潢 的 还行 ， 近 了 大堂 ，
HUM_cat-hotel_pol-NEG_tokenise, 1773	而且 ， 这么 复杂 的 通道 ， 万一	酒店	失火 ， 住户 估计 跑 都 跑不掉 ！ 进 了 房间 一看
HUM_cat-hotel_pol-NEG_tokenise, 1773	洗漱 洗漱 ， 再 去 吃 早点 。	酒店	送 一份 早餐 ， 奇葩 的 是 ， 早餐券 既 不是 随
HUM_cat-hotel_pol-NEG_tokenise, 1773	收拾 ， 就 退房 走人 了 ！ 这	酒店	， 总得来说 ， 有 一定 性价比 ， 但是 如果 一家人 出来 玩
HUM_cat-hotel_pol-NEG_tokenise, 1774	出来 玩 ， 不 推荐 ！ 1 、	酒店	门口 的 服务生 对于 客人 拎 着 的 行李 无动于衷 ， 2
HUM_cat-hotel_pol-NEG_tokenise, 1774	， 4 、 到达 那 两天 下雪 ，	酒店	大堂 写 着 有 军大衣 出租 ， 我们 想租 衣服 ， 询问
HUM_cat-hotel_pol-NEG_tokenise, 1774	这 一点 客观 来说 ， 可能 不是 考	酒店	的 错 ， 但是 管理 真的 也 很 差 ， 我们 两间
HUM_cat-hotel_pol-NEG_tokenise, 1775	的 最 糟糕 的 所谓 的 4 星	酒店	! 酒店 的 装修 很 粗糙 ， 我 住 的 大床 房
HUM_cat-hotel_pol-NEG_tokenise, 1775	糟糕 的 所谓 的 4 星 酒店!	酒店	的 装修 很 粗糙 ， 我 住 的 大床 房, 很
HUM_cat-hotel_pol-NEG_tokenise, 1775	身上 要 多 难受 有 多 难受!	酒店	特别 靠近 马路, 早晨 想 睡个 懒觉 早早 就 被 吵醒
HUM_cat-hotel_pol-NEG_tokenise, 1776	三星 都 不算! 不如 住 如家 。	酒店	没有 想象 中好 而且 设施 很 不好 房间 很差 wifi 也 是
HUM_cat-hotel_pol-NEG_tokenise, 1778	， 所以 期望 挺大 。 入住 后 感觉	酒店	环境 还是 不错 的 ， 但 房间 里面 设施 老旧 ， 门上
HUM_cat-hotel_pol-NEG_tokenise, 1778	油渍 的话 就 悲剧 了 好 吧 ？	酒店	的 游泳池 也 挺 奇葩 的 ， 第一次 碰到 游泳池 里 只
HUM_cat-hotel_pol-NEG_tokenise, 1778	碰到 游泳池 里 只 提供 棉 拖鞋 的	酒店	， 你 让 我游 完泳后 穿 棉 拖鞋 还 能 忍受 ，
HUM_cat-hotel_pol-NEG_tokenise, 1778	~ ~ 总之 对 这个 五星 标准 的	酒店	还是 挺 失望 的 ， 不会 推荐 给 朋友 ， 以后 也
HUM_cat-hotel_pol-NEG_tokenise, 1781	设施 和 卫生 都 有待 提高 。 在	酒店	让 门童 帮忙 邮寄 物品 ， 门童 称重 后 说 需要 150
HUM_cat-hotel_pol-NEG_tokenise, 1781	， 耽误 了 很 长时间 。 最后 给	酒店	多次 打电话 投诉 和 沟通 后 门童 才 退回 了 大部分 多收
HUM_cat-hotel_pol-NEG_tokenise, 1781	的 钱 。 这种 服务 和 管理 的	酒店	以后 不会 再 去 了 。 房间 中规中矩 ， 早餐 一般 能
HUM_cat-hotel_pol-NEG_tokenise, 1783	提示 ， 严重 影响 心性 ， 差评 。	酒店	实在 是 太久 了 还有 味道 不太 满意 ， 有天 晚上 十点
HUM_cat-hotel_pol-NEG_tokenise, 1784	三四次 ， 才 知道 是 煤气公司 停气 。	酒店	至少 应该 提前 通知 吧 ， 这是 夏天 ！ ！ ！ 还有
HUM_cat-hotel_pol-NEG_tokenise, 1787	岂有此理! 汽车站 下来 后 碰到 了 几个	酒店	拉客 的 ， 喋喋不休 ， 于是 通过 携程 预订 了 这个 酒店
HUM_cat-hotel_pol-NEG_tokenise, 1787	喋喋不休 ， 于是 通过 携程 预订 了 这个	酒店	。 曲阜 不 大 ， 酒店 在 曲阜 城 的 北关 ，
HUM_cat-hotel_pol-NEG_tokenise, 1787	了 这个 酒店 。 曲阜 不 大 ，	酒店	在 曲阜 城 的 北关 ， 从 车站 过去 大概 1 公里
HUM_cat-hotel_pol-NEG_tokenise, 1787	块钱 比 想象 中 的 要 便宜 。	酒店	就是 80 年代 的 镇 里面 的 招待所 的 感觉 ， 大厅
HUM_cat-hotel_pol-NEG_tokenise, 1787	济南 再 坐飞机 回去 的 。 在 离	酒店	100 多米 的 地方 有个 曲阜 国际 青年 旅舍 ， 看起来 不错
HUM_cat-hotel_pol-NEG_tokenise, 1788	送 ？ ？ ？ 估计 今年 改了 。	酒店	很 旧 ， 设施 陈旧 ！ 花洒 漏水 这个 酒店 实在 太差
HUM_cat-hotel_pol-NEG_tokenise, 1789	旧 ， 设施 陈旧 ！ 花洒 漏水 这个	酒店	实在 太差 了, 一进 房 就 看到 蟑螂. 设施 也
HUM_cat-hotel_pol-NEG_tokenise, 1792	不能 用 “ 优悦 ” 卡 积分 。	酒店	还是 太老 了 ， 洗手间 太旧 ， 洗澡 的 那个 喷头 冲击力
HUM_cat-hotel_pol-NEG_tokenise, 1795	， 房间 小 ， 永远 不会 再住 这个	酒店	酒店 不管 是 外观 还是 内部 设施 都 已经 落后 了,
HUM_cat-hotel_pol-NEG_tokenise, 1796	房间 小 ， 永远 不会 再住 这个 酒店	酒店	不管 是 外观 还是 内部 设施 都 已经 落后 了, 提醒
HUM_cat-hotel_pol-NEG_tokenise, 1796	都 已经 落后 了, 提醒 一下,	酒店	2007 年 装修, 那 只是 10 - 14 层, 恐怕
HUM_cat-hotel_pol-NEG_tokenise, 1799	再 去 ， 理由 如下 ： 一 ，	酒店	的 空调 不是 24 小时 的 ， 每天 上午 9 点到 13
HUM_cat-hotel_pol-NEG_tokenise, 1799	卫生间 没有 浴缸 （ 我 也 从 不用	酒店	的 浴缸 ） ， 但 浴帘 下面 的 缝隙 太 大 ，
HUM_cat-hotel_pol-NEG_tokenise, 1799	就是 一 卫生间 的 水 。 五 ，	酒店	下面 又 是 KTV 又 是 洗浴 ， 晚上 还有 骚扰电话 打
HUM_cat-hotel_pol-NEG_tokenise, 1800	这么 放在 地上 ， 是不是 现在 的 经济	酒店	都 不用 打扫 地面 的 ？ 早餐 对于 南方人 来说 ， 有点
HUM_cat-hotel_pol-NEG_tokenise, 1800	早餐 都 是 在 外面 解决 的 。	酒店	的 设施 有点 老化 ， 电梯 味 很重 ， 受不了 。 并
HUM_cat-hotel_pol-NEG_tokenise, 1801	有没有 真正 的 消毒 干净 。 因为 整个	酒店	就 给 人 感觉 霉霉 的 ， 旧旧 的 ， 不是 那么
HUM_cat-hotel_pol-NEG_tokenise, 1802	我 也 要 给 吗 ！ ！ ！	酒店	理念 不错 ， 但 管理 的 问题 太 大 ！ ！ 以后
HUM_cat-hotel_pol-NEG_tokenise, 1803	到, 情愿 睡 桥底 也 不住 这个	酒店	. 服务态度 不好 ， 换个 房间 都 不 给 换 ， 弄个
HUM_cat-hotel_pol-NEG_tokenise, 1805	， 弄个 最差 的 给 住 ！ 一般	酒店	空间 太小 ， 无窗 十分 不 舒服 。 就是 乘机 方便 。
HUM_cat-hotel_pol-NEG_tokenise, 1807	卫生 ， 服务 很 不好 。 应该 说	酒店	的 性价比 还是 不错 的 ， 但是 个别 客服 人员 的 服务
HUM_cat-hotel_pol-NEG_tokenise, 1807	是 不敢恭维 ， 因此 让 我 对 这个	酒店	产生 了 很大 的 反感 ， 下次 绝对 不会 再 去 住
HUM_cat-hotel_pol-NEG_tokenise, 1807	上网 。 这件 事情 让 我 对 这个	酒店	的 印象 太 差 ， 作为 酒店 ， 有 义务 为 住客
HUM_cat-hotel_pol-NEG_tokenise, 1807	这个 酒店 的 印象 太 差 ， 作为	酒店	， 有 义务 为 住客 提供 安全 和 舒适 的 入住 环境
HUM_cat-hotel_pol-NEG_tokenise, 1807	和 舒适 的 入住 环境 ， 但是 这个	酒店	却 没 做到 ， 而且 工作人员 在 处理 这件 事情 上 的
HUM_cat-hotel_pol-POS_tokenise, 1	， 令 大打折扣 。 事缘 我们 有 饮用	酒店	雪柜 内 的 汽水 ， 但 临退 房前 已经 买 回 一样
HUM_cat-hotel_pol-POS_tokenise, 1	买 回 一样 的 饮品 放进去 ， 但	酒店	说 汽水 的 包装 不 一样 ， 所以 必须 收 我们 钱
HUM_cat-hotel_pol-POS_tokenise, 2	本人 是 7 月 18 日 入住 该	酒店	大床 房 ， 价格 为 338 元 。 不错 ， 下次 还
HUM_cat-hotel_pol-POS_tokenise, 7	渣 的 那种, 建议 自带 牙具.	酒店	服务 特别 到位, 时刻 为 顾客 着想. 房间 干净.
HUM_cat-hotel_pol-POS_tokenise, 12	我 到 外面 买 夜宵 ， 非常感谢 。	酒店	倒 是 不错, 可惜 的 是 早餐 的 品种 是 在
HUM_cat-hotel_pol-POS_tokenise, 13	吧, 下次 去 还 会 住 的	酒店	服务员 都 很 温柔 亲切 你 有 不 满意 的 地方 向
HUM_cat-hotel_pol-POS_tokenise, 14	还是 个 不小 问题 开发区 里 首屈一指 的	酒店	， 设施 、 服务 都 不错 。 淋浴房 够 大 ， 但
HUM_cat-hotel_pol-POS_tokenise, 16	亲切, 入住 的 感觉 也 很 不错	酒店	的 地理位置 不错 ， 就 在 南京 西路 口 ， 离 地铁
HUM_cat-hotel_pol-POS_tokenise, 16	划算 的 ！ 下次 出差 还会 选择 这个	酒店	。 这家 酒店 位置, 房间 性价比 都 不错 的. 但
HUM_cat-hotel_pol-POS_tokenise, 17	下次 出差 还会 选择 这个 酒店 。 这家	酒店	位置, 房间 性价比 都 不错 的. 但 不知 是不是 由于
HUM_cat-hotel_pol-POS_tokenise, 17	2007 年 12 月 9 日 ： 这家	酒店	的 服务 越来越 差, 酒店设施 也 旧 了, 大 不如
HUM_cat-hotel_pol-POS_tokenise, 18	不住 了. 坐 TAXI 时问 司机 这家	酒店	怎么样 ", 老 酒店, 人气 旺, 服务 好,
HUM_cat-hotel_pol-POS_tokenise, 18	时问 司机 这家 酒店 怎么样 ", 老	酒店	, 人气 旺, 服务 好, 众口 皆 碑. "
HUM_cat-hotel_pol-POS_tokenise, 18	好, 众口 皆 碑. " 到	酒店	时 感觉 很 温馨, 我 第一次 来 这家 酒店, 服务员
HUM_cat-hotel_pol-POS_tokenise, 18	感觉 很 温馨, 我 第一次 来 这家	酒店	, 服务员 都 很 热情, 像 认识 我 一样, 出差
HUM_cat-hotel_pol-POS_tokenise, 19	真的 有 惊喜 的 感觉 ， 在 富豪	酒店	住 了 3 天 ， （ 我们 也 是 住 在 三楼
HUM_cat-hotel_pol-POS_tokenise, 19	态度 也 还是 不错 的 ， 第一天 到	酒店	时 ， 忘 了 行李 ， 酒店 还 专门 打电话 询问 呢
HUM_cat-hotel_pol-POS_tokenise, 19	到 酒店 时 ， 忘 了 行李 ，	酒店	还 专门 打电话 询问 呢 ， 一个 老先生 还 帮 我们 收好
HUM_cat-hotel_pol-POS_tokenise, 19	飘飘 很 不错 的 ， 总的来说 ， 这家	酒店	的 性价比 还是 很 不错 的 ， 以后 还会 去 的 ，
HUM_cat-hotel_pol-POS_tokenise, 19	， 以后 还会 去 的 ， 另外 在	酒店	还 可以 定去 迪士尼 的 直达车 ， 也 很 方便 的 。
HUM_cat-hotel_pol-POS_tokenise, 20	1 个 招待所 。 协程 找 这样 的	酒店	， 也 不怕 砸 自己 招牌 。 ～ ～ 这次 住 的
HUM_cat-hotel_pol-POS_tokenise, 23	了 2 ， 用 信用卡 不 方便 （	酒店	自己 有些 小心眼 ， 耍个 小聪明 ） ， 做法 不 厚道 。
HUM_cat-hotel_pol-POS_tokenise, 24	有 机会 到 深圳 我 还 会订 该	酒店	大年三十 入住 的 酒店 ， 服务 好 ， 房间 大 ， 早餐
HUM_cat-hotel_pol-POS_tokenise, 25	我 还 会订 该 酒店 大年三十 入住 的	酒店	， 服务 好 ， 房间 大 ， 早餐 也 不错 。 晚上
HUM_cat-hotel_pol-POS_tokenise, 26	很漂亮 。 再 来 济南 还会选 这里 。	酒店	环境 不错 ， 早餐 非常 丰富 ， 就是 房间 小 了 点
HUM_cat-hotel_pol-POS_tokenise, 26	干活 的 嫌疑 ， 但是 也 理解 这是	酒店	的 外包 项目 和 酒店 没关系 。 所以 总体 来讲 很 喜欢
HUM_cat-hotel_pol-POS_tokenise, 26	也 理解 这是 酒店 的 外包 项目 和	酒店	没关系 。 所以 总体 来讲 很 喜欢 这个 酒店 。 同意 前面
HUM_cat-hotel_pol-POS_tokenise, 26	没关系 。 所以 总体 来讲 很 喜欢 这个	酒店	。 同意 前面 的 弟兄们 ， 周围 都 在 拆迁 ， 环境
HUM_cat-hotel_pol-POS_tokenise, 27	， 但是 房间 很 好 。 不 知道	酒店	会 不会 也 被 拆迁 ？ 有点 好奇 补充 点评 2008 年
HUM_cat-hotel_pol-POS_tokenise, 28	最高 ， 也 是 业内人士 最 推崇 的	酒店	， 远胜 于 喜来登 ， 香格里拉 ， 索菲特 ， 在 苏州 属于
HUM_cat-hotel_pol-POS_tokenise, 28	吧 ， 房间 不大 但 很 温馨 ，	酒店	工作人员 不多 但 都 非常 专业 ， 亲切 ， 严格 意义 上
HUM_cat-hotel_pol-POS_tokenise, 28	， 亲切 ， 严格 意义 上 来说 该	酒店	硬件 并 不 突出 ， 没有 游泳池 ， 没有 特色 餐厅 ，
HUM_cat-hotel_pol-POS_tokenise, 30	的 地方 没有 修补 ； 环境 5 分	酒店	离 大马路 有 段距离 晚上 几乎 听 不到 噪音 地处 沙面 环境
HUM_cat-hotel_pol-POS_tokenise, 31	也 还 说得过去 。 但 因为 是 老	酒店	了 ， 设备 当然 很 一般 。 而 早餐 就 惨不忍睹 了
HUM_cat-hotel_pol-POS_tokenise, 32	点 ！ 每次 去 都 是 住 这家	酒店	， 决定 环境 很棒 ， 服务 也 非常 到位 ， 性价比 不错
HUM_cat-hotel_pol-POS_tokenise, 38	几秒 就 有 热水 出来 ， 比 有些	酒店	强多 了 ， 早餐 差点 ， 不够 40 大元 标准 ， 尤其
HUM_cat-hotel_pol-POS_tokenise, 39	只有 一个 人 ， 管理 需要 加强 。	酒店	还 可以 ， 房内 有 电脑 ， 数字电视 。 早餐 一般 啦
HUM_cat-hotel_pol-POS_tokenise, 40	热情 的 ， 感觉 很 亲切 。 这家	酒店	最大 的 特点 是 房间 宽敞 ， 床 很 软 ， 睡得
HUM_cat-hotel_pol-POS_tokenise, 43	是 获 提升 所以 没有 提供, 感觉	酒店	有点 少气. 房间 面积 大, 床大, 家私 摆设 都
HUM_cat-hotel_pol-POS_tokenise, 44	不够 诚恳, 需要 再 加 培训.	酒店	地理位置 不错 ， 交通 非常 便利 ， 房间 整体 感觉 还 可以
HUM_cat-hotel_pol-POS_tokenise, 44	还 可以 ， 只是 浴室 有些 小 。	酒店	提供 的 早餐 不够 丰富 。 酒店 员工 整体 的 服务 意识
HUM_cat-hotel_pol-POS_tokenise, 44	。 酒店 提供 的 早餐 不够 丰富 。	酒店	员工 整体 的 服务 意识 不错 ， 尤其 是 大堂 经理 ，
HUM_cat-hotel_pol-POS_tokenise, 45	地图 ， 很 细心 周到 。 不错 的	酒店	， 大堂 和 餐厅 的 环境 都 不错 。 但 由于 给
HUM_cat-hotel_pol-POS_tokenise, 47	比较 纯朴, 人 也 比较 热心.	酒店	位置 离 市中心 很近, 很 方便. 酒店 硬件 设施 也
HUM_cat-hotel_pol-POS_tokenise, 47	位置 离 市中心 很近, 很 方便.	酒店	硬件 设施 也 不错,. 虽然 酒店 比较 陈旧 ， 但
HUM_cat-hotel_pol-POS_tokenise, 48	酒店 硬件 设施 也 不错,. 虽然	酒店	比较 陈旧 ， 但 整体 服务 很 好 ， 遇事 处理 反应
HUM_cat-hotel_pol-POS_tokenise, 49	。 周末 经 携程 推荐 订 了 该	酒店	, 从 无锡 火车站 打 的 起步价 就 到 了, 貌似
HUM_cat-hotel_pol-POS_tokenise, 49	打 的 起步价 就 到 了, 貌似	酒店	就 在 无锡市 中心, 地理位置 绝对 是 赞! 车上 听
HUM_cat-hotel_pol-POS_tokenise, 49	司机 说 原来 就是 以前 的 无锡 喜来登	酒店	, 想来 应该 不错. 登记 入住 一切顺利, 速度 很快.
HUM_cat-hotel_pol-POS_tokenise, 49	的 保养 还是 做 的 不错 现在 周末	酒店	搞 活动, 500 多 的 价格 还 送 了 两个 早餐
HUM_cat-hotel_pol-POS_tokenise, 49	, 下次 周末 再 来 无锡, 这家	酒店	决定 是 不二 选择! 宾馆 反馈 2008 年 8 月 8
HUM_cat-hotel_pol-POS_tokenise, 49	年 8 月 8 日 ： 感谢您 对本	酒店	的 支持 ！ 最近 酒店 有 新 的 客房 周末 促销 推出
HUM_cat-hotel_pol-POS_tokenise, 49	： 感谢您 对本 酒店 的 支持 ！ 最近	酒店	有 新 的 客房 周末 促销 推出 ， 我们 将 一如既往 地
HUM_cat-hotel_pol-POS_tokenise, 51	就餐 购物 等 都 方便 。 1 -	酒店	地处 偏僻 ， 离 海边 很近 （ 走路 2 分钟 ） ，
HUM_cat-hotel_pol-POS_tokenise, 51	- 我们 是 8 月 22 日 入住	酒店	的 豪华 间 ， 房间 室内 设施 一般 较 陈旧 ， 因为
HUM_cat-hotel_pol-POS_tokenise, 51	卫生间 的 设施 还 不错 。 3 -	酒店	的 服务 很 好 ， 有问必答 ， 有求必应 ， 而且 员工 们
HUM_cat-hotel_pol-POS_tokenise, 51	略差 一些 。 5 - 总体 来说 这个	酒店	从 性价比 上 来讲 是 非常 不错 的 了 。 酒店 环境
HUM_cat-hotel_pol-POS_tokenise, 52	上 来讲 是 非常 不错 的 了 。	酒店	环境 不错 ， 可 房间 一般 。 预订 时 一直 强调 要
HUM_cat-hotel_pol-POS_tokenise, 54	all rights reserved. 房间 设施 陈旧 ，	酒店	周围环境 很 好 ， 服务 很 好 ， 早餐 很烂 。 入住
HUM_cat-hotel_pol-POS_tokenise, 55	， 早餐 很烂 。 入住 这家 挂牌 四星	酒店	, 与 三年 前 感觉 明显 高 了 几个 档次, 大堂
HUM_cat-hotel_pol-POS_tokenise, 58	比较满意 总体 很 好 。 第一次 住 公寓	酒店	， 家 的 感觉 很 好 ， 房间 分里 外间 ， 特别
HUM_cat-hotel_pol-POS_tokenise, 58	分里 外间 ， 特别 宽畅 。 不是 一般	酒店	的 房间 可以 比 的 ， 床 也 是 2 张床 都
HUM_cat-hotel_pol-POS_tokenise, 58	广东 早茶 也 是 很 好吃 方便 。	酒店	周围环境 也 挺 好 ， 在 林荫 小路 里 ， 很 安静
HUM_cat-hotel_pol-POS_tokenise, 60	房间 钱 。 又 一次 来到 东胜 海天	酒店	， 比 第一次 的 感觉 更 温馨 ， 更 舒适 ， 嗯
HUM_cat-hotel_pol-POS_tokenise, 62	这次 敦煌 之行 还 算 愉快 ！ ！	酒店	整体 还 不错 ， 就是 地段 指引 比较 差 ， 找 一些
HUM_cat-hotel_pol-POS_tokenise, 62	就是 地段 指引 比较 差 ， 找 一些	酒店	内 的 设施 问 好几个 人才 找到 。 比如 游泳场 就让 我
HUM_cat-hotel_pol-POS_tokenise, 64	好 ， 庭院式 小栋 别墅 ， 虽然 说	酒店	年限 很久 了 ， 据说 92 年 就 有 了 ， 房间
HUM_cat-hotel_pol-POS_tokenise, 65	来 。 2 、 再说 差 的 。	酒店	的 空调 不够 冷 ， 半夜 把 我 都 热醒 了 ，
HUM_cat-hotel_pol-POS_tokenise, 65	反映 过 也 没有 改进 。 估计 是	酒店	为省 电 ， 夜里 只是 送风 而 不 制冷 。 对于 一个
HUM_cat-hotel_pol-POS_tokenise, 65	送风 而 不 制冷 。 对于 一个 四星级	酒店	来说 ， 很 不 应该 ！ 最好 笑 的 是 ， 房间
HUM_cat-hotel_pol-POS_tokenise, 66	平时 要 300. 只是 现在 星级 的	酒店	好像 都 挺 吝啬 ， 瓶装水 都 没要 出钱 ， 反而 现在
HUM_cat-hotel_pol-POS_tokenise, 67	方便 所以 预定 了. 当天 到达 后	酒店	给 的 升级 房间 还好. 说 原来 定 的 标准间 看不到
HUM_cat-hotel_pol-POS_tokenise, 71	还是 喜欢 尖沙咀 所以 最后 选择 朗庭 。	酒店	大堂 不错 ， 不 知道 为什么 那么 多人 嫌小 。 很 幸运
HUM_cat-hotel_pol-POS_tokenise, 71	装修 好 ， 橡木 地板 ， 在 内地	酒店	不多见 。 我 的 窗口 还 可以 看见 一点 海景 。 后来
HUM_cat-hotel_pol-POS_tokenise, 71	最 棒 的 ！ 最后 一天 还 和	酒店	说好 晚点 退房 。 小朋友 去 了 半日 游回来 还 可以 游个泳
HUM_cat-hotel_pol-POS_tokenise, 71	。 3 天 的 行程 很累 ， 但	酒店	的 床 很 舒适 ， 晚上 睡得 很 好 。 酒店 位置
HUM_cat-hotel_pol-POS_tokenise, 72	很 舒适 ， 晚上 睡得 很 好 。	酒店	位置 不错 房间 一般 但是 早餐 还是 不错 的 餐厅 比较 好
HUM_cat-hotel_pol-POS_tokenise, 73	比较 好 对得起 价格 下回 应该 还会 住	酒店	所 处 位置 不错 ， 只是 搭乘 德士 比较 不便 ， 早餐
HUM_cat-hotel_pol-POS_tokenise, 73	点评 2008 年 1 月 3 日 ：	酒店	服务态度 热情周到 ， 入住 时 ， 由于 没有 本人 所 预定 的
HUM_cat-hotel_pol-POS_tokenise, 73	由于 没有 本人 所 预定 的 房型 ，	酒店	主动 免费 给予 升级 ， 火车站 就 在 咫尺之遥 ， 周围 商店
HUM_cat-hotel_pol-POS_tokenise, 80	日子 没去 了 。 住 过 几次 东莞	酒店	， 海悦 的 地理位置 和 早餐 最棒 ， 听说 朋友 说 请来
HUM_cat-hotel_pol-POS_tokenise, 82	。 不爽!! 服务 给 四星 。	酒店	还 算 不错 ， 整体 比较 好 。 有 两个 缺点 ，
HUM_cat-hotel_pol-POS_tokenise, 82	方便 ， 我 下次 还是 会住 在 这家	酒店	的 。 再 一次 入住 该 酒店, 感觉 还是 不错 的
HUM_cat-hotel_pol-POS_tokenise, 83	这家 酒店 的 。 再 一次 入住 该	酒店	, 感觉 还是 不错 的. 房间 干净 、 服务 人员 的
HUM_cat-hotel_pol-POS_tokenise, 83	的 态度 也 满 好 的 。 这家	酒店	的 位置 不错 ， 出入 非常 的 方便 。 下次 还 来
HUM_cat-hotel_pol-POS_tokenise, 85	服务态度 尚可; 房间 硬件 较 老;	酒店	外部环境 不错, 空气清新, 安静. 坐落 在 山坡 上.
HUM_cat-hotel_pol-POS_tokenise, 86	， 旅游 路线 不 了解 ， 询问 了	酒店	总台 ， 总台 马上 安排 酒店 销售 人员 热情 为 我 一一
HUM_cat-hotel_pol-POS_tokenise, 86	询问 了 酒店 总台 ， 总台 马上 安排	酒店	销售 人员 热情 为 我 一一 解答 ， 销售 人员 还 提出
HUM_cat-hotel_pol-POS_tokenise, 86	真的 非常 不错 ， 但 美中不足 的 是	酒店	的 早餐 ， 我 一共 入住 酒店 2 次 ， 每次 早上
HUM_cat-hotel_pol-POS_tokenise, 86	是 酒店 的 早餐 ， 我 一共 入住	酒店	2 次 ， 每次 早上 我 大约 都 在 9 点去 餐厅
HUM_cat-hotel_pol-POS_tokenise, 86	反应 ， 我 觉得 这 与 五星级 的	酒店	不太相忖 ， 希望 酒店 能 予以 改进 。 酒店 规模 大 ，
HUM_cat-hotel_pol-POS_tokenise, 86	这 与 五星级 的 酒店 不太相忖 ， 希望	酒店	能 予以 改进 。 酒店 规模 大 ， 楼层 没有 设置 服务
HUM_cat-hotel_pol-POS_tokenise, 87	不太相忖 ， 希望 酒店 能 予以 改进 。	酒店	规模 大 ， 楼层 没有 设置 服务 人员 房间 ， 所以 找
HUM_cat-hotel_pol-POS_tokenise, 88	暑期 出行 的 结果 就是 到处 人满为患 ，	酒店	的 大堂 都 挤满 CHECKIN 的 客人 ， 不过 前台 的 速度
HUM_cat-hotel_pol-POS_tokenise, 89	房间 大 很多 了 。 朋友 推荐 的	酒店	， 位置 不错 ， 交通 很 方便 ， 酒店 的 服务 也
HUM_cat-hotel_pol-POS_tokenise, 89	， 位置 不错 ， 交通 很 方便 ，	酒店	的 服务 也 很 贴心 ， 入住 时 前台 适时地 送上 一杯
HUM_cat-hotel_pol-POS_tokenise, 89	一杯 冰 柠檬茶 ， 让 人 感受 到	酒店	的 细心 服务 ， 夏日 的 夜晚 坐在 露天 啤酒 花园 喝
HUM_cat-hotel_pol-POS_tokenise, 91	的 自助 早餐 还 不错 ， 方便 ！	酒店	整体 还 算 不错 ， 就是 早餐券 的 购买 方式 太 不合理
HUM_cat-hotel_pol-POS_tokenise, 91	又 不能 退 ， 最后 被 逼 到	酒店	后 的 永和 豆浆 ， 携程 可不可以 为 会员 反映 一下 。
HUM_cat-hotel_pol-POS_tokenise, 93	干净 。 起先 我 预定 了 厦门 元利	酒店	， 结果 上网 还有 时间 限制 就 取消 了 ， 预定 银河
HUM_cat-hotel_pol-POS_tokenise, 93	恰年 两家 ， 着 家 才 算是 个	酒店	， 不错 ， 强烈推荐 非常 好 的 服务 ， 不愧 是 四星
HUM_cat-hotel_pol-POS_tokenise, 94	服务 ， 不愧 是 四星 以及 Marrito 连锁	酒店	。 服务 很 专业 酒店 很 好, 房间 挺大, 服务态度
HUM_cat-hotel_pol-POS_tokenise, 95	以及 Marrito 连锁 酒店 。 服务 很 专业	酒店	很 好, 房间 挺大, 服务态度 特别 好. 地点 也
HUM_cat-hotel_pol-POS_tokenise, 96	. 经常 出差 在外 ， 住 了 很多	酒店	， 无锡 木棉花 真的 不错 ， 前台 的 接待 服务员 都 很
HUM_cat-hotel_pol-POS_tokenise, 96	代转 秦 小姐 对 您 的 谢意 ，	酒店	全体 员工 期待 你 早日 回家 ！ ！ 呵呵 ！ ！ 酒店
HUM_cat-hotel_pol-POS_tokenise, 97	你 早日 回家 ！ ！ 呵呵 ！ ！	酒店	条件 还是 不错 的 ， 因为 当天 下午 2 点有 考试 ，
HUM_cat-hotel_pol-POS_tokenise, 97	比较 遗憾 。 价格 上 ： 去 了	酒店	才 知道 ， 我 即便 不 找 携程网 ， 直接 去 前台
HUM_cat-hotel_pol-POS_tokenise, 99	。 条件 还 可以 ， 服务 不错 ，	酒店	人员 态度 很 好 ， 早餐 尚可 。 但 总体 感觉 携程
HUM_cat-hotel_pol-POS_tokenise, 101	3 月 3 日 ： 对 了 ，	酒店	提供 的 免费 送到 车站 的 服务 十分 贴心 ， 还是 比较满意
HUM_cat-hotel_pol-POS_tokenise, 104	。 总体 不错 ， 价格 实惠 ， 就是	酒店	周围 的 环境 较差 ， 乱哄哄 的 样子 ， 房间 也 还
HUM_cat-hotel_pol-POS_tokenise, 104	的 娱乐场所 ， 形形色色 的 进进出出 大大降低 了	酒店	的 品位 ， 尤其 是 商务酒店 的 品位 。 服务 人员 态度
HUM_cat-hotel_pol-POS_tokenise, 105	可以 。 作为 不到 300 元 的 四星	酒店	， 还是 物有所值 的 。 不过 ， 有 骚扰电话 。 值得 推荐
HUM_cat-hotel_pol-POS_tokenise, 111	在 上海 房价 这么 贵 的 地方.	酒店	环境 还 可以 ， 距离 公交车站 比较 近 ， 出行 方便 。
HUM_cat-hotel_pol-POS_tokenise, 112	办法 告诉 服务员 后 半天 才 来 收拾	酒店	位置 优越 ~ 房间 干净 ~ 前台 服务 一般 ~ 结帐 时
HUM_cat-hotel_pol-POS_tokenise, 112	服务 一般 ~ 结帐 时 有点 慢,	酒店	周边环境 不错, 1 层 的 桑拿 超好 ~ 下次 来 西宁
HUM_cat-hotel_pol-POS_tokenise, 112	桑拿 超好 ~ 下次 来 西宁 首选 这家	酒店	!!! 性价比 非常 好 的 酒店 ， 房间 设施 超好
HUM_cat-hotel_pol-POS_tokenise, 113	酒店!!! 性价比 非常 好 的	酒店	， 房间 设施 超好 ， 卫生间 分 了 3 个 部分 ，
HUM_cat-hotel_pol-POS_tokenise, 115	入住 ！ 清明节 入住 两天. 从 进入	酒店	就 感受 到 无处不在 的 服务, 非常 周到, 又 很
HUM_cat-hotel_pol-POS_tokenise, 115	好像 没有 车 啊? 一瞬间, 看到	酒店	工作人员 已经 催促 备好 的 出租 开 过来, 一切 让 我
HUM_cat-hotel_pol-POS_tokenise, 116	星 之上. 房间 不错 ， 但 没想到	酒店	前面 正在 修路 ， 所以 非常 不 方便 。 不知 为何 ，
HUM_cat-hotel_pol-POS_tokenise, 117	可能 不是 最佳 选择 。 另外 ， 这个	酒店	无论 哪个 房间 ， 都 比较 吵 。 软硬件 设施 都 很
HUM_cat-hotel_pol-POS_tokenise, 119	会 再 入住 。 携程 的 价格 和	酒店	前台 的 价格 一样 。 第一天 到 酒店 后 没有 水果 ，
HUM_cat-hotel_pol-POS_tokenise, 119	酒店 前台 的 价格 一样 。 第一天 到	酒店	后 没有 水果 ， 第二天 没有 通过 携程 直接 在 前台 开
HUM_cat-hotel_pol-POS_tokenise, 120	舒服, 毕竟 是 接待 政府 官员 的	酒店	, 还是 很 不错 的. 推荐. 比较满意, 没有 那么
HUM_cat-hotel_pol-POS_tokenise, 122	24 小时 供餐 。 我们 晚上 10 点到	酒店	， 专门 为 我们 提供 晚餐 ， 很 是 感动 ， 且
HUM_cat-hotel_pol-POS_tokenise, 122	分别 办 的 ， 我们 先 开车 找到	酒店	大堂 ， 被 告知 这是 2 号楼 ， 要 到 1 号楼
HUM_cat-hotel_pol-POS_tokenise, 123	携程 订房 时 并未 告知 是 几号楼 。	酒店	位置 不错 ， 对面 夜市 开到 很 晚 ， 能够 吃 到
HUM_cat-hotel_pol-POS_tokenise, 125	， 就 这些 了 。 第一次 住 这家	酒店	, 住 的 是 C 房. 携程 推荐 说 这家 酒店
HUM_cat-hotel_pol-POS_tokenise, 125	是 C 房. 携程 推荐 说 这家	酒店	性价比 高 。 380 元 的 价格 能 在 这个 区域 住
HUM_cat-hotel_pol-POS_tokenise, 125	能 在 这个 区域 住 到 这样 的	酒店	我 感觉 很 满意 了 ， 宽带 免费 市内电话 也 不 收费
HUM_cat-hotel_pol-POS_tokenise, 127	台 大部分 看不到 ， 这点 不怎么 好 。	酒店	在 闹市区 ， 大床 间 不 多 ， 服务生 的 态度 很
HUM_cat-hotel_pol-POS_tokenise, 128	必须 退房 ， 这样 比较 难 找到 其他	酒店	， 基本上 是 无处可去 的 了 。 服务 和 房间 算 四星级
HUM_cat-hotel_pol-POS_tokenise, 129	景观 ， 推窗 看到 10 米外 的 另一家	酒店	。 交通 不是 很 好 ， 去 西街 和 刘三姐 得 走
HUM_cat-hotel_pol-POS_tokenise, 129	分钟 。 不过 条件 应该 比 西街 得	酒店	好多 了 。 补充 点评 2007 年 10 月 15 日 ：
HUM_cat-hotel_pol-POS_tokenise, 130	。 香港 - 九龙 地区 3 星 以上	酒店	性价比 最高! 交通不便 但 可以 坐 酒店 免费 班车, 到达
HUM_cat-hotel_pol-POS_tokenise, 130	酒店 性价比 最高! 交通不便 但 可以 坐	酒店	免费 班车, 到达 旺角 和 尖沙咀 (20 分钟),
HUM_cat-hotel_pol-POS_tokenise, 130	), 我 15 年 6 次住 此	酒店	, 5 月 3 - 6 日 通过 携程 预定, 比
HUM_cat-hotel_pol-POS_tokenise, 130	) 方便, 下面 4 层 购物中心,	酒店	对面 购物中心 - 百佳 超市 和 XX 海鲜酒楼 59HKD / 人 自助
HUM_cat-hotel_pol-POS_tokenise, 130	以后 全世界 购物 都 不 方便!)	酒店	1 层 就 有 便利店. 另外 此 房间 18 层 以下
HUM_cat-hotel_pol-POS_tokenise, 130	豪华 房间. 到 香港 购买 世界名牌 此	酒店	就 不是 方便! 补充 点评 2008 年 7 月 29 日
HUM_cat-hotel_pol-POS_tokenise, 132	因此 比较 牛气 。 不过 在 周围 几个	酒店	里 性价比 算高 的 了 ， 大床 房难订 到 。 时隔 一周
HUM_cat-hotel_pol-POS_tokenise, 133	， 不知 是不是 商务 间 的 缘故 。	酒店	住 得 还是 很 舒服 ， 细节 之处 仍 需 改进 ，
HUM_cat-hotel_pol-POS_tokenise, 133	了 作用 ， 如是 应该 赞 一个 。	酒店	原来 有 地下 停车场 ， 这次 我 的 车 停 在 地下
HUM_cat-hotel_pol-POS_tokenise, 134	的 老伯 挺 负责 ， 感觉 不错 。	酒店	整体 很 好 ， 房 很 干净 整齐 ， 员工 很 有
HUM_cat-hotel_pol-POS_tokenise, 134	， 值得 给予 五星 的 评级 。 只是	酒店	太 远离 市区 ， 附近 很 荒凉 ， 主要 走 道 西湖路
HUM_cat-hotel_pol-POS_tokenise, 134	走 道 ， 更是 缈 无 人影 ，	酒店	却 没有 免费 接送车 ， 的士 也 不好 找 ， 晚上 饿
HUM_cat-hotel_pol-POS_tokenise, 134	找 ， 晚上 饿 起来 就 只能 光顾	酒店	的 中西餐 ， 或 打 的士 到 旧城区 去 ， 再 晚一点
HUM_cat-hotel_pol-POS_tokenise, 134	去 ， 再 晚一点 就 只能 挨饿 。	酒店	房间 的 隔音 也 不好 ， 房外 或 楼上楼下 其它 住客 开关门
HUM_cat-hotel_pol-POS_tokenise, 134	带伞 ， 可是 当时 雨下 得 大 ，	酒店	偏远 四周 都 没有 的士 可找 ， 我 只能 拉 住 保安员
HUM_cat-hotel_pol-POS_tokenise, 134	浑身 湿透 ， 冷得 抖 震 ， 其实	酒店	可以 向 厂家 订购 一些 廉价 短 雨伞 送给 遇雨 没伞 的
HUM_cat-hotel_pol-POS_tokenise, 134	不高 只 每 柄 几元 矣 ， 但	酒店	给 住客 的 心意 却 可以 让 他们 久 不能 忘 ，
HUM_cat-hotel_pol-POS_tokenise, 134	点评 2008 年 1 月 29 日 ：	酒店	对面 有个 工地 是 数栋 高级 豪宅 的 屋苑 ， 可能 会
HUM_cat-hotel_pol-POS_tokenise, 137	套房 ， 这点 还 蛮 满意 的 。	酒店	大致 不错 ， 有 国内 五星 水准 。 比 国际品牌 的 要
HUM_cat-hotel_pol-POS_tokenise, 137	水准 。 比 国际品牌 的 要 差一点 。	酒店	有点 年纪 了 ， 维修 要 加强 ， 比如 我们 浴室 的
HUM_cat-hotel_pol-POS_tokenise, 138	早晨 出门 打车 不是 很 方便 ， 奇怪的是	酒店	大门 对 着 的 是 比较 重要 的 街道 ， 但是 出租车
HUM_cat-hotel_pol-POS_tokenise, 139	等 ， 不 知道 是 什么 原因 。	酒店	的 大堂 不 大, 看起来 不够 豪华. 但是 服务 人员
HUM_cat-hotel_pol-POS_tokenise, 139	但是 还 算 干净. 第一次 入住 该	酒店	, 到 大堂 询问 附近 的 餐厅, 大堂 副理 居然 是
HUM_cat-hotel_pol-POS_tokenise, 139	逛街 非常 方便. 顺便 提 一下,	酒店	内部 有 一个 沐足 的 地方, 房客 用 抵用券 可以 打折扣
HUM_cat-hotel_pol-POS_tokenise, 140	， 呵呵 ． 下次 还来 很 好 的	酒店	， 就是 不 知道 为什么 一直 在 涨价 ， 价格 越来越 离谱
HUM_cat-hotel_pol-POS_tokenise, 140	越来越 离谱 ， 在 常州 属于 极贵 的	酒店	了 。 是不是 携程 和 香格里拉 的 关系 不够 铁 呢 ？
HUM_cat-hotel_pol-POS_tokenise, 141	一致 评论 如下: 优点: 1.	酒店	房间内 设施 还 不错, 不过 浴室 的 淋浴 喷头 不好 用
HUM_cat-hotel_pol-POS_tokenise, 142	象 四星级 的 标准. 周边环境 尤其 是	酒店	后边 环境 不太好, 大堂 也 太小 了 吧. 整体 还
HUM_cat-hotel_pol-POS_tokenise, 143	， 环境 不错 ， 旁边 有 公园 ，	酒店	提供 接机 服务 ， 如果 有 送机 服务 就 更好 了 （
HUM_cat-hotel_pol-POS_tokenise, 144	（ 打 的 到 机场 20 元 ）	酒店	的 设施 完全 配得 上 四星 了, 环境 干净 整洁,
HUM_cat-hotel_pol-POS_tokenise, 144	在 室外 的, 不 开放. 该	酒店	是 缙云 最好 的 酒店 了, 去 仙都 游玩 的 朋友
HUM_cat-hotel_pol-POS_tokenise, 144	开放. 该 酒店 是 缙云 最好 的	酒店	了, 去 仙都 游玩 的 朋友 应该 首选 此 酒店.
HUM_cat-hotel_pol-POS_tokenise, 144	去 仙都 游玩 的 朋友 应该 首选 此	酒店	. 是 一间 很 有 特色 的 酒店 ， 我 住 了
HUM_cat-hotel_pol-POS_tokenise, 145	酒店. 是 一间 很 有 特色 的	酒店	， 我 住 了 三个 晚上 。 古色古香 的 老房 和 地理位置
HUM_cat-hotel_pol-POS_tokenise, 145	可能 时值 盛夏 ， 蚊子 太 多 ，	酒店	的 杀 蚊 驱蚊 措施 还 嫌 不足 ； 二是 卫生间 的
HUM_cat-hotel_pol-POS_tokenise, 147	） ， 没有 一般 度假地 的 氛围 ，	酒店	的 相关 设施 也 由此 可能 显得 有些 薄弱 。 总体 来说
HUM_cat-hotel_pol-POS_tokenise, 148	你 体验 到 别样 的 度假 感觉 。	酒店	还 算 干净 ， 送 早餐 ， 就是 酒店 名字 容易 让
HUM_cat-hotel_pol-POS_tokenise, 148	还 算 干净 ， 送 早餐 ， 就是	酒店	名字 容易 让 人 误解 ， 周围 没有 湖 ， 感觉 还
HUM_cat-hotel_pol-POS_tokenise, 149	不 愉快 的 事情 ， 但是 这 和	酒店	前台 以及 服务 无关 ， 感觉 该 酒店 的 客房 部门 主管
HUM_cat-hotel_pol-POS_tokenise, 149	酒店 前台 以及 服务 无关 ， 感觉 该	酒店	的 客房 部门 主管 定房 以及 签单 的 人员 非常 的 没有
HUM_cat-hotel_pol-POS_tokenise, 149	还 算 满意 。 而且 我 对 这个	酒店	也 很 满意 。 住 着 真的 是 很 舒服 ！ 环境
HUM_cat-hotel_pol-POS_tokenise, 151	5 天前 预订 的 是 市 景房,	酒店	自动 升级 为湖 景房 前台, 门 僮, 中 西餐厅 服务
HUM_cat-hotel_pol-POS_tokenise, 151	(以前 经验 少有 500 元 以下 的	酒店	有 如此 高水平) 下次 去 杭州 都 会 入住 (不过
HUM_cat-hotel_pol-POS_tokenise, 151	前往 机场 ， 15 元 / 人次 ，	酒店	步行 至 上车 点 5 分钟 路程 ； 2. 门 僮
HUM_cat-hotel_pol-POS_tokenise, 153	提供 湖景大床 房 就 好 了 ， 因为	酒店	是 有 这种 房间 型号 的 ， 不 知道 为什么 携程 不
HUM_cat-hotel_pol-POS_tokenise, 156	一样, 非常 不错 的 一家 4 星	酒店	, 早餐 也 很 丰盛, 下次 去 嘉善 还会 考虑 住
HUM_cat-hotel_pol-POS_tokenise, 157	熄灯... 已经 多次 给 客户 订 这个	酒店	了, 这次 是 自己 第一次 去. 房间 非常 好,
HUM_cat-hotel_pol-POS_tokenise, 159	你 。 餐具 很多 是 宜家 的 。	酒店	位置 不错 ， 就 在 市中心 ， 从 火车站 坐 2 路
HUM_cat-hotel_pol-POS_tokenise, 159	2 路 还 可以 到 陕州 风景区 。	酒店	门口 有 公交站 ， 6 路 站牌 上 写 着 可以 到
HUM_cat-hotel_pol-POS_tokenise, 159	。 值得 一说 的 是 服务 ， 虽然	酒店	装修 比较 旧 ， 但 服务 是 可以 达到 三星 标准 的
HUM_cat-hotel_pol-POS_tokenise, 159	有个 穿 短裤 拖鞋 的 人 想 进	酒店	找人 被 门童 拦住 了 ， 被 告知 短裤 拖鞋 不能 进入
HUM_cat-hotel_pol-POS_tokenise, 159	这点 很 满意 ， 这 是 个 城市	酒店	又 不是 度假 酒店 。 只是 门童 的 制服 太 滑稽 了
HUM_cat-hotel_pol-POS_tokenise, 159	这 是 个 城市 酒店 又 不是 度假	酒店	。 只是 门童 的 制服 太 滑稽 了 。 外 环境 不错
HUM_cat-hotel_pol-POS_tokenise, 160	太 滑稽 了 。 外 环境 不错,	酒店	有 好 几栋 楼 ， 挺 赏心悦目 的 ， 大厅 挺 安静
HUM_cat-hotel_pol-POS_tokenise, 166	离 海港 城 走路 只 需 五分钟 ，	酒店	房间 灯光 明亮 ， 液晶电视 够 大 ， 感觉 很 舒服 。
HUM_cat-hotel_pol-POS_tokenise, 166	够 大 ， 感觉 很 舒服 。 惟独	酒店	大堂 小 了 点 。 下次 我 还是 选择 这 酒店 。
HUM_cat-hotel_pol-POS_tokenise, 166	了 点 。 下次 我 还是 选择 这	酒店	。 网上 讲 的 房间 是 24 平米 ， 实际 没有 那么
HUM_cat-hotel_pol-POS_tokenise, 168	吃饭 的 地方 就 不大好 找 了 。	酒店	出门 往 左 应该 可以 走 到 地铁 衡山路 站 ， 哪个
HUM_cat-hotel_pol-POS_tokenise, 168	， 哪个 出口 就 不 晓得 了 。	酒店	的 环境 很 好 ， 音乐 喷泉 ， 青翠 草坪 ， 感觉
HUM_cat-hotel_pol-POS_tokenise, 168	就是 房间 太小 ， 甚至 比 香港 的	酒店	还 小 ， 另外 送餐 的 种类 太 少 ， 早餐 一般
HUM_cat-hotel_pol-POS_tokenise, 169	热情, 毕竟 是 酒店式 公寓, 不是	酒店	, 所 受 培训 不是 很够. 酒店 的 Shuttle Bus 很
HUM_cat-hotel_pol-POS_tokenise, 169	酒店, 所 受 培训 不是 很够.	酒店	的 Shuttle Bus 很 方便, 司机 师傅 也 很 热情,
HUM_cat-hotel_pol-POS_tokenise, 170	热情, 很 好. 推荐 入住.	酒店	本身 的 环境 还是 不错 的 ， 楼台 庭阁 ， 很 安静
HUM_cat-hotel_pol-POS_tokenise, 170	安排 的 出差 ， 我 自己 定 的	酒店	， 结果 回到 广州 才 发现 忘记 拿 发票 ， 打电话 给
HUM_cat-hotel_pol-POS_tokenise, 170	才 发现 忘记 拿 发票 ， 打电话 给	酒店	， 酒店 同意 给 我 寄过来 ， 虽然 是 到 付 ，
HUM_cat-hotel_pol-POS_tokenise, 170	忘记 拿 发票 ， 打电话 给 酒店 ，	酒店	同意 给 我 寄过来 ， 虽然 是 到 付 ， 但是 还是
HUM_cat-hotel_pol-POS_tokenise, 171	在 窗前 能 看到 不错 的 风景 。	酒店	价格 的确 有些 偏高 不错 ， 房间 够 大 ， 无论是 硬件
HUM_cat-hotel_pol-POS_tokenise, 174	要是 去 旅游 还是 住 那里. 该	酒店	的 设计 理念 是 让 住客 感受 农村 的 田园 风味,
HUM_cat-hotel_pol-POS_tokenise, 174	" 大 / 双 " 有 出入,	酒店	说 已 向 携程 反映 床位 问题, 但 这样 酒店 还是
HUM_cat-hotel_pol-POS_tokenise, 174	向 携程 反映 床位 问题, 但 这样	酒店	还是 为 我们 换 了 间 5 房 的 别墅, 只开
HUM_cat-hotel_pol-POS_tokenise, 179	的 时候 ， 想到 网友 写过 可以 和	酒店	联系 确定 是否 可以 来接 。 抱 着 试试看 的 心理 ，
HUM_cat-hotel_pol-POS_tokenise, 179	着 试试看 的 心理 ， 我 拨通 了	酒店	的 电话 。 在 热情 的 问候 之后 ， 酒店 提出 解决方案
HUM_cat-hotel_pol-POS_tokenise, 179	电话 。 在 热情 的 问候 之后 ，	酒店	提出 解决方案 ， 让 老板 亲自 开车 来 街 。 约摸 十分钟
HUM_cat-hotel_pol-POS_tokenise, 179	难怪 有 眼里 买下 蔽龙阁 。 到 了	酒店	之后 ， 果然 有 了 和 网友 类似 的 感慨 。 一
HUM_cat-hotel_pol-POS_tokenise, 179	电池 拉 在 店里 了 。 在 和	酒店	通 了 电话 ， 确认 东西 还 在 之后 ， 李 阿姨
HUM_cat-hotel_pol-POS_tokenise, 182	了 很多 介绍 洛阳 的 旅游 书 。	酒店	地理位置 也 可以 ， 离 龙门石窟 只有 12 公里 ， 离 市中心
HUM_cat-hotel_pol-POS_tokenise, 185	的 价格 段里 ， 自感 是 携程 协议	酒店	中 性价比 最好 的 一个 。 交通 方面 ， 直接 跟 司机
HUM_cat-hotel_pol-POS_tokenise, 187	非常 棒 ， 床 特别 舒服 2.	酒店	周边环境 比较 差 3. 价格 有 竞争力 虽然 酒店 的 设施
HUM_cat-hotel_pol-POS_tokenise, 188	比较 差 3. 价格 有 竞争力 虽然	酒店	的 设施 慢慢 有点 旧 了 ， 但 酒店 前台 的 服务
HUM_cat-hotel_pol-POS_tokenise, 188	的 设施 慢慢 有点 旧 了 ， 但	酒店	前台 的 服务 人员 给 人 感觉 很 舒服 ， 门口 的
HUM_cat-hotel_pol-POS_tokenise, 188	感觉 比 原来 的 马 可 孛 罗	酒店	好 。 客人 很 满意, 我们 也 推荐 其他 同事 入住
HUM_cat-hotel_pol-POS_tokenise, 191	， 服务周到 。 在 郑州 ， 算好 的	酒店	。 酒店 有 三种 色调 的 房间, 白色, 米色 和
HUM_cat-hotel_pol-POS_tokenise, 192	。 在 郑州 ， 算好 的 酒店 。	酒店	有 三种 色调 的 房间, 白色, 米色 和 翠绿色,
HUM_cat-hotel_pol-POS_tokenise, 194	上网 不 方便 ， 餐厅 不 理想 。	酒店	不错 ， 服务 人员 都 很 好 ， 比较 有 礼貌 。
HUM_cat-hotel_pol-POS_tokenise, 195	其实 不错 啦 ， 可能 我 住 的	酒店	也 比较 少 ， 至少 在 我 住 的 酒店 当中 这个
HUM_cat-hotel_pol-POS_tokenise, 195	比较 少 ， 至少 在 我 住 的	酒店	当中 这个 是 不错 的 ， 可惜 的 是 电视机 实在 是
HUM_cat-hotel_pol-POS_tokenise, 196	设备 设施 的 改造 问题. 优点:	酒店	位置 挺 好, 服务生 态度 很 好, 早餐 很 好
HUM_cat-hotel_pol-POS_tokenise, 196	好 缺点: 房间 居然 不能 上网,	酒店	工程师 说 是 swtich 坏掉 了, 从 下午 到 晚上 11
HUM_cat-hotel_pol-POS_tokenise, 196	总的来说 在 香港 这个 价位 住 到 的	酒店	应该 算 很 不错 的 了 1. 地理位置 不错 2.
HUM_cat-hotel_pol-POS_tokenise, 197	. 周围 设施 商圈 热闹 方便 3.	酒店	比较 旧, 应该 改造 了 4. 服务态度 不错 酒店 服务
HUM_cat-hotel_pol-POS_tokenise, 198	, 应该 改造 了 4. 服务态度 不错	酒店	服务 亲切, 我们 当时 喝 红酒 没有 开瓶器 ， 打电话 给
HUM_cat-hotel_pol-POS_tokenise, 198	非常 人性 的 服务 。 缺点 是 ，	酒店	别墅 的 设备 比较 陈旧 ， 早餐 也 比较 单调 。 还有
HUM_cat-hotel_pol-POS_tokenise, 199	。 多谢 阿 房间 还 不错 ， 可惜	酒店	地点 不大好 找 ， 而且 我 的 房间 号 居然 在 出
HUM_cat-hotel_pol-POS_tokenise, 201	就是 早餐 差 了 一点 。 挺不错 的	酒店	， 每次 去 盐城 都 住 在 这里 ， 价格便宜 量 又
HUM_cat-hotel_pol-POS_tokenise, 207	古运河, 夜里 的 灯光 相当 美丽.	酒店	到 景点 即 瘦西湖 \ 个园 都 很 近, 南通 路向
HUM_cat-hotel_pol-POS_tokenise, 207	瘦西湖, 向东 即个园. 原来 以为 西园	酒店	不错, 看 老 五星级 酒店 ， 358 元 标房 ， 价格
HUM_cat-hotel_pol-POS_tokenise, 208	以为 西园 酒店 不错, 看 老 五星级	酒店	， 358 元 标房 ， 价格 实惠 ， 就是 房间 电视 太小
HUM_cat-hotel_pol-POS_tokenise, 209	。 非常 不错 。 来 长沙 必住 的	酒店	！ 没什么 说 的 ， 一切 都 不错 ， 尤其 是 对
HUM_cat-hotel_pol-POS_tokenise, 210	， 很 不 一般 。 服务 没得说 ，	酒店	位置 也 很 好 ， 位于 威海市 中心 。 酒店 大堂 不错
HUM_cat-hotel_pol-POS_tokenise, 211	也 很 好 ， 位于 威海市 中心 。	酒店	大堂 不错 ， 但 携程 给 的 标间 在 北苑 ， 是
HUM_cat-hotel_pol-POS_tokenise, 211	还是 不错 的 ， 离 长途汽车站 近 ；	酒店	后门 出去 就 能 拦车 去 九华山 ， 很 方便 。 另外
HUM_cat-hotel_pol-POS_tokenise, 211	去 九华山 ， 很 方便 。 另外 ，	酒店	菜价 比较 贵 ， 推荐 大家 去 后门 马路 对面 的 九华山
HUM_cat-hotel_pol-POS_tokenise, 214	下次 我 还是 会 考虑 住 这 １	酒店	的 服务 非常 好 ， 就 连 酒店 做 卫生 的 阿姨
HUM_cat-hotel_pol-POS_tokenise, 214	酒店 的 服务 非常 好 ， 就 连	酒店	做 卫生 的 阿姨 都 会 很 有 礼貌 的 对 小朋友
HUM_cat-hotel_pol-POS_tokenise, 214	对 小朋友 打招呼 ， 是 我 在 其他	酒店	没有 感受 到 的 ， 非常适合 居家 度假 入住 。 ２ 中餐厅
HUM_cat-hotel_pol-POS_tokenise, 214	倒 是 逊色 了 很多 ， 不如 在	酒店	好好 享受 了 。 7. 15 日 入住 ， 7.
HUM_cat-hotel_pol-POS_tokenise, 215	都 没有 ， 不过 的确 床单 没有 仙人掌	酒店	睡 的 舒服 ， 有 细微 粉末 的 感觉 ， 建议 酒店
HUM_cat-hotel_pol-POS_tokenise, 215	， 有 细微 粉末 的 感觉 ， 建议	酒店	改进 。 热水 不是 全天 供应 ， 晚 五点 左右 到 十点
HUM_cat-hotel_pol-POS_tokenise, 215	是 石头 铺 的 ， 在 亚龙湾 仙人掌	酒店	的 泳池 泡过 三天 的 我 ， 乍 一下 水 ， 还
HUM_cat-hotel_pol-POS_tokenise, 215	的 ， 多亏 了 游泳池 。 ） 建议	酒店	改进 ， 估计 更换 更改 地图 成本 比较 高 ， 可以 选择
HUM_cat-hotel_pol-POS_tokenise, 216	但 出行 打车 不是 很 方便 ， 在	酒店	门口 很难 叫 到 车 ， 很多 时候 要 走 到 大街
HUM_cat-hotel_pol-POS_tokenise, 218	的 速度 快 ， 尤其 到 高层 。	酒店	环境 还 可以 ， 房间 环境 和 设施 也 还 可以 ，
HUM_cat-hotel_pol-POS_tokenise, 220	的 车程 ， 且 下 高速路 后 到	酒店	也 需要 十多分钟 ， 周边 也 没什么 景色 ， 但 还是 大力
HUM_cat-hotel_pol-POS_tokenise, 220	有 晚上 仰望 星空 的 浪漫 。 二则	酒店	的 服务态度 很 好 ， 我 的 车 深夜 发生 故障 ，
HUM_cat-hotel_pol-POS_tokenise, 221	。 我于 1 月 31 日 入住 该	酒店	, 其 硬件 设施 尚可, 但 客房 服务员 细致 周到,
HUM_cat-hotel_pol-POS_tokenise, 221	观察 到 客人 的 喉咙 不适, 该	酒店	的 客房 服务 是 我? 入住 的 是 贵宾楼 ， 房间
HUM_cat-hotel_pol-POS_tokenise, 225	这样 不是 给 你们 吵醒 。 。 。	酒店	应该 是 通过 实地调查 才 说 吧 ， 当时 我 跟 朋友
HUM_cat-hotel_pol-POS_tokenise, 226	了 。 。 希望 在 这方面 有所改善 。	酒店	里 的 工作人员 很 热情 大方 、 每次 走过 ， 工作人员 都
HUM_cat-hotel_pol-POS_tokenise, 227	人 心情 不错 。 目前 景德镇 最好 的	酒店	, 这次 住 的 是 358 元 的 商务 标间, 房间
HUM_cat-hotel_pol-POS_tokenise, 229	好 非常 得 方便 唯一 得 缺点 就是	酒店	没有 免费 得 WIFI... 如果 带 笔记本 可以 房间 免费 上网
HUM_cat-hotel_pol-POS_tokenise, 230	带 笔记本 可以 房间 免费 上网... OVER	酒店	的 硬件 还是 相当 不错 的 。 房间 很大 ， 床 也
HUM_cat-hotel_pol-POS_tokenise, 230	方向 开来 时 ， 也 能 远望 到	酒店	的 楼顶 灯饰 。 酒店 的 大堂 与其 档次 相比 显得 有些
HUM_cat-hotel_pol-POS_tokenise, 230	能 远望 到 酒店 的 楼顶 灯饰 。	酒店	的 大堂 与其 档次 相比 显得 有些 不够 敞亮 ， 感觉 拘谨
HUM_cat-hotel_pol-POS_tokenise, 230	出门 打 的 时 ， 去 叫停 在	酒店	门 台上 的 出租 ， 司机 挑 地方 ， 一听 比较 近
HUM_cat-hotel_pol-POS_tokenise, 230	气愤 。 我 就 怎么 也 明白 ，	酒店	允许 出租 停 在 自已 门口 ， 到底 是 出租 为 客人
HUM_cat-hotel_pol-POS_tokenise, 230	是 出租 为 客人 服务 呢 ， 还是	酒店	的 存在 是 为了 出租 司机 服务 呢 。 同样 在 上海
HUM_cat-hotel_pol-POS_tokenise, 230	。 同样 在 上海 另外 一家 同档次 的	酒店	， 客人 都 很 有 次序 在 酒店 门口 排立 ， 几个
HUM_cat-hotel_pol-POS_tokenise, 230	酒店 ， 客人 都 很 有 次序 在	酒店	门口 排立 ， 几个 门童 前后 跑 到 马路上 拦 出租 并
HUM_cat-hotel_pol-POS_tokenise, 231	居然 有 服务 这样 好 的 宾馆 。	酒店	人员 的 培训 是 很 到位 了 。 服务 和 我 经历
HUM_cat-hotel_pol-POS_tokenise, 231	服务 和 我 经历 过 的 一些 五星级	酒店	差不多 了 。 果然 是 市委 招待所 的 班子. 缺点 就是
HUM_cat-hotel_pol-POS_tokenise, 231	有点 陈旧. 交通 很 便利. 从	酒店	步行 5 分钟 就 到 了 最 繁华 的 开封 的 小吃
HUM_cat-hotel_pol-POS_tokenise, 232	评价 ， 今天 周末 得闲 谈谈 入住 海景	酒店	的 感触 。 我 是 7. 25 --- 7. 30
HUM_cat-hotel_pol-POS_tokenise, 232	去 青岛 度假 时 上网 查 了 青岛	酒店	的 情况 ， 原来 定 的 是 栈桥 王子 酒店 ， 后来
HUM_cat-hotel_pol-POS_tokenise, 232	情况 ， 原来 定 的 是 栈桥 王子	酒店	， 后来 又 看到 大家 对 海景 的 评价 ， 感觉 很
HUM_cat-hotel_pol-POS_tokenise, 232	任何 负面 评价 ， 大家 一致 说 这个	酒店	极好 ， 于是 取消 了 栈桥 王子 改定 海景 ， 想 看看
HUM_cat-hotel_pol-POS_tokenise, 232	到 青岛 大约 7 点 左右 ， 订	酒店	时 在 备注 里 写 了 需要 酒店 接机 ， 在 23
HUM_cat-hotel_pol-POS_tokenise, 232	酒店 时 在 备注 里 写 了 需要	酒店	接机 ， 在 23 日 就 接到 酒店 的 电话 ， 一个
HUM_cat-hotel_pol-POS_tokenise, 232	酒店 接机 ， 在 23 日 就 接到	酒店	的 电话 ， 一个 甜美 的 女孩 和 我 联系 了 具体
HUM_cat-hotel_pol-POS_tokenise, 232	的 行李 接 了 过去 ， 上 了	酒店	的 接送车 后 司机 师傅 马上 递上 了 凉凉的 毛巾 和 矿泉水
HUM_cat-hotel_pol-POS_tokenise, 232	， 大概 行驶 了 40 分钟 左右 抵达	酒店	， 车 还 没 停 就 看到 大堂 门口 站 着 一位
HUM_cat-hotel_pol-POS_tokenise, 232	里 播放 着 舒缓 的 背景音乐 ， 看得出	酒店	很 用心 ， 不一会 就 有 服务员 送来 了 橙汁 和 毛巾
HUM_cat-hotel_pol-POS_tokenise, 232	餐具 ， 有 一天 宝宝 有点 发烧 ，	酒店	很快 就 派 了 医生 上来 ， 给 开 了 药 ，
HUM_cat-hotel_pol-POS_tokenise, 232	送餐 服务 ， 结果 晚饭 送来 后 发现	酒店	给加 了 一 大碗 银耳 粥 、 一 大盘 薯条 还有 一碗
HUM_cat-hotel_pol-POS_tokenise, 232	说 ： 不想 回家 ， 还 想 在	酒店	住 下去 。 童言无忌 、 童言 无欺 ！ 在 海景 的 五天
HUM_cat-hotel_pol-POS_tokenise, 233	我 过年 这 几天 综合 比较 几个 四星级	酒店	的 早餐 ， 还是 他家 的 最好 。 环境 优雅 ， 但
HUM_cat-hotel_pol-POS_tokenise, 234	支 ， 漏网 者 中 尚有 吞舟之鱼 。	酒店	有 接机 服务 ， 但 所 派 来 的 司机 向 我
HUM_cat-hotel_pol-POS_tokenise, 235	放 ， 稀得 跟 刷 锅水 似的 。	酒店	很 好, 现代, 简洁, 干净, 很 舒适.
HUM_cat-hotel_pol-POS_tokenise, 237	到 武夷山 ， 我 还是 会 选择 这家	酒店	， 很 好 ！ ！ ！ 我 下午 5 点多 去 的
HUM_cat-hotel_pol-POS_tokenise, 238	算 凑合 吧 ， 因为 现在 青岛 的	酒店	都 巨贵 。 这里 的 优势 就象 大家 评论 的 ， 服务
HUM_cat-hotel_pol-POS_tokenise, 239	。 在 湛江 应该 算是 比较 好 的	酒店	了 ， 在 霞山 和 赤坎 中间 开发区 内 。 服务生 的
HUM_cat-hotel_pol-POS_tokenise, 239	大堂 的 环境 都 还 不错 ， 就是	酒店	外面 的 停车 乱 一点 ， 应该 好好 管理 一下 。 如注
HUM_cat-hotel_pol-POS_tokenise, 240	可能 是 老 饭店 的 缘故 吧 。	酒店	地理位置 得天独厚 ， 来 旅游 的 朋友 建议 入住 此 酒店 ，
HUM_cat-hotel_pol-POS_tokenise, 240	， 来 旅游 的 朋友 建议 入住 此	酒店	， 早餐 迷你 ， 但 味道 不错 ， 该 有 的 都
HUM_cat-hotel_pol-POS_tokenise, 241	都 有 了 。 总体 感觉 尚可 。	酒店	适合 度假 ， 在 尖沙咀 汉口 道逢 整点 有 免费 班车 往返
HUM_cat-hotel_pol-POS_tokenise, 242	订 不到 房 了 ， 只能 直接 向	酒店	电话 订 ， 价格 是 携程 的 一倍 。 好 在 那
HUM_cat-hotel_pol-POS_tokenise, 242	是 初二 ， 香港 有 焰火晚会 ， 坐在	酒店	的 海景 套房 内 悠闲地 看 维多利亚 上空 的 焰火 ， 多花
HUM_cat-hotel_pol-POS_tokenise, 243	结束 为期 一周 的 旅游, 在 该	酒店	住 了 两天, 房间 的 整体 设施 感觉 非常 不错,
HUM_cat-hotel_pol-POS_tokenise, 243	唯有 一点, 需要 提及 一下, 在	酒店	描述 中有 机场 往来 穿梭 巴士 这 一条 不太 符合 情况.
HUM_cat-hotel_pol-POS_tokenise, 243	的 旅客 千万 注意! 机场 没有 该	酒店	的 穿梭 巴士, 只能 乘 公共 巴士 及 出租! 出租
HUM_cat-hotel_pol-POS_tokenise, 245	是 没有 了 ， 差点 让 我 换	酒店	， 最后 把 豪华 套房 给 我 住 了 ， 按 原来
HUM_cat-hotel_pol-POS_tokenise, 246	很 喜欢 。 特别 要 提 的 是	酒店	服务 很 周到 ， 餐饮 和 包车 的 价格 也 很 公道
HUM_cat-hotel_pol-POS_tokenise, 246	的 价格 也 很 公道 ， 我们 在	酒店	吃 了 两次 晚餐 都 非常 的 满意 ， 人均 消费 在
HUM_cat-hotel_pol-POS_tokenise, 247	主动 把 灯 打开...... 不错 的	酒店	。 就是 早餐 水果 太 单调 。 宽带 直接 连 电信网 的
HUM_cat-hotel_pol-POS_tokenise, 249	折腾 醒 了 ， 郁闷 ` ` `	酒店	地段 好 ， 设施 高级 ， 服务业 不错 ， 2 楼有 个
HUM_cat-hotel_pol-POS_tokenise, 250	2008 年 6 月 5 日 入住 该	酒店	标准间 。 装修 很 别致 ， 设施 也 不错 ， 前台 服务
HUM_cat-hotel_pol-POS_tokenise, 250	回味无穷 ， 价格 也 还 公道 。 但	酒店	的 房价 略微 高 了 一点 。 门面 太小, 房间 也
HUM_cat-hotel_pol-POS_tokenise, 252	有点 想 钱 想 疯 的 感觉 。	酒店	房间 一般 ， 就 这 样子 ， 交通 还 算 便利 。
HUM_cat-hotel_pol-POS_tokenise, 255	4 月 25 日 ： 谢谢您 对 我们	酒店	的 支持! 可能 对 香港 人 来说 也 是 一个 新
HUM_cat-hotel_pol-POS_tokenise, 256	， 旺角 地铁站 ， 弥敦道 也 分布 在	酒店	出口处 。 我 和 女儿 结束 迪斯尼 的 游玩 后 在 那里
HUM_cat-hotel_pol-POS_tokenise, 256	人 来说 还 算 方便 的 。 从	酒店	到 太空 馆 、 海洋公园 、 中环 等 都 很快 ， 酒店
HUM_cat-hotel_pol-POS_tokenise, 256	、 海洋公园 、 中环 等 都 很快 ，	酒店	旁边 的 集市 有 买 山竹 10 元 4 磅 ， 很
HUM_cat-hotel_pol-POS_tokenise, 258	房 ， 房间 偏小 了 ， 不过 经济性	酒店	也 就 这样 ； 环境 一般 ， 周围 感觉 蛮乱 的 ，
HUM_cat-hotel_pol-POS_tokenise, 258	方便 ； 服务 相对 另 2 个 经济型	酒店	算 最好? 硬件 不错 ， 相对 于 223 的 房价 ，
HUM_cat-hotel_pol-POS_tokenise, 259	感谢您 的 宝贵意见. 的确, 因 近期	酒店	新 员工 较 多, 在 服务 意识 上 还有 待 提高
HUM_cat-hotel_pol-POS_tokenise, 259	真诚 的 希望 您 下次 再 到 我	酒店	来, 感受一下 我们 酒店 的 其他 房间, 如 健康 单间
HUM_cat-hotel_pol-POS_tokenise, 259	再 到 我 酒店 来, 感受一下 我们	酒店	的 其他 房间, 如 健康 单间, 商务 标间, 豪单
HUM_cat-hotel_pol-POS_tokenise, 259	, 豪单, 豪标 等. 新华 国际	酒店	期待 您 的 再次 光临. 三亚湾 假日酒店 ， 非常适合 懒散 型
HUM_cat-hotel_pol-POS_tokenise, 260	， 非常适合 懒散 型 的 自由 行 ；	酒店	的 泳池 非常 漂亮 ， 打车 去 市区 和 机场 都 非常
HUM_cat-hotel_pol-POS_tokenise, 260	鱼疗 池要 收费 ， 稍微 有点 遗憾 ，	酒店	刚 开业 的 时候 是 不用 的 ； 早餐 的 品种 和
HUM_cat-hotel_pol-POS_tokenise, 261	， 但是 不 影响 下次 还会 入住 该	酒店	的 想法 ， 有 机会 还会 住 的 ， 性价比 很 高
HUM_cat-hotel_pol-POS_tokenise, 261	： 尊敬 的 客人 您好 ， 感谢您 给予	酒店	的 建议 ， 我们 将 根据 您 的 建议 着手 进行 改进
HUM_cat-hotel_pol-POS_tokenise, 262	， 真诚 期待 您 的 再次 光临 ！	酒店	的 大堂 很漂亮, 房间 不算 小, 设施 还 可以 也
HUM_cat-hotel_pol-POS_tokenise, 265	都 飘满 “ 雪花 ” 。 不过 该	酒店	在 皇冠 假日 中 应该 算是 性价比 较 高 的 酒店 之一
HUM_cat-hotel_pol-POS_tokenise, 265	假日 中 应该 算是 性价比 较 高 的	酒店	之一 了 ， 下次 去 湛江 还会 入住 ， 前提 是 别
HUM_cat-hotel_pol-POS_tokenise, 266	入住 ， 前提 是 别 涨价 了 。	酒店	位置 还 不错 ， 环境 也 可以 ， 房间 小 了 点
HUM_cat-hotel_pol-POS_tokenise, 267	也 可以 ， 房间 小 了 点 。	酒店	房间 还是 不错 的, 国庆节 去 房价 上涨, 如果 平时
HUM_cat-hotel_pol-POS_tokenise, 268	其实 也 没什么, 就 人 多点!	酒店	的 设施 还是 不错 的 ， 大堂 的 布置 的 比较 气派
HUM_cat-hotel_pol-POS_tokenise, 268	。 但 可气 的 是 原来 看到 订	酒店	有 送 １ ０ ０ 元 的 餐饮 消费 券 ， 但
HUM_cat-hotel_pol-POS_tokenise, 271	路 是 单行线 ， 这个 要 大家 注意	酒店	挺大 ， 也 很 有 特色 。 主要 是 位置 好 。
HUM_cat-hotel_pol-POS_tokenise, 271	位置 好 。 离 洋人街 很近 。 可是	酒店	房间 不能 上网 ， 比较 郁闷 。 价格 一般 。 2 月
HUM_cat-hotel_pol-POS_tokenise, 272	2 月 7 日至 10 日 入住 该	酒店	， 酒店 房间 安排 在 35 层 ， 可以 看到 一半 海景
HUM_cat-hotel_pol-POS_tokenise, 272	7 日至 10 日 入住 该 酒店 ，	酒店	房间 安排 在 35 层 ， 可以 看到 一半 海景 、 一半
HUM_cat-hotel_pol-POS_tokenise, 272	海景 、 一半 山景 ， 非常 棒 。	酒店	服务 很 好 ， 每天 都 有 新鲜 水果 赠送 ， 2
HUM_cat-hotel_pol-POS_tokenise, 272	2 月 9 日 恰逢 先生 过生日 ，	酒店	还 专门 赠送 了 一盒 巧克力 ， 非常 周到 体贴 、 服务
HUM_cat-hotel_pol-POS_tokenise, 272	香港 ， 我 还 会 选择 入住 该	酒店	。 大堂 门口 外 管理 停车 的 保安 不 尊重 客人 ，
HUM_cat-hotel_pol-POS_tokenise, 274	第二次 入住 了 ， 感觉 还好 ， 只是	酒店	不 提供 浴袍 很 不 方便 。 宾馆 反馈 2008 年 5
HUM_cat-hotel_pol-POS_tokenise, 274	月 30 日 ： 感谢您 再次 入住 华君	酒店	， 酒店 为 豪华 套房 配备 了 浴袍 、 电脑 并 赠送
HUM_cat-hotel_pol-POS_tokenise, 274	日 ： 感谢您 再次 入住 华君 酒店 ，	酒店	为 豪华 套房 配备 了 浴袍 、 电脑 并 赠送 水果 ，
HUM_cat-hotel_pol-POS_tokenise, 274	您 下次 能 选择 豪华 房型 ； 或者	酒店	可视 房间 情况 为 您 进行 升级 服务 。 再次 感谢您 对华
HUM_cat-hotel_pol-POS_tokenise, 274	进行 升级 服务 。 再次 感谢您 对华 君	酒店	的 厚爱 。 酒店 在 东营 当地 是 最 高档 的 ，
HUM_cat-hotel_pol-POS_tokenise, 275	再次 感谢您 对华 君 酒店 的 厚爱 。	酒店	在 东营 当地 是 最 高档 的 ， 服务 人员 训练有素 ，
HUM_cat-hotel_pol-POS_tokenise, 275	人员 训练有素 ， 服务 意识 很 好 。	酒店	很 新 ， 房间 也 很 干净 ， 零点 厅 的 饭菜
HUM_cat-hotel_pol-POS_tokenise, 276	房间 ， 其中 一个 客人 住 过 该	酒店	， 虽然 酒店设施 都 有 不同 层次 的 提高 ， 但 他
HUM_cat-hotel_pol-POS_tokenise, 280	早餐 了 。 难道说 周末 的 时候 ，	酒店	员工 休息 ， 为了 减少 工作 负荷 压力 ， 就 不 给
HUM_cat-hotel_pol-POS_tokenise, 281	比较 丰盛 ， 服务态度 等 各 方面 符合	酒店	星级 标准 ， 除了 地段 在 浦东 外 ， 可能 不 适合
HUM_cat-hotel_pol-POS_tokenise, 287	被 他 的 洗漱 声音 吵醒 了.	酒店	的 check in 和 check out 很快. 预订 的 普通 单人间
HUM_cat-hotel_pol-POS_tokenise, 288	来讲 性价比 挺高. 下次 还会 选择.	酒店	位置 不错 ， 房间 也 比较 干净 。 酒店 服务员 的 办理
HUM_cat-hotel_pol-POS_tokenise, 288	位置 不错 ， 房间 也 比较 干净 。	酒店	服务员 的 办理 速度 还 比较 快 ， 而且 态度 不错 ，
HUM_cat-hotel_pol-POS_tokenise, 288	景点 的 公交 非常 方便 ， 就 在	酒店	门口 ， 出门 就是 。 不错 离开 温泉 酒店 就 入住 了
HUM_cat-hotel_pol-POS_tokenise, 289	门口 ， 出门 就是 。 不错 离开 温泉	酒店	就 入住 了 这间 酒店 ， 感觉 就 和 一般 的 四星
HUM_cat-hotel_pol-POS_tokenise, 289	不错 离开 温泉 酒店 就 入住 了 这间	酒店	， 感觉 就 和 一般 的 四星 没什么 两样 ， 出入 蛮
HUM_cat-hotel_pol-POS_tokenise, 289	蛮 方便 的 ， 最 方便 的 是	酒店	对面 有个 海鲜 大排挡 ， 到 那里 吃海鲜 很爽 ， 各种 海鲜
HUM_cat-hotel_pol-POS_tokenise, 290	不出 名字 ， 不过 都 很 好吃 。	酒店	地理位置 不错 ， 硬件 设施 稍次 。 总体 还 可以 。 山西
HUM_cat-hotel_pol-POS_tokenise, 291	（ 维景 国际 ） 大酒店 服务 好 ，	酒店	环境 很 好 ． 下次 我 还 会 光顾 ． 相信 我
HUM_cat-hotel_pol-POS_tokenise, 293	有待 改进 ！ 王府 是 值得 推荐 的	酒店	， 因为 ： 1 、 保安 及 饭店 的 其他 员工 服务态度
HUM_cat-hotel_pol-POS_tokenise, 294	服务 太贵 ， 超出 这个 档次 的 同类	酒店	。 我于 日前 入住 该 酒店 ， 因为 去 机车厂 办事 ，
HUM_cat-hotel_pol-POS_tokenise, 295	的 同类 酒店 。 我于 日前 入住 该	酒店	， 因为 去 机车厂 办事 ， 所以 应该 是 个 最近 的
HUM_cat-hotel_pol-POS_tokenise, 295	所以 应该 是 个 最近 的 选择 ，	酒店	本身 没什么 可以 说 的 ， 硬件 较 老 了 ， 但
HUM_cat-hotel_pol-POS_tokenise, 295	让 我 非常 感动 。 当天 我 离开	酒店	后 便 回到 上海 ， 整理 行李 时 发现 遗忘 了 一根
HUM_cat-hotel_pol-POS_tokenise, 295	行李 时 发现 遗忘 了 一根 数据线 在	酒店	， 急忙 电话 联络 总台 ， 是 一位 张 小姐 接 的
HUM_cat-hotel_pol-POS_tokenise, 295	张 小姐 帮忙 寄回 上海 ， 2 天后	酒店	还 专门 派 人 来电 询问 ， 令 我 非常 感动 。
HUM_cat-hotel_pol-POS_tokenise, 295	来电 询问 ， 令 我 非常 感动 。	酒店	的 服务 真是 值得 表扬 。 特别 再次 表示感谢 。 因为 参展
HUM_cat-hotel_pol-POS_tokenise, 296	。 因为 参展 ， 就 选择 了 这	酒店	。 酒店 在 新 国际 展览馆 内 ， 这是 最大 的 优势
HUM_cat-hotel_pol-POS_tokenise, 296	参展 ， 就 选择 了 这 酒店 。	酒店	在 新 国际 展览馆 内 ， 这是 最大 的 优势 。 摆展
HUM_cat-hotel_pol-POS_tokenise, 296	。 摆展 的 时候 随时 可以 走 回	酒店	的 ， 免去 了 交通 麻烦 。 但 如果 是 大型 展览会
HUM_cat-hotel_pol-POS_tokenise, 296	交通 麻烦 。 但 如果 是 大型 展览会	酒店	的 价格 也 是 较 高 的 ， 平时 360 的 房间
HUM_cat-hotel_pol-POS_tokenise, 296	60 元 房费 吗 ？ 还有 就是 那个	酒店	菜馆 ， 东西 一般 的 很 ， 但 价格 倒 不 便宜
HUM_cat-hotel_pol-POS_tokenise, 298	满 不错 ， 下次 去 还 住 该	酒店	的 服务 确实 不错 ， 到 每 一个 地方 都 有 工作人员
HUM_cat-hotel_pol-POS_tokenise, 298	问好 ， 看得出来 是 发自内心 的 。 从	酒店	员工 通道 到 后院 停车处 ， 四周 墙壁 上 有 很多 理念
HUM_cat-hotel_pol-POS_tokenise, 298	的 宣传 标语 ， 可以 感觉 到 此	酒店	的 精髓 所在 。 早餐 很 丰盛 ， 房间 也 很 干净
HUM_cat-hotel_pol-POS_tokenise, 298	， 很 值得 向 携程 各位朋友 推荐 此家	酒店	。 环境 还是 很 好 的 ， 附近 是 老城区 了 ，
HUM_cat-hotel_pol-POS_tokenise, 300	， 附近 是 老城区 了 ， 但 觉得	酒店	比较 老 ， 但是 房间 还好 。 酒店 虽 不 在 市中心
HUM_cat-hotel_pol-POS_tokenise, 300	酒店 比较 老 ， 但是 房间 还好 。	酒店	虽 不 在 市中心 ， 但离 我 出差 的 公司 较近 ，
HUM_cat-hotel_pol-POS_tokenise, 302	但 携程 的 工作人员 还是 帮 我 跟	酒店	方 协商 免费 退掉 了 ， 并 跟 换 了 这家 。
HUM_cat-hotel_pol-POS_tokenise, 302	因为 要求 离 新光 天地 近 的 。	酒店	大堂 很漂亮 ， 还有 古老 埃及 的 女神像 ， 3 个 很大
HUM_cat-hotel_pol-POS_tokenise, 306	热咖啡 还 可以 。 一个 还 不错 的	酒店	。 优点 有 这样 几条 。 一是 交通 方便 。 离 地铁
HUM_cat-hotel_pol-POS_tokenise, 307	的 灵活性 还 不够 非常 值得 住 的	酒店	， 房间 卫生间 的 设计 比较 风格 。 购物 非常 方便 ，
HUM_cat-hotel_pol-POS_tokenise, 307	设计 比较 风格 。 购物 非常 方便 ，	酒店	对面 的 翠杏村 酒家 的 广东 点心 非常 好吃 。 离 兰桂坊
HUM_cat-hotel_pol-POS_tokenise, 308	要 收费 显得 有点 小气 。 1 。	酒店	比较 新 ， 装潢 和 设施 还 不错 ， 只是 房间 有些
HUM_cat-hotel_pol-POS_tokenise, 310	陈旧. 服务周到, 值得 下次 再 去	酒店	位置 不错 ， 去 解放碑 （ 抄小路 ） ， 南滨路 都 很
HUM_cat-hotel_pol-POS_tokenise, 310	可以 ， 布置 的 也 很 雅致 ，	酒店	服务 也 不错 ， 浴室 有 吹风机 ， 盥洗台 右侧 的 伸缩
HUM_cat-hotel_pol-POS_tokenise, 310	6 月 7 日 ： 总的来说 ， 这家	酒店	酒店 就 如 店名 一样 ， 偏向 于 家居 风格 ， 并且
HUM_cat-hotel_pol-POS_tokenise, 310	月 7 日 ： 总的来说 ， 这家 酒店	酒店	就 如 店名 一样 ， 偏向 于 家居 风格 ， 并且 酒店
HUM_cat-hotel_pol-POS_tokenise, 310	一样 ， 偏向 于 家居 风格 ， 并且	酒店	是 重庆市 中心 少有 的 比较 安静 的 酒店 ， 而且 出门
HUM_cat-hotel_pol-POS_tokenise, 310	是 重庆市 中心 少有 的 比较 安静 的	酒店	， 而且 出门 左拐 就是 十八 梯 之类 的 老城区 ， 对于
HUM_cat-hotel_pol-POS_tokenise, 310	细节 的 人 ， 很 高兴 您 对	酒店	特色 设施 的 认同 。 房间 空调 有 1 到 3 档可供
HUM_cat-hotel_pol-POS_tokenise, 310	不便 敬请 谅解 。 房间 的 书籍 是	酒店	搜寻 的 近期 比较 受欢迎 的 系列 ， 方便 您 需要 可以
HUM_cat-hotel_pol-POS_tokenise, 311	麻烦 。 在 成都 糖酒会 期间 入住 该	酒店	, 很 感动 在 全城 酒店 出奇 紧张 的 情况 下 酒店
HUM_cat-hotel_pol-POS_tokenise, 311	入住 该 酒店, 很 感动 在 全城	酒店	出奇 紧张 的 情况 下 酒店 为 我 把 房间 升级成 了
HUM_cat-hotel_pol-POS_tokenise, 311	在 全城 酒店 出奇 紧张 的 情况 下	酒店	为 我 把 房间 升级成 了 豪华 间, 且 酒店 服务
HUM_cat-hotel_pol-POS_tokenise, 311	把 房间 升级成 了 豪华 间, 且	酒店	服务 很 到位, 没有 发现 楼下 朋友 说 的 那些 情况
HUM_cat-hotel_pol-POS_tokenise, 311	期间 的 488, 也 比 上海 的	酒店	性价比 高太多 了. PS, 酒店 出门 右边 斜对面 就是 春熙路
HUM_cat-hotel_pol-POS_tokenise, 311	的 酒店 性价比 高太多 了. PS,	酒店	出门 右边 斜对面 就是 春熙路 步行街, 交通 很 方便. 每年
HUM_cat-hotel_pol-POS_tokenise, 314	秋林 附近 ， 靠近 松花江 ， 环境优美 。	酒店	位置 较 隐蔽 ， 不过 胡同口 就 有 其它 的 大酒店 所以
HUM_cat-hotel_pol-POS_tokenise, 316	应该 还会 选择 这里 ！ 非常 不错 的	酒店	， 房间 宽大 ， 浴室 的 设计 都 不错 ， 只是 房间
HUM_cat-hotel_pol-POS_tokenise, 316	的 红酒 ， 可是 没有 杯子 ， 不过	酒店	马上 就 送过来 。 客房 ， 门房 的 服务 都 很 好
HUM_cat-hotel_pol-POS_tokenise, 316	都 很 好 。 在 大连 的 五星	酒店	里 这家 的 价格合理 （ 可是 还是 比 我 在 北京 住
HUM_cat-hotel_pol-POS_tokenise, 316	还是 比 我 在 北京 住 的 五星	酒店	贵 ） 。 我 住 过 大连 其它 的 五星 酒店 ，
HUM_cat-hotel_pol-POS_tokenise, 316	。 我 住 过 大连 其它 的 五星	酒店	， 这家 日光 比较 划算 。 第二次 帮别人 预定 这个 酒店 了
HUM_cat-hotel_pol-POS_tokenise, 317	日光 比较 划算 。 第二次 帮别人 预定 这个	酒店	了 ， 第一 的 时候 反映 相当 好 ， 所以 这次 有订
HUM_cat-hotel_pol-POS_tokenise, 318	价格, 环境 和 设施 考虑, 此	酒店	相当 不错. 如果 没有 其他 因素, 下次 还会 再 住
HUM_cat-hotel_pol-POS_tokenise, 318	, 下次 还会 再 住. 为 使贵	酒店	良性 发展, 特 提醒 几点: 1. 酒点 总台 服务
HUM_cat-hotel_pol-POS_tokenise, 321	说明 问题 了 。 交通 挺 方便,	酒店	里面 装修 还 比较 新, 适合 出差 住 房间 很 好
HUM_cat-hotel_pol-POS_tokenise, 325	大门 走到 8 号线 3 - 5 分钟	酒店	占地面积 很大 ， 号称 花园式 。 住 的 迎宾 楼 ， 条件
HUM_cat-hotel_pol-POS_tokenise, 326	日 ： 我 去 海洋公园 就是 在 与	酒店	隔 一条 马路 的 干诺道 上乘 的 973 ， 大约 走 5
HUM_cat-hotel_pol-POS_tokenise, 327	房价 还行 的 ， 作为 一个 县城 的	酒店	， 硬件 设施 应该 算是 相当 不错 了 。 由于 同学 的
HUM_cat-hotel_pol-POS_tokenise, 328	~ ~ 服务态度 十分 热情 ~ ~ ~	酒店	里 不但 有 免费 得 室内 室外 温泉 泡 ~ ~ 而且
HUM_cat-hotel_pol-POS_tokenise, 328	so good ~ ~ 是 标准 得 五星	酒店	~ ~ ~ 如果 觉得 离 市区 远 了 点 可以 乘
HUM_cat-hotel_pol-POS_tokenise, 331	沟通 最大 限度 满足 我们 的 要求 。	酒店	以前 住 过 ， 卫生间 太小 ， 虽然 订 的 是 商务
HUM_cat-hotel_pol-POS_tokenise, 332	交通 都 不错, 下次 还要 住 该	酒店	了 服务 很 好, 房间 质量 太 差, 差点 被
HUM_cat-hotel_pol-POS_tokenise, 334	, 能 和 五星级 的 相比..	酒店	很 超值 ， 干净 卫生 ， 尤其 值得一提的是 在 前台 办理 入住
HUM_cat-hotel_pol-POS_tokenise, 334	看到 我们 携带 一个 小孩 ， 主动 提出	酒店	有大床 带 单床 的 房间 ， 而且 价格 不变 ， 服务 热情
HUM_cat-hotel_pol-POS_tokenise, 336	位置 还是 可以 ， 预定 时 携程 说	酒店	要 信用卡 担保 ， 担保 后 到 了 酒店 时 ， 酒店
HUM_cat-hotel_pol-POS_tokenise, 336	要 信用卡 担保 ， 担保 后 到 了	酒店	时 ， 酒店 说 我 预定 的 标准间 没有 了 ， 免费
HUM_cat-hotel_pol-POS_tokenise, 336	， 担保 后 到 了 酒店 时 ，	酒店	说 我 预定 的 标准间 没有 了 ， 免费 个 给 我
HUM_cat-hotel_pol-POS_tokenise, 338	的 老外 会 比较 喜欢 这种 风格 。	酒店	还 可以, 地毯 应该 要 换换 了, 电视台 太少 了
HUM_cat-hotel_pol-POS_tokenise, 339	这样 出差 的, 应该 还 不错 了	酒店	服务态度 绝对 是 好 的 ， 大堂 小姐 会 提醒 天冷加 衣服
HUM_cat-hotel_pol-POS_tokenise, 339	周到 的 服务 ， 很 不错 。 但是	酒店	装修 一般 ， 还有 隔音 效果 不好 。 不过 总的来说 还是 比较满意
HUM_cat-hotel_pol-POS_tokenise, 339	， 至少 在 我 已经 住 过 的	酒店	当中 算是 好 的 了 。 位置 、 价格 都 比较 合理
HUM_cat-hotel_pol-POS_tokenise, 340	点评 ， 非常 感谢您 的 宝贵意见 ， 由于	酒店	已 开张 营业 十年 ， 所以 有些 设施 设备 比较 陈旧 ，
HUM_cat-hotel_pol-POS_tokenise, 340	此 深表歉意 ， 今年 ， 我们 将 对	酒店	进行 全面 的 装修 ， 相信 不久 的 将来 ， 一定 能
HUM_cat-hotel_pol-POS_tokenise, 342	初四 晚到 宾馆 过夜 的 习惯 满好 的	酒店	, 下次 去 还 会 住 的! 值得 推荐! 其他
HUM_cat-hotel_pol-POS_tokenise, 343	晚上 回程 路上 临时 通过 电话 预定 ，	酒店	位于 淮安 楚州 周总理 纪念馆 旁边 ， 京沪 高速 下来 很 方便
HUM_cat-hotel_pol-POS_tokenise, 343	(不过 楚州 也 不大 ） 。 该	酒店	应该 是 电力 下属 的 三产 吧 ， 服务 一般 的 很
HUM_cat-hotel_pol-POS_tokenise, 343	。 如果 有 时间 还是 选择 其他 的	酒店	吧 ， 半夜 看 的 不是 很 清楚 ， 附近 有 一个
HUM_cat-hotel_pol-POS_tokenise, 343	很 清楚 ， 附近 有 一个 四星 的	酒店	正好 位于 湖边 ， 景色 应该 不错 。 酒店 的 性价比 很
HUM_cat-hotel_pol-POS_tokenise, 344	正好 位于 湖边 ， 景色 应该 不错 。	酒店	的 性价比 很 高. 我 特别 要 感谢 早 餐厅 的
HUM_cat-hotel_pol-POS_tokenise, 344	与 你 打招呼. 总之, 对大 世界	酒店	的 服务 很 满意! 还 算 不错 。 要说 是 4
HUM_cat-hotel_pol-POS_tokenise, 345	， 设施 还 差点 。 不过 ， 泰安	酒店	普遍 不好 ， 这个 也 算 凑合 了 。 离 火车站 非常
HUM_cat-hotel_pol-POS_tokenise, 349	没找 维修 ， 希望 能 维修 一下 。	酒店	是 比较 老 的 四星 ， 设施 都 比较 陈旧 ， 房间
HUM_cat-hotel_pol-POS_tokenise, 354	不错 不错 不错 不错 非常 好 的 一家	酒店	， 服务 很 好 。 房间 的 设施 也 很 好 。
HUM_cat-hotel_pol-POS_tokenise, 354	也 很 好 。 比 很多 五星级 的	酒店	也好 。 但是 ， 外面 比较 难 打 的 。 并且 ，
HUM_cat-hotel_pol-POS_tokenise, 354	元 ， 真是 天价 的士 。 虽然 跟	酒店	没 关 ， 但 希望 酒店 能 到 相关 部门 反映 一下
HUM_cat-hotel_pol-POS_tokenise, 354	虽然 跟 酒店 没 关 ， 但 希望	酒店	能 到 相关 部门 反映 一下 。 位置 便利 ， 价格便宜 ，
HUM_cat-hotel_pol-POS_tokenise, 356	服务周到 ， 环境 幽美 ！ 谢谢 ！ 该	酒店	地理位置 很 好 ， 交通 便利 ， 在 市中心 ， 入住 酒店
HUM_cat-hotel_pol-POS_tokenise, 356	， 交通 便利 ， 在 市中心 ， 入住	酒店	时一 进门 就 有 服务员 热情 的 招呼 声 ， 总台 的
HUM_cat-hotel_pol-POS_tokenise, 356	的 感觉 的 ， 非常适合 商务人士 入住 的	酒店	。 以后 到 南通 这 便是 我 的 家 。 这家 酒店
HUM_cat-hotel_pol-POS_tokenise, 357	南通 这 便是 我 的 家 。 这家	酒店	应该 不错 ， 在 北京 这种 价格 还 算 合理 。 在
HUM_cat-hotel_pol-POS_tokenise, 359	呵呵 根据 大家 的 点评 选择 了 这家	酒店	， 总体 感觉 还是 很 不错 的 。 此次 预定 的 豪华
HUM_cat-hotel_pol-POS_tokenise, 359	水果 。 点点 细节 体现 着 一个 四星级	酒店	的 服务 。 满意 。 再说 点 小 插曲 。 在 前台
HUM_cat-hotel_pol-POS_tokenise, 359	我 ： 现在 没有 房间 ， 因为 这是	酒店	的 缘故 ， 所以 给 我 免费 升级 。 这个 小 插曲
HUM_cat-hotel_pol-POS_tokenise, 359	： 感谢您 选择 国宾 大酒店 入住 并 对	酒店	予以 认可 。 看 您 的 评论 ， 猜想 您 可能 是
HUM_cat-hotel_pol-POS_tokenise, 359	有 特殊要求 ， 建议您 拨打 电话 预订 ，	酒店	和 携程 的 预订 人员 会 共同 做好 记录 ， 按 您
HUM_cat-hotel_pol-POS_tokenise, 359	- 820 - 6666 （ 手机 ） ；	酒店	订房 电话 ： 0311 - 86911999 。 再次 对 您 的 点评
HUM_cat-hotel_pol-POS_tokenise, 360	心情舒畅 ， 一切顺利 。 非常 值得 推荐 的	酒店	， 我们 是 除夕夜 在 酒店 过 的 ， 房间 很大 ，
HUM_cat-hotel_pol-POS_tokenise, 360	推荐 的 酒店 ， 我们 是 除夕夜 在	酒店	过 的 ， 房间 很大 ， 挺舒服 的 ， 晚上 景色 超美
HUM_cat-hotel_pol-POS_tokenise, 360	是 卫生间 感觉 有 一点儿 小 ， 五星	酒店	应该 再 阔气 一些 ， 但 硬件 设施 还是 挺 高档 的
HUM_cat-hotel_pol-POS_tokenise, 361	全 ， 牙膏 都 是 高露洁 的 。	酒店	细节 做 得 不错 ， 但 房间 不 大 ， 卫生 挺
HUM_cat-hotel_pol-POS_tokenise, 362	麻将 室 ， 因 我们 之前 查 到	酒店	自己 的 网站 上 写 着 “ 景观 房有 露天 阳台 ”
HUM_cat-hotel_pol-POS_tokenise, 363	失望 ， 硬件 硬 ， 软件 软 。	酒店	位置 不错, 离 南京路 很近 但是 闹中取静. 二楼 西餐厅 菜品
HUM_cat-hotel_pol-POS_tokenise, 363	的 早餐 太过 简单, 比不上 其他 五星	酒店	的 行政 俱乐部. 行政 间 配有 电脑, 但是 传真 /
HUM_cat-hotel_pol-POS_tokenise, 363	传真 / 打印机 没有 接上, 形同虚设.	酒店	电梯 需要 插入 房卡 才 可以 使用, 但是 有 几台 电梯
HUM_cat-hotel_pol-POS_tokenise, 364	友好 和 周到. 很 好 的 四星级	酒店	， 价格便宜 ， 值得 再住 。 房间 热气 足 ， 只是 标房
HUM_cat-hotel_pol-POS_tokenise, 365	了 点 ， 但 也 够用 了 。	酒店	不错 ， 房间 很 干净 ， 服务 也 很 不错 啊 ，
HUM_cat-hotel_pol-POS_tokenise, 367	, 飞机 晚点 三 小时, 可 到	酒店	, 心情 大好, 房间 升级, 已 为 我们 冰 好
HUM_cat-hotel_pol-POS_tokenise, 369	ctrip. com. all rights reserved.	酒店	不 大 ， 但 环境 很 不错 ， 房间 也 很 有
HUM_cat-hotel_pol-POS_tokenise, 370	找到, 但 最后 得知 手机 竟 在	酒店	的 垃圾桶 里 被 发现, 失而复得 不 甚 喜悦 。 酒店
HUM_cat-hotel_pol-POS_tokenise, 370	被 发现, 失而复得 不 甚 喜悦 。	酒店	善后 服务 也 算 不错, 可 手机 如何 长 了 腿
HUM_cat-hotel_pol-POS_tokenise, 373	找 。 去 朱家角 要计 双程 。 且	酒店	没有 什么 娱乐 设施 。 晚上 比较 无聊 。 酒店 靠近 东方
HUM_cat-hotel_pol-POS_tokenise, 373	什么 娱乐 设施 。 晚上 比较 无聊 。	酒店	靠近 东方 绿洲 2 号口 。 2 号 口里 有 出租 自行车
HUM_cat-hotel_pol-POS_tokenise, 373	！ ？ 可以 到 1 号口 或者 在	酒店	里面 租车 。 五星级 酒店 空降 在 富阳 这个 小 地方 。
HUM_cat-hotel_pol-POS_tokenise, 374	号口 或者 在 酒店 里面 租车 。 五星级	酒店	空降 在 富阳 这个 小 地方 。 硬件 没有 什么 可 抱怨
HUM_cat-hotel_pol-POS_tokenise, 374	别想 找个 更好 的 地方 了 。 这个	酒店	要是 在 杭州 ， 就是 800 元 一晚 也 找 不到 ，
HUM_cat-hotel_pol-POS_tokenise, 374	什么 在 富阳 会 有 这么 好 的	酒店	？ 服务 很 好 ， 房间 比较 温馨 ， 还有 篮球场 ，
HUM_cat-hotel_pol-POS_tokenise, 376	少 ， 比较 安静 ， 适合 休息 。	酒店	房间 确实 是 干净 ， 没 问题 ， 就是 要 仔细 看
HUM_cat-hotel_pol-POS_tokenise, 376	， 安静 的 我 没 想法 了 ，	酒店	里 的 MINI 吧 ～ ～ 看看 是 几 几年 的 ？
HUM_cat-hotel_pol-POS_tokenise, 381	以后 出差 到 临沂 都 住 这 。	酒店	是 个 环境 很 好 的 地方 ， 需要 乘船 才能 到达
HUM_cat-hotel_pol-POS_tokenise, 381	像 去 了 世外桃源 一样 。 但是 去	酒店	不是 容易 的 事情 ， 希望 有 携程 可以 把 怎样 去
HUM_cat-hotel_pol-POS_tokenise, 383	也 不亮, 没有 再 计较. 以	酒店	所在 的 东胜区 （ 鄂尔多斯市 首府 ） 来说 ， 酒店 离有 一定
HUM_cat-hotel_pol-POS_tokenise, 383	的 东胜区 （ 鄂尔多斯市 首府 ） 来说 ，	酒店	离有 一定 的 距离 ， 从 汽车站 出来 上 了 一辆 出租车
HUM_cat-hotel_pol-POS_tokenise, 383	去 国宾馆 而 不 说 去 假日酒店 。	酒店	的 环境 不错 ， 商务 房间 的 设计 和 舒适 程度 也
HUM_cat-hotel_pol-POS_tokenise, 383	的 工作人员 也 很 专业 ， 笑容可掬 。	酒店	里 自助 晚餐 的 出品 值得 一赞 。 有 一晚 住 的
HUM_cat-hotel_pol-POS_tokenise, 385	! 房间 紧张 --- 由于 地理位置, 这个	酒店	的 房间 通常 都 很 紧张. 房价 高 --- 285 虽然
HUM_cat-hotel_pol-POS_tokenise, 385	多 ， 但是 要 记住 这个 是 经济型	酒店	. 在 这个 价位 不太 经济. 布局 好 --- 本次 的
HUM_cat-hotel_pol-POS_tokenise, 386	可言. 推荐 入住. 总的来说 比较满意 ，	酒店	提供 免费 接车 ， 接车 时 发生 一点 意外 ， 酒店 的
HUM_cat-hotel_pol-POS_tokenise, 386	接车 ， 接车 时 发生 一点 意外 ，	酒店	的 车 涉嫌 无证 经营 被扣 了 ， 但是 接站 的 员工
HUM_cat-hotel_pol-POS_tokenise, 386	接站 的 员工 还是 打车 将 我们 送到	酒店	， 并未 耽搁 我们 的 行程 。 房间 也 不错 ， 地方
HUM_cat-hotel_pol-POS_tokenise, 386	或 更 长点 时间 就 有 一班 。	酒店	有 自己 的 旅行社 ， 我们 通过 它 包车去 的 雅丹 和
HUM_cat-hotel_pol-POS_tokenise, 388	差一点 ！ 我 是 自己 开车 去 的	酒店	， 这个 酒店 如果 是 晚上 入住 根本 看不到 酒店 入口处 ，
HUM_cat-hotel_pol-POS_tokenise, 388	是 自己 开车 去 的 酒店 ， 这个	酒店	如果 是 晚上 入住 根本 看不到 酒店 入口处 ， 我 费尽周折 边
HUM_cat-hotel_pol-POS_tokenise, 388	这个 酒店 如果 是 晚上 入住 根本 看不到	酒店	入口处 ， 我 费尽周折 边 打电话 咨询 酒店 边 让 车上 的
HUM_cat-hotel_pol-POS_tokenise, 388	酒店 入口处 ， 我 费尽周折 边 打电话 咨询	酒店	边 让 车上 的 人 仔细 辨认 ， 结果 还是 绕错 很多
HUM_cat-hotel_pol-POS_tokenise, 388	结果 还是 绕错 很多 地方 好不容易 才 开到	酒店	大门口 ， 那天 正好 下 小雨 ， 门口 保安 只有 一人 跑
HUM_cat-hotel_pol-POS_tokenise, 388	保安 只有 一人 跑 来 ， 我 在	酒店	门口 依然 看不到 车库 入口 ， 要求 保安 带路 ， 于是 他
HUM_cat-hotel_pol-POS_tokenise, 388	人影 ， 害 得 我们 找 电梯 口回	酒店	找 了 半天 ！ ！ ！ 这种 情况 也许 以前 很难 体现
HUM_cat-hotel_pol-POS_tokenise, 388	这 几件事 集中 起来 就 反映 了 该	酒店	的 管理 薄弱 的 一方面 ， 最 重要 的 是 我 觉得
HUM_cat-hotel_pol-POS_tokenise, 388	是 我 觉得 作为 一个 好评 如潮 的	酒店	更 不 应该 了 ！ 当然 事后 当晚 值班 经理 的 及时
HUM_cat-hotel_pol-POS_tokenise, 388	房间 等等 补偿 行为 也 体现 了 该	酒店	管理层 对 客人 的 重视 ， 体现 了 酒店 有 错 及时
HUM_cat-hotel_pol-POS_tokenise, 388	管理层 对 客人 的 重视 ， 体现 了	酒店	有 错 及时 改进 的 诚恳 态度 ！ 而且 第二天 还 通过
HUM_cat-hotel_pol-POS_tokenise, 388	电话 道歉 ！ 我 也 确实 感到 该	酒店	能 有 如此 态度 很 难能可贵 了 ！ 本来 我 不想 点评
HUM_cat-hotel_pol-POS_tokenise, 388	我 的 客观 褒贬 让 大家 看到 该	酒店	的 真实 品质 ！ 也许 我 下次 还会 考虑 入住 该 酒店
HUM_cat-hotel_pol-POS_tokenise, 388	！ 也许 我 下次 还会 考虑 入住 该	酒店	， 只是 仍然 希望 酒店 今后 多 积极 发现 不足 ， 免得
HUM_cat-hotel_pol-POS_tokenise, 388	考虑 入住 该 酒店 ， 只是 仍然 希望	酒店	今后 多 积极 发现 不足 ， 免得 以后 入住 该 酒店 的
HUM_cat-hotel_pol-POS_tokenise, 388	积极 发现 不足 ， 免得 以后 入住 该	酒店	的 客人 那么 麻烦 同时 也 影响 自己 的 声誉 ！ 我订
HUM_cat-hotel_pol-POS_tokenise, 390	很 不 方便 ， 连 一般 的 连锁	酒店	也 不如 的 感觉 。 且 开门 进 房间 有股 味道 ，
HUM_cat-hotel_pol-POS_tokenise, 390	出行 第一次 遇到 这样 的 事情 ， 一般	酒店	填写 一份 就行了 ， 护照 也 不要 复印 。 早餐 虽然 比较
HUM_cat-hotel_pol-POS_tokenise, 394	上 看 ， 犹如 置身于 古堡 。 建议	酒店	在 入口 挂个 招牌 。 2 月 26 日 帮妈订 的 这个
HUM_cat-hotel_pol-POS_tokenise, 395	。 2 月 26 日 帮妈订 的 这个	酒店	， 妈 是 3 月 2 号 离开 的 。 妈 说
HUM_cat-hotel_pol-POS_tokenise, 395	号 离开 的 。 妈 说 ， 这个	酒店	的 性价比 很 高 ， 房间 很 干净 ， 可以 免费 宽带
HUM_cat-hotel_pol-POS_tokenise, 395	地处 稍微 有点 偏僻 ， 离店 时 ，	酒店	服务 人员 很 热情 的 询问 是否 要代 叫 出租 ； 如果
HUM_cat-hotel_pol-POS_tokenise, 396	大酒店 ， 您 提出 的 问题 引起 了	酒店	的 高度重视 ， 我们 会 就此 问题 进行 分析 调查 并作 整改
HUM_cat-hotel_pol-POS_tokenise, 397	月 7 日 ： 非常 感谢您 光临 我们	酒店	, 也 感谢您 对 我们 酒店 的 关注 和 提出 一些 问题
HUM_cat-hotel_pol-POS_tokenise, 397	光临 我们 酒店, 也 感谢您 对 我们	酒店	的 关注 和 提出 一些 问题, 酒店 同 一种 房间 大小
HUM_cat-hotel_pol-POS_tokenise, 397	酒店 的 关注 和 提出 一些 问题,	酒店	同 一种 房间 大小 都 是 一样 的. 关于 同样 的
HUM_cat-hotel_pol-POS_tokenise, 397	不足 用 或 出现异常 问题 时, 我们	酒店	为了 保障 预订 客人 的 房间 而 给予 客人 免费 升级 入住
HUM_cat-hotel_pol-POS_tokenise, 397	免费 升级 入住 所 产生 的 情况.	酒店	早餐 是 套餐 形式. 共有 8 款 固定 中式 茶点 套餐
HUM_cat-hotel_pol-POS_tokenise, 397	我们 深表歉意! 欢迎您 的 再次 光临 我们	酒店	! 总体 感觉 不错, 房间 很 温馨, 考虑 到 丽江
HUM_cat-hotel_pol-POS_tokenise, 400	也 不错 ， 推荐 下次 还会 住 这里	酒店	软硬件 都 不错 ， 游泳池 更 不错 。 只是 周围 没有 吃饭
HUM_cat-hotel_pol-POS_tokenise, 400	， 一定 到 打车 出去 。 另外 ，	酒店	不让 出租车 在 酒店 门口 待客 ， 客人 要 走 到 马路上
HUM_cat-hotel_pol-POS_tokenise, 400	出去 。 另外 ， 酒店 不让 出租车 在	酒店	门口 待客 ， 客人 要 走 到 马路上 打车 ， 是 法国人
HUM_cat-hotel_pol-POS_tokenise, 400	， 是 法国人 的 新招 吗 ？ 同	酒店	服务 的 档次 严重 脱位 。 酒店 环境 不错 ， 设施 有点儿
HUM_cat-hotel_pol-POS_tokenise, 401	同 酒店 服务 的 档次 严重 脱位 。	酒店	环境 不错 ， 设施 有点儿 旧 ， 早餐 还 可以 ， 服务
HUM_cat-hotel_pol-POS_tokenise, 403	service 都 很 不错 ！ 卫生间 很大 ！	酒店	环境 不错 ， 房间 的 感觉 在家 一样 ， 5 百多 的
HUM_cat-hotel_pol-POS_tokenise, 407	非常 贵 － － 有点 宰 人 ！	酒店	前面 就是 温泉 公园, 环境 还算 ok. 我 下午 3
HUM_cat-hotel_pol-POS_tokenise, 407	ok. 我 下午 3 点 左右 到	酒店	, 在 前台 等 check - in 时 等 了 十多分钟 才
HUM_cat-hotel_pol-POS_tokenise, 408	在 携程 上定 的 套餐 。 总体 感觉	酒店	还是 不错 的 ， 交通 很 便利 。 离 时代广场 走路 最多
HUM_cat-hotel_pol-POS_tokenise, 408	10 分钟 ， 所以 坐地铁 方便 。 而且	酒店	周边 公交车 也 很多 ， 到 海洋公园 、 浅水湾 都 很 便利
HUM_cat-hotel_pol-POS_tokenise, 408	。 给 了 2 天 的 矿泉水 。	酒店	的 班车 大家 可以 多多 利用 可以 省下 很多 的 时间 和
HUM_cat-hotel_pol-POS_tokenise, 409	下次 我们 到 香港 还会 入住 的 ！	酒店	位置 还 可以, 比较 静, 是 个 住宅区, 房间
HUM_cat-hotel_pol-POS_tokenise, 410	也 没有 什么 特别 印象. 一般般 吧	酒店	感觉 很 不错 ， 服务态度 很 好 ， 就是 房间 的 温度
HUM_cat-hotel_pol-POS_tokenise, 410	入住 时 问题 肯定 解决 了 ． 我们	酒店	全体 员工 恭候 您 的 再次 光临 ！ 典型 的 快捷酒店 的
HUM_cat-hotel_pol-POS_tokenise, 411	十分 的 丰盛, 在 郑州 当地 此	酒店	好象 十分 的 出名 位置 好 火车 ， 地铁 ， 机场 大巴
HUM_cat-hotel_pol-POS_tokenise, 416	安排 向 马路 的 房间 给 我 。	酒店	地理位置 极佳, 就 在 七星岩 牌坊 斜对面, 旁边 就是 华侨
HUM_cat-hotel_pol-POS_tokenise, 418	只是 在 开发区 里 城里 远 了 点	酒店	同意 到 两点钟 退房 还 不错 ， 早餐 很差 希望 改进 ，
HUM_cat-hotel_pol-POS_tokenise, 421	马桶 了 ~ 在 该区 是 最好 的	酒店	， 但离 市区 的 酒店 有 一些 差距 。 我 住 的
HUM_cat-hotel_pol-POS_tokenise, 421	是 最好 的 酒店 ， 但离 市区 的	酒店	有 一些 差距 。 我 住 的 是 商务 标 ， 房间
HUM_cat-hotel_pol-POS_tokenise, 424	要 和 服务员 拿排 插 才 可以 。	酒店	不错 ， 地理位置 好 ， 外形 气派 ， 江景 房正 对 名山
HUM_cat-hotel_pol-POS_tokenise, 426	现? 服务 还好 ， 早餐 不错 ，	酒店	位置 不错 ， 值得 推荐 朋友 推荐 的 宾馆, 位置 方便
HUM_cat-hotel_pol-POS_tokenise, 427	感觉 不错! 值得 向 各位 推荐 。	酒店	斜对面 就是 汽车 总站, 还有 大型超市, 很 方便 的 。
HUM_cat-hotel_pol-POS_tokenise, 428	还有 大型超市, 很 方便 的 。 这家	酒店	的 设施 真的 非常 不错. 地理位置 也 方便, 大堂 气派
HUM_cat-hotel_pol-POS_tokenise, 428	那种 房型, 到 前台 的 时候,	酒店	给 升级 到 高级 房, 总体 来说, 是 很 满意
HUM_cat-hotel_pol-POS_tokenise, 435	一次 也 就 好 了 很 好 的	酒店	， 强烈推荐 ． 只是 服务员 打扫 房间 有点 太 勤快 了 ．
HUM_cat-hotel_pol-POS_tokenise, 435	不过 ， 还是 不会 影响 我 对 这家	酒店	的 好 印象 。 很 安静, 无 打扰, 房间 挺大
HUM_cat-hotel_pol-POS_tokenise, 438	， 外面 就是 湖 了 。 晚上 在	酒店	中餐厅 吃饭 ， 点 了 著名 的 千岛湖 鱼头汤 。 以 五星级
HUM_cat-hotel_pol-POS_tokenise, 438	早餐 也 是 五星 里 一般化 。 不过	酒店	的 标准 按 国际 话 来说 还是 要 努力 的 ， 主要
HUM_cat-hotel_pol-POS_tokenise, 438	层次 不高 ， 当然 如果 是 国际 著名	酒店	来 管理 就 不是 这个 价位 了 。 当然 还是 千岛湖 目前
HUM_cat-hotel_pol-POS_tokenise, 438	了 。 当然 还是 千岛湖 目前 最好 的	酒店	吧 。 去 丽江 住此 酒店 不错 ， 整体 环境 非常 好
HUM_cat-hotel_pol-POS_tokenise, 439	最好 的 酒店 吧 。 去 丽江 住此	酒店	不错 ， 整体 环境 非常 好 。 交通 便利 ， 性价比 适中
HUM_cat-hotel_pol-POS_tokenise, 439	， 建议 到 丽江 的 朋友 选择 该	酒店	。 补充 点评 2008 年 3 月 24 日 ： 风格 别致
HUM_cat-hotel_pol-POS_tokenise, 439	构成 ， 相当 的 安静 ． 不像 别的	酒店	是 大院 构成 ， 噪声 很大 。 今年年初 新开 的 酒店 ，
HUM_cat-hotel_pol-POS_tokenise, 440	构成 ， 噪声 很大 。 今年年初 新开 的	酒店	， 房间 设施 很 新 ， 感觉 十分 不错 ， 性价比 很
HUM_cat-hotel_pol-POS_tokenise, 441	。 我 是 7 月 22 日 入住	酒店	的, 酒店 位于 市中心, 交通 非常 方便. 酒店 规模
HUM_cat-hotel_pol-POS_tokenise, 441	7 月 22 日 入住 酒店 的,	酒店	位于 市中心, 交通 非常 方便. 酒店 规模 很大 ， 较
HUM_cat-hotel_pol-POS_tokenise, 441	酒店 位于 市中心, 交通 非常 方便.	酒店	规模 很大 ， 较 多 会议 接待 及 商务 客人 ， 是
HUM_cat-hotel_pol-POS_tokenise, 441	商务 客人 ， 是 真正 的 商务 型	酒店	； 房间 相当 舒适 、 干净 ， 而且 让 人 感觉 很
HUM_cat-hotel_pol-POS_tokenise, 441	， 而且 让 人 感觉 很 安全 ；	酒店	软件 很 不错 ， 服务员 非常 热情周到 ； 自助 早餐 很 丰富
HUM_cat-hotel_pol-POS_tokenise, 441	当地 特产 的 木耳 和 黑笋......	酒店	宽带 及 长途电话 是 免费 的 ， 对于 我们 这种 商务 客人
HUM_cat-hotel_pol-POS_tokenise, 443	全家 不久前 入住 了 行政 豪华 套房.	酒店	的 硬件 还是 不错 的, 前台 和 楼层 的 服务?
HUM_cat-hotel_pol-POS_tokenise, 445	10 分钟 到达 的 有梅? 这 间	酒店	环境 和 服务态度 亦 算 不错, 但 房间 空间 太小 ~
HUM_cat-hotel_pol-POS_tokenise, 447	两瓶 免费 的 可乐 送 。 对 该	酒店	服务 总体 评价 也 就 中规中矩 四个 字 吧 ， 不过 ，
HUM_cat-hotel_pol-POS_tokenise, 450	很 好 ， 符合 五星级 的 标准 。	酒店	离 沟口 及边 边 街 都 比较 近 ， 是 去 九寨沟
HUM_cat-hotel_pol-POS_tokenise, 450	7 月 21 日 ： 地震 对 该	酒店	没有 任何 影响 。 宾馆 反馈 2008 年 7 月 24 日
HUM_cat-hotel_pol-POS_tokenise, 450	谢谢您 的 点评, 欢迎 下次 下榻 我	酒店	! 我们 将 为 您 提供 更 周到 的 服务 及 优质
HUM_cat-hotel_pol-POS_tokenise, 451	服务 及 优质 的 产品. 对 该	酒店	还是 比较满意 的 不管 在 硬件 设施 还是 软件 设施 上 都
HUM_cat-hotel_pol-POS_tokenise, 451	设施 上 都 是 不错 的 和 该	酒店	的 星级 还是 满 符合 的 服务 尚可, 携程网 协议价 偏高
HUM_cat-hotel_pol-POS_tokenise, 453	(含早). 有 比较 才 知道	酒店	的 好 ， 难怪 外国 友人 超多选 这里 。 是 临时 从
HUM_cat-hotel_pol-POS_tokenise, 453	友人 超多选 这里 。 是 临时 从 别的	酒店	调整 过来 ， 因为 订 不到 。 房间 好像 新装修 了 ，
HUM_cat-hotel_pol-POS_tokenise, 453	很 方便 。 将 成为 我 的 常驻	酒店	酒店 房间 挺大 ， 设施 还 可以 ， 靠 市中心 很近 。
HUM_cat-hotel_pol-POS_tokenise, 454	方便 。 将 成为 我 的 常驻 酒店	酒店	房间 挺大 ， 设施 还 可以 ， 靠 市中心 很近 。 但是
HUM_cat-hotel_pol-POS_tokenise, 455	改进 在 上海 这样 的 城市 ， 这个	酒店	性价比 高 ， 不错 的 选择 ， 周围 交通 也 算 方便
HUM_cat-hotel_pol-POS_tokenise, 456	(但是 无 一线 大 品牌 专卖店)	酒店	服务 不错, 但是 在 入住 时 发生 一个 小 插曲 ：
HUM_cat-hotel_pol-POS_tokenise, 456	粤语) 不知 其他 携程 会员 入住 该	酒店	时, 是否 发生 类似 情况? 房间 环境 服务 都 还
HUM_cat-hotel_pol-POS_tokenise, 462	， 我 还是 会 选择 这里 的 。	酒店	挺不错 的, 接机 的 车 也 大, 酒店 环境 也好
HUM_cat-hotel_pol-POS_tokenise, 462	的, 接机 的 车 也 大,	酒店	环境 也好. 离 公园 大门 不远, 走走 就 到,
HUM_cat-hotel_pol-POS_tokenise, 463	价格 略贵些 这是 济南 我 最 喜欢 的	酒店	， 服务 好 ， 房间 干净 整洁 ， 卫生间 的 淋浴 设施
HUM_cat-hotel_pol-POS_tokenise, 465	19 - 21 号 又 入住 了 该	酒店	, 还是 一副 老 样子, 问 前台 能否 换楼 尘 老
HUM_cat-hotel_pol-POS_tokenise, 465	要 等 半小时, 不知 为何? 望	酒店	在 各 方方面面 有待 提高! 酒店 位置 较 方便 。 服务
HUM_cat-hotel_pol-POS_tokenise, 466	望 酒店 在 各 方方面面 有待 提高!	酒店	位置 较 方便 。 服务 较 周到 。 房间 稍显 陈旧 。
HUM_cat-hotel_pol-POS_tokenise, 467	算 合理 。 通过 携程 选择 入住 该	酒店	， 我 个人感觉 此 酒店 服务 很 值得 称道 。 我 入住
HUM_cat-hotel_pol-POS_tokenise, 467	选择 入住 该 酒店 ， 我 个人感觉 此	酒店	服务 很 值得 称道 。 我 入住 的 时候 ， 平时 因为
HUM_cat-hotel_pol-POS_tokenise, 467	笑 言 婉拒 ， 并 说 ： 我们	酒店	就是 您 的 家外 之家 ， 希望 您 在 我们 酒店 、
HUM_cat-hotel_pol-POS_tokenise, 467	的 家外 之家 ， 希望 您 在 我们	酒店	、 在 日照 的 每 一天 都 健康 、 快乐 ！ 呜呼
HUM_cat-hotel_pol-POS_tokenise, 472	， 所谓 的 果盘 也 没 见到 。	酒店	服务 满好 ， 房间 设施 不 超过 四星 ， 晚上 没有 骚扰电话
HUM_cat-hotel_pol-POS_tokenise, 473	， 这 算是 一家 中规中矩 ， 物有所值 的	酒店	。 对于 那些 口袋 不是 很鼓 ， 又 想 住 着 舒适
HUM_cat-hotel_pol-POS_tokenise, 475	的 ^ ^ 再次 帮 同事 订 这个	酒店	, 基本 每个 月 都 要 有 几个 同事 要 住 几次
HUM_cat-hotel_pol-POS_tokenise, 475	同事 要 住 几次 我 去 看过 他们	酒店	, 有 2 种 房间 印象 比较 深刻, 没厅 的 房间
HUM_cat-hotel_pol-POS_tokenise, 475	, 的确 是 很 好, 就 其他	酒店	来说 绝对 是 高级 套房 的 待遇 了 还有 个 大 阳台
HUM_cat-hotel_pol-POS_tokenise, 475	问题, 可是 我 觉得 就是 最好 的	酒店	也 有 不足, 他们 酒店 的 优势 在于 整个 小区 环境
HUM_cat-hotel_pol-POS_tokenise, 475	最好 的 酒店 也 有 不足, 他们	酒店	的 优势 在于 整个 小区 环境 好, 地段 好 方便 购物
HUM_cat-hotel_pol-POS_tokenise, 476	就是 十全街 和 凤凰 街. 而且 在	酒店	中 还有 一些 文物保护 单位, 在 酒店 里面 转转 也 是
HUM_cat-hotel_pol-POS_tokenise, 476	酒店 中 还有 一些 文物保护 单位, 在	酒店	里面 转转 也 是 满 不错 的. 卫生间 蛮 宽敞 ，
HUM_cat-hotel_pol-POS_tokenise, 480	应该 住宿 的 停车 免费!!!	酒店	环境 幽雅 ， 服务 很 好 ， 价格合理, 综合 条件 都
HUM_cat-hotel_pol-POS_tokenise, 481	， 价格合理, 综合 条件 都 不错 。	酒店	整体 环境 那 是 没得说 ， 除了 房间 不太 隔音 。 哈哈
HUM_cat-hotel_pol-POS_tokenise, 482	太 偏僻 ， 不过 非常 安静 ， 还有	酒店	为了 省钱 ， 居然 没 开 空调 ， 感觉 不太好 ！ 免费
HUM_cat-hotel_pol-POS_tokenise, 483	我 是 8 月 7 日 从 银泰换	酒店	入住 到 万豪 的 。 一进 万豪 的 大门 ， 就 喜欢
HUM_cat-hotel_pol-POS_tokenise, 483	的 到处 看 ， 真的 非常 豪华 的	酒店	大堂 ， 太 喜欢 了 。 我 预定 的 是 行政 海景房
HUM_cat-hotel_pol-POS_tokenise, 484	通过 携程 出去 旅游 ， 这次 入住 这家	酒店	让 我 比较满意 ， 房间 装修 ， 内部 设备 都 比较 人性化
HUM_cat-hotel_pol-POS_tokenise, 487	的 会议 ， 在 网上 查看 到 这个	酒店	的 酒店 距离 展会 十分 近 ， 打车 才 20 元 出头
HUM_cat-hotel_pol-POS_tokenise, 487	， 在 网上 查看 到 这个 酒店 的	酒店	距离 展会 十分 近 ， 打车 才 20 元 出头 ， 酒店设施
HUM_cat-hotel_pol-POS_tokenise, 487	聚会 ， 可以 考虑 入住 这么 价廉物美 的	酒店	。 宾馆 反馈 2008 年 8 月 5 日 ： 非常 感谢您
HUM_cat-hotel_pol-POS_tokenise, 488	今天 刚 从 三亚 飞回来 ， 住 这家	酒店	是 前天 晚上 。 酒店 正在 搞 基建 ， 没 看到 游泳池
HUM_cat-hotel_pol-POS_tokenise, 488	， 住 这家 酒店 是 前天 晚上 。	酒店	正在 搞 基建 ， 没 看到 游泳池 ， 没 看到 新房子 ，
HUM_cat-hotel_pol-POS_tokenise, 488	是 停 了 两辆 旅行社 的 大巴 。	酒店	里 海边 还有 一段 不短 的 距离 ， 碰巧 所在 的 小路
HUM_cat-hotel_pol-POS_tokenise, 488	. 确实 是 亚龙湾 一带 最 便宜 的	酒店	， 本人 入住 的 是 6 号楼 的 623 ， 最 便宜
HUM_cat-hotel_pol-POS_tokenise, 488	， 可能 是因为 最近 在 搞 基建 ，	酒店	没有 完全 对外开放 吧 ？ ！ 不过 开窗 透透气 马上 没有 了
HUM_cat-hotel_pol-POS_tokenise, 488	完全 没有 问题 ； 若 实在 没有 ，	酒店	有租 自行车 ， 所以 至少 请 务必 会 骑 自行车 ； 两个
HUM_cat-hotel_pol-POS_tokenise, 488	划不来 啊 ！ d. 特别 想要 谢谢	酒店	的 某位 先生 ， 不 知道 是不是 老板 。 我们 一家 提
HUM_cat-hotel_pol-POS_tokenise, 488	。 我们 一家 提 着 行李 到 了	酒店	附近 ， 找 不到 方向 ， 酒店 马上 安排 了 人 过来
HUM_cat-hotel_pol-POS_tokenise, 488	了 酒店 附近 ， 找 不到 方向 ，	酒店	马上 安排 了 人 过来 接 我们 。 漂亮 的 小轿车 ，
HUM_cat-hotel_pol-POS_tokenise, 491	住 过 的 这 一级 别的 级别 的	酒店	感觉 最舒服 的 。 虽然 大厅 及 外部 没有 那么 华丽 ，
HUM_cat-hotel_pol-POS_tokenise, 491	好 。 下次 我 还 会 住 这个	酒店	。 房间 装饰 不错 也 干净 ， 环境 也好 ， 泳池 水
HUM_cat-hotel_pol-POS_tokenise, 493	， 适合 度假 。 很 有 品位 的	酒店	, 服务 也 非常 到位. 尤其 感慨 的 是: 能
HUM_cat-hotel_pol-POS_tokenise, 493	. 尤其 感慨 的 是: 能 把	酒店	的 客房 布置 成 乡村 旅舍 的 格调, 既 淳朴,
HUM_cat-hotel_pol-POS_tokenise, 493	方便, 这个 要赞 一个! 另外,	酒店	贴心 的 服务 也 让 人 感到 温馨 。 入住 酒店 时
HUM_cat-hotel_pol-POS_tokenise, 493	服务 也 让 人 感到 温馨 。 入住	酒店	时 ， 已经 过 8 点 ， 还 没有 就餐 ， 酒店
HUM_cat-hotel_pol-POS_tokenise, 493	过 8 点 ， 还 没有 就餐 ，	酒店	有位 男性 服务员 （ 不 知道 是否是 领班 ） 脸上 只 出现
HUM_cat-hotel_pol-POS_tokenise, 493	。 菜品 也 很 有 特色 。 离开	酒店	的 时候 ， 想不到 还有 细致 服务 的 感受 ， 停车场 服务员
HUM_cat-hotel_pol-POS_tokenise, 493	细致 的 服务 ， 确实 体现 了 这个	酒店	的 管理 理念 。 提 一个 建议 ， 从 环城 高速 进入
HUM_cat-hotel_pol-POS_tokenise, 493	提 一个 建议 ， 从 环城 高速 进入	酒店	的 指示牌 能否 换成 醒目 点 的 ， 晚上 入住 酒店 的
HUM_cat-hotel_pol-POS_tokenise, 493	能否 换成 醒目 点 的 ， 晚上 入住	酒店	的 时候 ， 为 找 路花 了 不少 的 时间 。 性价比
HUM_cat-hotel_pol-POS_tokenise, 496	， 都 给 我家 的 感觉 。 与	酒店	的 感觉 实在 不 一样 。 下次 会 再 来 。 但
HUM_cat-hotel_pol-POS_tokenise, 497	以后 到 这里 来 住 的 ， 不过	酒店	服务 相当 不错 ， 自助餐 较 丰盛 ， 午餐 98 元 ／
HUM_cat-hotel_pol-POS_tokenise, 500	当地, 在 携程 上订 了 一晚 这家	酒店	, 印象 中 原来 认为 新疆 很 偏僻, 没想到 酒店 的
HUM_cat-hotel_pol-POS_tokenise, 500	中 原来 认为 新疆 很 偏僻, 没想到	酒店	的 环境 及 服务 与 内地 的 星级 酒店 没什么 大 差别
HUM_cat-hotel_pol-POS_tokenise, 500	的 环境 及 服务 与 内地 的 星级	酒店	没什么 大 差别, 大喜过望, 不错 不错. 酒店设施 还是 很
HUM_cat-hotel_pol-POS_tokenise, 502	性价比 最高 的 房间 ， 比 很多 五星	酒店	更大 更 豪华 和 更 舒服 ， 商务 之星 的 经营 和
HUM_cat-hotel_pol-POS_tokenise, 502	， 推荐 。 早餐 品种 较 少 ，	酒店	周围环境 较差 ， 后面 有 超市 ， 还有 一家 湛江 风味 一家
HUM_cat-hotel_pol-POS_tokenise, 502	奇差 ， 服务生 和 门童 服务 较差 跟	酒店	内 的 服务 天差地别 ， 整个 酒店 都 在 说 普通话 ，
HUM_cat-hotel_pol-POS_tokenise, 502	跟 酒店 内 的 服务 天差地别 ， 整个	酒店	都 在 说 普通话 ， 呵呵 ， 广州 人 有点 不 适应
HUM_cat-hotel_pol-POS_tokenise, 505	换气 。 这是 距离 大连 火车站 最近 的	酒店	。 前台 服务态度 很 好 ， 很 热情 ， 业务 熟练 。
HUM_cat-hotel_pol-POS_tokenise, 506	还是 可以 的 ， 交通 极为 便利 。	酒店	地理位置 不错 ， 就 在 西溪 湿地 ， 酒店 好比 置身 花园
HUM_cat-hotel_pol-POS_tokenise, 506	地理位置 不错 ， 就 在 西溪 湿地 ，	酒店	好比 置身 花园 中 ， 这个 很 好 ！ 但 房间 显得
HUM_cat-hotel_pol-POS_tokenise, 506	打开 才 不 觉得 难受, 这个 提醒	酒店	要 注意 改进 ！ 宾馆 反馈 2008 年 5 月 13 日
HUM_cat-hotel_pol-POS_tokenise, 506	月 13 日 ： 感谢您 下榻 西溪 度假	酒店	。 对于 您 在 入住 期间 遇到 的 状况 ， 给 您
HUM_cat-hotel_pol-POS_tokenise, 506	的 状况 ， 给 您 带来 不变 ，	酒店	深感 抱歉 。 针对 您 提到 的 问题 ， 我们 已 邀请
HUM_cat-hotel_pol-POS_tokenise, 507	我们 真诚 期待 您 的 再次 光临 。	酒店	很 不错 ， 环境 好 ， 安静 ， 大堂 非常 气派 ，
HUM_cat-hotel_pol-POS_tokenise, 507	套房 ， 房间 很大 也 很 舒服 。	酒店	的 西餐 还 不错 ， 就是 服务费 高 了 些 ， 加收
HUM_cat-hotel_pol-POS_tokenise, 507	了 服务费 就是 99 元 了 。 从	酒店	自 驾回 深圳 ， 到 香蜜湖 我们 花 了 大约 1 个
HUM_cat-hotel_pol-POS_tokenise, 507	以后 去 白 水寨 ， 还会 选择 这家	酒店	。 酒店 的 设施 稍显 陈旧 ， 但 优质 贴心 的 服务
HUM_cat-hotel_pol-POS_tokenise, 508	白 水寨 ， 还会 选择 这家 酒店 。	酒店	的 设施 稍显 陈旧 ， 但 优质 贴心 的 服务 弥补 了
HUM_cat-hotel_pol-POS_tokenise, 508	对 我 的 房间 进行 无烟 处理 。	酒店	送 的 小苹果 很 好吃 ， 烟台 苹果 名不虚传 啊 。 由于
HUM_cat-hotel_pol-POS_tokenise, 508	。 车子 要 经过 一个 陡坡 才能 开进	酒店	后面 的 停车场 ， 挺 悬 的 ， 而且 停车场 对 着
HUM_cat-hotel_pol-POS_tokenise, 511	。 不愧 是 携程 网友 评价 最高 的	酒店	。 服务 比较 好 ， 还 提前 为 我们 准备 好 了
HUM_cat-hotel_pol-POS_tokenise, 511	八毛 的 ， 我 在 广州 住 过	酒店	每天 都 给 送 羊城晚报 。 水果 也 可以 每天 送 两个
HUM_cat-hotel_pol-POS_tokenise, 512	服务 。 给 人 印象 深刻 的 一家	酒店	朋友 推荐 ， 带 老人 去 厦门 旅游 入住 该 酒店 豪华
HUM_cat-hotel_pol-POS_tokenise, 512	， 带 老人 去 厦门 旅游 入住 该	酒店	豪华 海景房 的 露台 和 服务生 的 微笑 给 人 留下 美好
HUM_cat-hotel_pol-POS_tokenise, 513	是 “ 少数民族 ” 估计 老外 对 这个	酒店	可能 比较 熟悉 ， 早餐 是 在 酒店 外 （ 第一次 这种
HUM_cat-hotel_pol-POS_tokenise, 513	酒店 可能 比较 熟悉 ， 早餐 是 在	酒店	外 （ 第一次 这种 体会 ， 呵呵 ） ， 出门 向 左
HUM_cat-hotel_pol-POS_tokenise, 513	有点 奇怪 。 早餐 内容 太少 了 。	酒店	内 比较 别致 ， 很 有 古城 的 味道 ， 房间内 的
HUM_cat-hotel_pol-POS_tokenise, 514	的 选择 。 第 2 次 入住 该	酒店	。 总体 还是 不错 就是 不能 免费 提供 宽带 上网 服务 。
HUM_cat-hotel_pol-POS_tokenise, 515	可以 承受 的 价格 。 总体 还 不错	酒店	不错 房间 很大 外面 是 条 单行线 车不多 比较 安静 交通 方便
HUM_cat-hotel_pol-POS_tokenise, 515	最差 的 招待所 都 差 千万 不要 在	酒店	吃 早上 出门 向左转 200 米 有 个 早餐 摊 还 不错
HUM_cat-hotel_pol-POS_tokenise, 516	还 不错 国庆 期间 携程 特价 入住 该	酒店	豪华 房 ， 这是 第一次 入住 沈阳 的 该 酒店 ， 以前
HUM_cat-hotel_pol-POS_tokenise, 516	房 ， 这是 第一次 入住 沈阳 的 该	酒店	， 以前 一直 入住 青年 公园 附近 的 凯宾斯基 ， 有 以下几点
HUM_cat-hotel_pol-POS_tokenise, 516	1 、 从 硬件 设施 来讲 ， 黎明	酒店	非常 不错 ， 和 凯宾斯基 有 一比 ， 比 我们 上海 的
HUM_cat-hotel_pol-POS_tokenise, 516	有 一比 ， 比 我们 上海 的 五星	酒店	的 硬件 都 要 好 ， 特别 是 卫生间 ， 明亮 、
HUM_cat-hotel_pol-POS_tokenise, 516	好 ！ ） ； 4 、 不过 入住	酒店	后 发生 了 一件 本来 很 不 愉快 地 经历 ， 让
HUM_cat-hotel_pol-POS_tokenise, 516	让 我 差一点 从此 放弃 日后 入住 该	酒店	； 由于 我 的 老父亲 头发 乌过 了 ， 因此 ， 弄脏了
HUM_cat-hotel_pol-POS_tokenise, 516	老父亲 头发 乌过 了 ， 因此 ， 弄脏了	酒店	的 枕套 ， 客房 清理 人员 随即 让 我 赔偿 50 元
HUM_cat-hotel_pol-POS_tokenise, 516	元 ， 这 是 我 第一次 入住 五星级	酒店	让 我 赔偿 ， 在 结账 时 告知 了 前台 ， 并
HUM_cat-hotel_pol-POS_tokenise, 516	地向 我 表示 希望 下次 继续 入住 黎明	酒店	。 我 这里 并 不是 说 这 区区 50 元 ， 只是
HUM_cat-hotel_pol-POS_tokenise, 516	， 只是 这 50 元 背后 显示 了	酒店	的 服务 意识 和 服务 理念 。 沈阳 的 经济 虽然 落后
HUM_cat-hotel_pol-POS_tokenise, 516	服务态度 普遍 不好 ， 但 这次 入住 黎明	酒店	使 我 明显 感觉 到 了 沈阳 这个 最大 的 东北 城市
HUM_cat-hotel_pol-POS_tokenise, 516	这次 入住 ， 赞扬 携程 、 赞扬 黎明	酒店	。 酒店 服务 不错 ， 环境 也 还 比较 好 ！ 特别
HUM_cat-hotel_pol-POS_tokenise, 517	， 赞扬 携程 、 赞扬 黎明 酒店 。	酒店	服务 不错 ， 环境 也 还 比较 好 ！ 特别 是 好像
HUM_cat-hotel_pol-POS_tokenise, 517	有 特色 ， 至少 我 觉得 住 这个	酒店	还 满 满意 ！ 有 四星 的 标准, 不过 交通 略嫌
HUM_cat-hotel_pol-POS_tokenise, 519	. 2006 年 有 住 过 ， 因	酒店	的 服务 、 性价比 高 ， 所以 这次 还是 住 富盈 。
HUM_cat-hotel_pol-POS_tokenise, 519	这次 还是 住 富盈 。 不同 的 是	酒店	的 服务 意识 更 高 了 ， 客房 重新 装修 过 ，
HUM_cat-hotel_pol-POS_tokenise, 519	2007 年 11 月 17 日 ： 富盈	酒店	真的 不错 ， 物有所值 ， 推荐 给 大家 ！ 又 一次 入住
HUM_cat-hotel_pol-POS_tokenise, 522	可以 就是 洗手间 比 别的 锦江 要 差	酒店	的 环境 服务 能 满足 四星级 标准 ， 房间 虽然 比较 小
HUM_cat-hotel_pol-POS_tokenise, 522	比较 小 ， 但 设施 还 不错 ，	酒店	内 中餐厅 菜 的 色香味 还 不错 ， 可能 是 生意 比较
HUM_cat-hotel_pol-POS_tokenise, 522	速度 有点 慢 ， 价钱 和 市中心 的	酒店	差不多 。 服务 上 还是 出现 了 一点 问题 ， 通过 携程
HUM_cat-hotel_pol-POS_tokenise, 522	问题 ， 通过 携程 预订 ， 入住 首日	酒店	赠送 每房 VIP 水果 一份 和 价值 50 元 的 桑拿 按摩
HUM_cat-hotel_pol-POS_tokenise, 522	的 桑拿 按摩 券 一张 ， 入住 期间	酒店	每天 赠送 每房 价值 288 元 中秋月饼 礼盒 一盒 。 水果 是
HUM_cat-hotel_pol-POS_tokenise, 522	东西 。 总体 来说 算是 一间 不错 的	酒店	， 下次 还会 考虑 入住 。 补充 点评 2008 年 7 月
HUM_cat-hotel_pol-POS_tokenise, 522	点评 2008 年 7 月 21 日 ：	酒店	提供 的 早餐 质量 一般 ， 而且 品种 不全 ， 比如 就
HUM_cat-hotel_pol-POS_tokenise, 524	薄 ， 晚上 睡觉 有点 冷 ！ 虽然	酒店	的 选址 不是 很 好, 但是 如果 去 宝安 出差,
HUM_cat-hotel_pol-POS_tokenise, 525	比较 不错, 就是 携程 的 价格 和	酒店	前台 的 都 一样, 没有 竞争力 碰上 酒店 做 活动 ，
HUM_cat-hotel_pol-POS_tokenise, 526	前台 的 都 一样, 没有 竞争力 碰上	酒店	做 活动 ， 加 了 40 元 给 升级 到 行政 房
HUM_cat-hotel_pol-POS_tokenise, 526	了 。 总体 感觉 还是 不错 的 。	酒店	地理位置 也 不错 ， 如果 价格 再 便宜 些 就 完美 了
HUM_cat-hotel_pol-POS_tokenise, 527	尊敬 的 宾客 ： 您好 ！ 感谢您 对	酒店	的 支持 和 肯定 。 至于 您 提到 的 房间 硬件 设施
HUM_cat-hotel_pol-POS_tokenise, 527	的 房间 硬件 设施 上 的 问题 ，	酒店	已 列入 下半年 整改 计划 中 ， 并 在 逐项 实施 中
HUM_cat-hotel_pol-POS_tokenise, 527	修补 完毕 。 关于 门口 的 安保 ，	酒店	已 在 第一 时间 联系 了 物业 的 经理 ， 在 工作
HUM_cat-hotel_pol-POS_tokenise, 527	形象 再次 的 产生 ， 加以 督导 。	酒店	将 以 完善 的 设施 和 更好 的 服务 期待 您 的
HUM_cat-hotel_pol-POS_tokenise, 528	再次 光临 。 已经 多次 选择 入住 该	酒店	了 ， 总体 来说 还是 不错 的 。 这回 可能 是因为 酒店
HUM_cat-hotel_pol-POS_tokenise, 528	来说 还是 不错 的 。 这回 可能 是因为	酒店	包了 会议 ， 房间 有些 紧张 ， 后来 给 升级成 了 大床
HUM_cat-hotel_pol-POS_tokenise, 528	升级成 了 大床 （ 水床 ） 房 。	酒店	早餐 没什么 新异 与 前几次 类似 。 环境 尚可, 房间 也
HUM_cat-hotel_pol-POS_tokenise, 529	地毯 较 旧, 够得上 五星, 但是	酒店	里 的 食街 较 贵 服务 很棒 ， 价格 也 不 高
HUM_cat-hotel_pol-POS_tokenise, 534	人 的 份量 都 吃不完!!!	酒店	不错, 离 我 要 公干 的 地方 很近. 房间 设施
HUM_cat-hotel_pol-POS_tokenise, 537	此 关系 而 欲 多点 留于 房间 及	酒店	作息 及 享受 。 2. 酒店 装修 酒店 环境 主题 突显
HUM_cat-hotel_pol-POS_tokenise, 537	及 酒店 作息 及 享受 。 2.	酒店	装修 酒店 环境 主题 突显 ， 就是 「 大自然 与 动物 」
HUM_cat-hotel_pol-POS_tokenise, 537	作息 及 享受 。 2. 酒店 装修	酒店	环境 主题 突显 ， 就是 「 大自然 与 动物 」 ， 大堂
HUM_cat-hotel_pol-POS_tokenise, 537	非常 写意 休闲 。 3. 支援 服务	酒店	内 游泳 真是 很 藉 得 一到 ， 一方面 泳池 面积 较
HUM_cat-hotel_pol-POS_tokenise, 537	得 一到 ， 一方面 泳池 面积 较 一般	酒店	大 ， 人流 不 多 ， 不需 付费 ， 房客 可 随时
HUM_cat-hotel_pol-POS_tokenise, 537	是 有 当值 同事 教授 及作 支援 。	酒店	客人 购买 各 附近 的 游乐 门票 有 优惠 ， 实在 这
HUM_cat-hotel_pol-POS_tokenise, 537	才 购票 。 4. 交通 配套:	酒店	有 接驳 巴士 往返 水上 乐园 和 广州东站 。 但 建议 大家
HUM_cat-hotel_pol-POS_tokenise, 537	广州东站 。 但 建议 大家 需 事先 向	酒店	查询 ， 因 最 奇怪的是 乘车 的 地方 不是 大门 或 附近
HUM_cat-hotel_pol-POS_tokenise, 537	较 隐蔽 的 地方 ， 最好 于 抵达	酒店	时先 去 看看 。 因 即使 职员 也 不 一定 知道 班期
HUM_cat-hotel_pol-POS_tokenise, 537	我们 经 携程 订房 ， 价钱 合理 ，	酒店	人流 减少 同时 又 提升 了 我们 的 享受 程度 ， 真系
HUM_cat-hotel_pol-POS_tokenise, 537	我 地 又 一心一意 计划 「 主攻 」	酒店	附近 的 三个 游乐 设施 ， 这个 「 长隆 之 旅 」
HUM_cat-hotel_pol-POS_tokenise, 538	不 喜欢 ， 不过 也 是 很多 星级	酒店	的 首选 。 通过 携程 预定 ， 可以 免费 上网 （ 50
HUM_cat-hotel_pol-POS_tokenise, 538	年 8 月 8 日 ： 感谢您 对本	酒店	的 支持 ！ 最近 酒店 有 新 的 客房 周末 促销 推出
HUM_cat-hotel_pol-POS_tokenise, 538	： 感谢您 对本 酒店 的 支持 ！ 最近	酒店	有 新 的 客房 周末 促销 推出 ， 我们 将 一如既往 地
HUM_cat-hotel_pol-POS_tokenise, 539	工作 顺利! 不太能 带来 惊喜 的 一家	酒店	， 也 没什么 特别 批评 的 地方 。 作为 一家 三星级 的
HUM_cat-hotel_pol-POS_tokenise, 539	批评 的 地方 。 作为 一家 三星级 的	酒店	， 也 算 够格 了 。 位置 确实 很 好 ， 紧邻
HUM_cat-hotel_pol-POS_tokenise, 539	位置 确实 很 好 ， 紧邻 解放碑 ，	酒店	隔壁 就是 新世纪 百货 ， 但 酒店 的 房间 里 却 一点
HUM_cat-hotel_pol-POS_tokenise, 539	， 酒店 隔壁 就是 新世纪 百货 ， 但	酒店	的 房间 里 却 一点 不吵 ， 很 有 闹中取静 的 感觉
HUM_cat-hotel_pol-POS_tokenise, 539	闹中取静 的 感觉 。 早餐 也 还过得去 ，	酒店	的 整体 服务 都 还过得去 。 入住 期间 还有 免费 市话 和
HUM_cat-hotel_pol-POS_tokenise, 539	免费 市话 和 长话 可以 享用 ， 另外	酒店	推出 的 还有 租用 小灵通 的 业务 （ ￥ 10 / 天
HUM_cat-hotel_pol-POS_tokenise, 540	没有 这么 埋汰 啊 ！ 非常 不错 的	酒店	， 外观 一般 ， 不过 对面 就是 皮革 城 ， 相信 很多
HUM_cat-hotel_pol-POS_tokenise, 540	很多 人 都 去 购物 了 吧 。	酒店	还 主动 给 女同事 换 了 圆床 房 ， 算是 意外 吧
HUM_cat-hotel_pol-POS_tokenise, 540	不 专业 。 很多 以前 可以 预定 的	酒店	也 没有 了 ， 预定 的 价格 似乎 更 小 了 ，
HUM_cat-hotel_pol-POS_tokenise, 542	出差 ， 听 熟人 推荐 订 在 这家	酒店	。 办 入住 手续 时 。 前台 员工 和 值班 经理 一路
HUM_cat-hotel_pol-POS_tokenise, 542	都 很 热情 。 观察 了 一下 ，	酒店	的 地理位置 相当 好 ， 就 在 市政府 的 斜对面, 出行
HUM_cat-hotel_pol-POS_tokenise, 542	贵 ， 品种 却 比 上海 很多 五星	酒店	还要 丰盛, 不过 遗憾 的 是 这次 因为 走得 仓促 没
HUM_cat-hotel_pol-POS_tokenise, 542	没 来得及 去 试试 。 总之 感觉 这家	酒店	很 超值 啦, 以后 到 昆山 都 会 住 在 那里
HUM_cat-hotel_pol-POS_tokenise, 546	到 了 套房, 房间 很 干净,	酒店	整体 性价比 都 很 高, 只是 如果 不 坐车 的话 就
HUM_cat-hotel_pol-POS_tokenise, 547	比 第一天 的 豪华 间 好多 了 。	酒店	离 市中心 很近 ， 总体 来说 还是 比较 方便 的 。 只是
HUM_cat-hotel_pol-POS_tokenise, 549	了 别人 的 评分 才 决定 订 这个	酒店	的, 相对来说 地点 偏 了 点 ， 但是 价格 方面 还是
HUM_cat-hotel_pol-POS_tokenise, 549	送 了 两瓶 水 和 两份 早餐.	酒店	也 蛮 安静 的, 也 蛮 干净 的. 入住 和
HUM_cat-hotel_pol-POS_tokenise, 551	是 我 第一家 还 想 下次 去 的	酒店	。 无论是 环境 还是 服务 ， 都 能 让 我 感受 到
HUM_cat-hotel_pol-POS_tokenise, 552	花园 大酒店 的 入口 。 四星级 花园式 度假	酒店	， 达 不到 五星级 标准 ， 冬天 去 冷冷清清 的 ， 一定
HUM_cat-hotel_pol-POS_tokenise, 554	宽敞 的 卫生间 ~ ~ ~ 不错 的	酒店	， 在 柳州 属于 最好 的 了 。 周围环境 也 很 好
HUM_cat-hotel_pol-POS_tokenise, 556	页面 就 很 不 一样 ， 很少 有	酒店	能 这么 认真 的 作 评价 回复 ， 这 一点 就 很
HUM_cat-hotel_pol-POS_tokenise, 556	的 ： ） 也 希望 再次 入住 前	酒店	能 做 更好 的 改进 ， 哈哈 补充 点评 2008 年 1
HUM_cat-hotel_pol-POS_tokenise, 557	五星 标准 比较 令人 不能 接受 ： S	酒店	的 房间 确实 不错, 只是 卫生间 小 了 点. 服务员
HUM_cat-hotel_pol-POS_tokenise, 557	的 时候, 特地 看 了 一下,	酒店	离 五林 广场 有多远, 携程 上 写 的 是 0.
HUM_cat-hotel_pol-POS_tokenise, 557	当时 感觉 特别 满意 。 但 到 了	酒店	后 ， 一问 ， 原来 蛮远 的 。 根本 远远 不值 0
HUM_cat-hotel_pol-POS_tokenise, 558	您 的 下次 光临 。 当地 最好 的	酒店	！ 但是 五星级 酒店 不是 地方 标准 ， 所以 在 硬件 一般
HUM_cat-hotel_pol-POS_tokenise, 558	。 当地 最好 的 酒店 ！ 但是 五星级	酒店	不是 地方 标准 ， 所以 在 硬件 一般 的 情况 下 ，
HUM_cat-hotel_pol-POS_tokenise, 560	, 下次 去 还 会 去 住 这家	酒店	这个 价钱 来说 ， 还是 可以 了 ， 比较 干净 ， 特别
HUM_cat-hotel_pol-POS_tokenise, 566	有 霉味 ， 蚊子 较 多 不错 的	酒店	, 相对 我 在 深圳 住 过 的 几家 五星, 性价比
HUM_cat-hotel_pol-POS_tokenise, 566	多, 不过 经常 入住, 现在 跟	酒店	前台 的 MM 混熟 了 可 申请 去 行政 楼层 用 早餐
HUM_cat-hotel_pol-POS_tokenise, 567	我 走 的 时候 忘 拿 相机,	酒店	专门 找到 我们 的 领队 让 我 去取, 等 我 上
HUM_cat-hotel_pol-POS_tokenise, 568	一个 晚上, 说真的 绝对 不能 和 五星级	酒店	联系 在 一起. 服务 意识 确实 不错, 但 晚上 以后
HUM_cat-hotel_pol-POS_tokenise, 568	意识 确实 不错, 但 晚上 以后 好象	酒店	自己 有 一个 象是 夜总会 的 地方, 音乐 响到 凌晨 2
HUM_cat-hotel_pol-POS_tokenise, 571	周围 有 家乐福 ， 还 算是 方便 。	酒店	早餐 还 算 丰富 ， 午餐 晚餐 上 的 菜量 很大 ，
HUM_cat-hotel_pol-POS_tokenise, 573	感谢您 的 宝贵意见 ， 欢迎您 再次 入住 ！	酒店	非常 好 ， 距离 高速 出口 很近 ， 服务 也 很 到位
HUM_cat-hotel_pol-POS_tokenise, 573	服务 也 很 到位 ， 值得 推荐 的	酒店	， 到 泰山 应该 是 最好 的 酒店 了 ． 房间 不错
HUM_cat-hotel_pol-POS_tokenise, 573	酒店 ， 到 泰山 应该 是 最好 的	酒店	了 ． 房间 不错, 只是 上网 速度慢 得 无法忍受, 打开
HUM_cat-hotel_pol-POS_tokenise, 575	只是 效率 有 得 改善 。 不错 的	酒店	. 性价比 不错, 接待 的 服务 人员 态度 很 好,
HUM_cat-hotel_pol-POS_tokenise, 575	接待 的 服务 人员 态度 很 好,	酒店	的 位置 也 不错, 交通 也 方便, 下次 去 还
HUM_cat-hotel_pol-POS_tokenise, 575	改进 的话, 是 一个 很 好 的	酒店	. 入住 了 一晚, 感觉 携程 的 价格 和 自己 打电话
HUM_cat-hotel_pol-POS_tokenise, 576	住 下 一看, 窗户 对 的 是	酒店	内部 的 马路, 根本 没有 园景 看看. 所以 要么 直接
HUM_cat-hotel_pol-POS_tokenise, 576	直接 订 湖景 或者 是 经济 房.	酒店	更 象是 度假村, 娱乐 设施 全, 中餐厅 的 风景 不错
HUM_cat-hotel_pol-POS_tokenise, 577	日 ： 感谢您 的 点评 及 对 我们	酒店	的 赞赏, 从 6. 28 日起 我们 每个 周末 都
HUM_cat-hotel_pol-POS_tokenise, 578	优惠 的 房价, 欢迎您 下次 入住.	酒店	地理位置 很 不错 ， 很 适合 逛街 入住 。 但是 房间 似乎
HUM_cat-hotel_pol-POS_tokenise, 579	， 在 携程网 上 预定 了 丹东 国际	酒店	2 天 的 住宿 。 24 日 傍晚 抵 丹东 ， 便
HUM_cat-hotel_pol-POS_tokenise, 579	日 傍晚 抵 丹东 ， 便 打车 去	酒店	。 丹东 城市 不 大 ， 一说 国际 酒店 ， 司机 都
HUM_cat-hotel_pol-POS_tokenise, 579	。 丹东 城市 不 大 ， 一说 国际	酒店	， 司机 都 知道 。 酒店 在 一条 不起眼 的 小 街上
HUM_cat-hotel_pol-POS_tokenise, 579	一说 国际 酒店 ， 司机 都 知道 。	酒店	在 一条 不起眼 的 小 街上 ， 周围环境 一般 。 到 总台
HUM_cat-hotel_pol-POS_tokenise, 579	性价比 应该 是 超值 的 ！ 想当年 国际	酒店	在 丹东 大概 是 数一数二 的 ， 现在 来看 ， 装修 上
HUM_cat-hotel_pol-POS_tokenise, 579	农田 沙洲 景色 ） 。 在 丹东 国际	酒店	2 天 的 停留 还是 给 我 留下来 不错 的 印象 。
HUM_cat-hotel_pol-POS_tokenise, 580	成 一天 计算 了 。 在 目前 很多	酒店	免费 使用 宽带 的 时候 ， 显得 不合时宜 。 即使 收费 ，
HUM_cat-hotel_pol-POS_tokenise, 580	对 了 ， 顺便 提 一下 ， 这家	酒店	的 空调 声音 巨大 ， 如果 您 想 安静 入睡 ， 最好
HUM_cat-hotel_pol-POS_tokenise, 580	便宜 ， 又 实惠 。 价格 是 这家	酒店	的 1 / 3 以下 。 宽带 还 免费 。 最 实惠
HUM_cat-hotel_pol-POS_tokenise, 584	。 下次 去 厦门 还会 住 的 。	酒店	的 交通 不 很 方便 ， 电梯 特别 慢 ， 其余 还是
HUM_cat-hotel_pol-POS_tokenise, 587	的 速度 不错 。 新 会 不错 的	酒店	了, 环境 优雅, 没有 什么 娱乐 设施, 最 适宜
HUM_cat-hotel_pol-POS_tokenise, 588	， 房间 干净 ， 舒服 ， 具有 五星	酒店	的 质数 ， 服务态度 还 可以 ， 因为 觉得 服务员 有点 冷淡
HUM_cat-hotel_pol-POS_tokenise, 588	最 不好 的 是 地方 比较 偏 ，	酒店	所 处 位置 说 得 好听 的 是 新城区 ， 直白 的
HUM_cat-hotel_pol-POS_tokenise, 588	也 花 不了 多少 时间 。 另外 ，	酒店	附近 有 一间 酒楼 ， 名字 叫 快活 海鲜城 ， 不错 。
HUM_cat-hotel_pol-POS_tokenise, 589	, 有空 还会 去. 不足之处 是 山庄	酒店	菜色 一般, 入住 那天 不知 为什么 上 不了 网, 虽然
HUM_cat-hotel_pol-POS_tokenise, 591	水果 吧 ？ 这样 就 像 一个 四星级	酒店	了 交通 比较 方便, 房间 和 服务 都 还好, 入住
HUM_cat-hotel_pol-POS_tokenise, 593	, 入住 时太累 了, 睡得 很 香	酒店	位置 不错 ， 去 哪里 都 方便 ， 服务 很 好 ，
HUM_cat-hotel_pol-POS_tokenise, 593	） 。 下次 去 重庆 还会 选择 此	酒店	。 性价比 高 ！ ！ ！ ！ ！ ！ ！ ！ ！
HUM_cat-hotel_pol-POS_tokenise, 596	。 5 月 14 日 入住 了 这家	酒店	， 服务 确实 很 好 ， 前台 会 亲自 带领 客人 到
HUM_cat-hotel_pol-POS_tokenise, 596	。 房间 相 较 其他 济南 同价位 的	酒店	显得 新 ， 很 干净 ， 位置 也 很 好 ！ 推荐
HUM_cat-hotel_pol-POS_tokenise, 597	可以 看见 东方 绿洲 的 风景 ， 除了	酒店	就 可以 直接 进 东方 绿洲 玩 。 但是 酒店 除了 按摩
HUM_cat-hotel_pol-POS_tokenise, 597	可以 直接 进 东方 绿洲 玩 。 但是	酒店	除了 按摩 外 ， 没有 其他 娱乐 设施 。 早餐 品种 不
HUM_cat-hotel_pol-POS_tokenise, 600	的 girl 是 当 通过 携程 预定 该	酒店	保留 到 晚上 6 点 的 。 但是 下午 3 点多 接到
HUM_cat-hotel_pol-POS_tokenise, 600	接到 携程 电话 ， 居然 说 我 给	酒店	打电话 取消 我 的 房间 ， 问 我 有没有 这 回事 。
HUM_cat-hotel_pol-POS_tokenise, 600	回事 。 简直 很气 人 ！ 后来 到	酒店	办理 入住 时 ， 问 了 前台 有没有 这 回事 。 他们
HUM_cat-hotel_pol-POS_tokenise, 600	的 很 干脆 ， 有 这个 事情 。	酒店	也 太 不 负责 了 ， 为了 自己 的 入住率 就 随意
HUM_cat-hotel_pol-POS_tokenise, 600	的 作风 和 职业道德 。 另外 ， 该	酒店	不能 用 民生银行 信用卡 做预 授权 ， 只能 用 中国银行 和 交通银行
HUM_cat-hotel_pol-POS_tokenise, 601	， 而且 房间 偏小 了 。 其他 ，	酒店	应该 是 现在 南通 最好 的 了 吧 房间 不错 ， 也
HUM_cat-hotel_pol-POS_tokenise, 604	屋子 很大, 其他 都 很 一般.	酒店	环境 不错 哦 ， 在 市中心 ， 但是 很 安静 ． 因为
HUM_cat-hotel_pol-POS_tokenise, 604	安静 ． 因为 占地面积 很大 （ 保安 说	酒店	有 250 个 车位 orz ~ ~ ） ． 和 一般 的
HUM_cat-hotel_pol-POS_tokenise, 604	orz ~ ~ ） ． 和 一般 的	酒店	不 一样 ， 闽西 宾馆 有 ６ 栋楼 ， 可能 是 价位
HUM_cat-hotel_pol-POS_tokenise, 606	这个 地段 这个 价格 算 可以 优点 ：	酒店	周边环境 比较 好 ， 湖 景房 窗外 的 风景 确实 挺 漂亮
HUM_cat-hotel_pol-POS_tokenise, 610	方便 。 电视机 稍微 差 了 一点 。	酒店	很 干净 ， 窗外 见山 ， 山味 很 好闻 。 早餐 不错
HUM_cat-hotel_pol-POS_tokenise, 610	高 ， 有 一个 靓妹 很 养眼 。	酒店	位置 好 ， 闹中取静 。 总的来说 ， 非常 满意 ， 特别 是
HUM_cat-hotel_pol-POS_tokenise, 611	刷卡 的 。 不错, 变成 常驻 京	酒店	了, 就是 餐厅 的 餐 太贵 中银 大厦 的 前台 服务态度
HUM_cat-hotel_pol-POS_tokenise, 613	附加 服务 也 比较 到位 ！ 石家庄 的	酒店	我 还是 觉得 世贸 是 最 的 ， 呵呵 。 总体 来说
HUM_cat-hotel_pol-POS_tokenise, 614	总体 来说 还是 不错 的 。 说 是	酒店	， 其实 更 像是 个 公寓 ， 一方面 楼里 有 好几层 是
HUM_cat-hotel_pol-POS_tokenise, 614	月 5 日 ： 首先 感谢您 对 我	酒店	提出 宝贵 的 评价 ， 在 这里 我们 对 您 提出 的
HUM_cat-hotel_pol-POS_tokenise, 614	做 一些 相应 的 解释 ： 1 、	酒店	离 西湖 的 总 路程 为 一站 路 的 公交 车程 。
HUM_cat-hotel_pol-POS_tokenise, 614	的 公交 车程 。 2 、 从 我	酒店	出门 （ 庆春路 ） 往东方 向 步行 大约 2 分钟 ， 就
HUM_cat-hotel_pol-POS_tokenise, 618	庐山 这样 的 名胜 旅游区 ， 这样 的	酒店	已经 不错 。 地点 很 好 ， 特别 是 自驾游 的 旅客
HUM_cat-hotel_pol-POS_tokenise, 619	的 大小 房间 已经 很 不错 了 。	酒店	服务 很 到位 ， 坐 酒店 免费 班车 ， 送 我们 到
HUM_cat-hotel_pol-POS_tokenise, 619	了 。 酒店 服务 很 到位 ， 坐	酒店	免费 班车 ， 送 我们 到 港澳 码头 ， 就 我 和
HUM_cat-hotel_pol-POS_tokenise, 619	和 老公 两人 ， 司机 态度 挺不错 。	酒店	出门 左转 就 可以 坐当 当车 ， 交通 还 算 方便 。
HUM_cat-hotel_pol-POS_tokenise, 619	还 算 方便 。 而且 后来 才 知道	酒店	离 香港大学 挺近 ， 本来 可以 去 港 大 散散步 ， 下次
HUM_cat-hotel_pol-POS_tokenise, 623	就是 水果 少点. 这是 一家 古色古香 的	酒店	， 挺 有 特色 的 ， 尤其 是 回廊 里 的 鱼
HUM_cat-hotel_pol-POS_tokenise, 623	里 的 鱼 很多 ， 孩子 喜欢 ，	酒店	本周 的 环境 很 好 ， 服务 也 不错 。 只是 离碧
HUM_cat-hotel_pol-POS_tokenise, 625	提供 的 拖鞋 沾水 后极 滑! 这家	酒店	离 车站 很近, 较 方便, CHECK IN 时, 服务
HUM_cat-hotel_pol-POS_tokenise, 625	, 服务 还好, 还有 凉茶 饮用,	酒店	早餐 还 不错, 只是 8: 30 时, 品种 已
HUM_cat-hotel_pol-POS_tokenise, 627	算 安静 这 是 我 第二次 住 悦达	酒店	， 这里 环境 和 地理位置 都 还好 ， 价格 、 服务 和
HUM_cat-hotel_pol-POS_tokenise, 628	都 很 不错 。 交通 也 不错 。	酒店	附近 就 有 很多 小 饭店 ， 都 还 不错 的 。
HUM_cat-hotel_pol-POS_tokenise, 629	黄山 的话 肯定 还 住 这家 拉 。	酒店	情况 很 好, 早餐 还行. 就是 长沙 的 出租车 太脏
HUM_cat-hotel_pol-POS_tokenise, 631	的 游客 ， 非常 安逸 的 情景 。	酒店	的 服务 不错 ， 也 很 安静 ， 就是 逛街 不太 方便
HUM_cat-hotel_pol-POS_tokenise, 631	再 去 血拼 ， 我 肯定 不住 这家	酒店	了 ， 虽然 服务 很 好 。 在 上海 这个 价位 住
HUM_cat-hotel_pol-POS_tokenise, 632	。 在 上海 这个 价位 住 这样 的	酒店	算 很 不错 的 了 ， 我 住 的 是 标准间 ，
HUM_cat-hotel_pol-POS_tokenise, 633	就 到 静安寺 了 ， 很 方便 。	酒店	是 四星 的 ， 服务 不错 ， 晚上 还 送 点心 。
HUM_cat-hotel_pol-POS_tokenise, 633	服务 不错 ， 晚上 还 送 点心 。	酒店	的 设施 是 按 四星 标准 ， 但 可能 时间 比较 长
HUM_cat-hotel_pol-POS_tokenise, 634	的 韵味 。 周围 还是 在 拆迁 。	酒店	感觉 较 温馨 ， 要是 能够 在 每个 房间 里 都 放上
HUM_cat-hotel_pol-POS_tokenise, 636	啥 蟹 都 觉得 不 如此 蟹 美味	酒店	比较 旧 ， 服务 还 可以 ， 附近 也 没什么 宾馆 了
HUM_cat-hotel_pol-POS_tokenise, 638	感受一下 就 知道 了 很 放松 的 一个	酒店	, 很 好, 儿子 尤其 喜欢 游泳池 的 设计. 吃
HUM_cat-hotel_pol-POS_tokenise, 641	别人 建议 说 是 性价比 较 高 的	酒店	。 预约 的 时候 写 到达 时间 为 12 ： 00 －
HUM_cat-hotel_pol-POS_tokenise, 641	： 00 － 15 ： 00 ， 而	酒店	说明 里 写 的 要求 到达 时间 是 14 ： 00 。
HUM_cat-hotel_pol-POS_tokenise, 641	00 。 那天 在 12 ： 30 到	酒店	时 ， 被 告知 房间 还 没有 打扫 出来 ， 有些 郁闷
HUM_cat-hotel_pol-POS_tokenise, 641	总评 ： 会 考虑 再 入住 这 类	酒店	。 在 洛阳 的 酒店 中 还是 不错 的, 餐厅 也
HUM_cat-hotel_pol-POS_tokenise, 642	入住 这 类 酒店 。 在 洛阳 的	酒店	中 还是 不错 的, 餐厅 也 可以, 服务 也 不错
HUM_cat-hotel_pol-POS_tokenise, 644	可以, 还加 了 电脑 可以 上网 。	酒店	还是 不错 的, 房间 挺大 的, 床 很 舒服,
HUM_cat-hotel_pol-POS_tokenise, 645	, 不错 服务生 很 周到 ， 携程 和	酒店	的 合作 应该 很 好 ， 有 水果 送 ， 又 可以
HUM_cat-hotel_pol-POS_tokenise, 645	件 衣服 ， 而且 速度 很快 。 就是	酒店	的 网速 有待 提高, 网络游戏 不能 玩 真是 遗憾 啊.
HUM_cat-hotel_pol-POS_tokenise, 647	专业 。 刚刚 经历 了 在 丽江 丽王	酒店	的 痛苦 经历 ， 来到 这里 我 被 酒店 的 服务 感动
HUM_cat-hotel_pol-POS_tokenise, 647	的 痛苦 经历 ， 来到 这里 我 被	酒店	的 服务 感动 了 ， 这才 是 真正 的 酒店 ， 我
HUM_cat-hotel_pol-POS_tokenise, 647	服务 感动 了 ， 这才 是 真正 的	酒店	， 我 觉得 像 回到 家里 一样 。 唯一 的 缺点 是
HUM_cat-hotel_pol-POS_tokenise, 648	了 。 据说 这是 北海 最好 的 三星级	酒店	， 生意 不是 一般 的 好 ， 人气 很旺 ， 那天 晚上
HUM_cat-hotel_pol-POS_tokenise, 649	按照 我 朋友 的话 说 ， 就是 这家	酒店	有着 破烂 的 外表 ， 却是 内里 奢华 的 装修 。 服务
HUM_cat-hotel_pol-POS_tokenise, 650	， 而且 游戏 齐全 ， 速度 很快 。	酒店	位置 不错 ， 出门 去 转转 还 很 方便 。 单人间 小
HUM_cat-hotel_pol-POS_tokenise, 651	些 ， 但 性价比 还是 不错 的 。	酒店	环境 、 设施 不错 ， 空间 比较 大 ， 有 液晶电视 ，
HUM_cat-hotel_pol-POS_tokenise, 653	， 在 全国 算 性价比 不错 的 五星级	酒店	房间 还 算 干净 ， 但 洗澡 绝对 不 可以 2 个
HUM_cat-hotel_pol-POS_tokenise, 656	6. 房间 还 算 干净 。 该	酒店	的 环境 真的 很 不错 ， 贵宾楼 的 房间 挺舒服 ， 宾馆
HUM_cat-hotel_pol-POS_tokenise, 656	． 下次 到 黄石 还 想 住 这个	酒店	！ 去 开展 会 ， 住 住 还行 。 距离 会展中心 不是
HUM_cat-hotel_pol-POS_tokenise, 659	饮料 收费 100 多元 ， 自己 是 做	酒店	的 还 能 说 什么 呢 ？ 同行 多 包容 点 吧
HUM_cat-hotel_pol-POS_tokenise, 663	地说 ， 应该 已经 是 石家庄 最好 的	酒店	了 ， 各 方面 都 还 可以 ， 房间 稍微 有点 旧
HUM_cat-hotel_pol-POS_tokenise, 664	下次 还会 选择 已经 是 第二次 入住 这家	酒店	了, 感觉 上 还是 第一次 住 的 面对 柳江 的 房间
HUM_cat-hotel_pol-POS_tokenise, 664	房间 景观 比较 好, 不过 这次 来	酒店	前面 的 路 已经 修好 了, 交通 很 方便. 酒店
HUM_cat-hotel_pol-POS_tokenise, 664	已经 修好 了, 交通 很 方便.	酒店	的 服务员 依然 一如既往 的 微笑服务, 特别 推荐 一下 30 楼
HUM_cat-hotel_pol-POS_tokenise, 664	柳江 两岸 的 景色 很美. 不过 这家	酒店	不 适合 打 长途电话, 1. 8 元 / 分钟,
HUM_cat-hotel_pol-POS_tokenise, 664	月 7 日 ： 非常 感谢您 对 我	酒店	的 支持 和 厚爱 ， 柳州 宾馆 致力 打造 柳州 性价比 最高
HUM_cat-hotel_pol-POS_tokenise, 664	柳州 宾馆 致力 打造 柳州 性价比 最高 的	酒店	。 我 宾馆 按 五星级 标准 装修 的 24 - 26 楼
HUM_cat-hotel_pol-POS_tokenise, 665	竣工 ， 期待 您 的 光临 ！ ！	酒店	离 市区 比较 远, 不过 在 尖 沙嘴 一个 小时 有
HUM_cat-hotel_pol-POS_tokenise, 665	尖 沙嘴 一个 小时 有 一 班车 去	酒店	, 房间内 设施 比较 陈旧 些, 但是 外部环境 非常 好,
HUM_cat-hotel_pol-POS_tokenise, 665	好, 空气 也 很 好, 出	酒店	不远处 就 有 沙滩, 非常适合 去 渡假, 早餐 的 品种
HUM_cat-hotel_pol-POS_tokenise, 665	的 环境 真的 非常 好. 比如 心	酒店	好多 了. 酒店 环境 很 好 ， 别墅 每层 都 很
HUM_cat-hotel_pol-POS_tokenise, 666	好. 比如 心 酒店 好多 了.	酒店	环境 很 好 ， 别墅 每层 都 很 高 ， 宽敞 ，
HUM_cat-hotel_pol-POS_tokenise, 666	咖啡 ， 奶 （ 不知 为什么 ） ．	酒店	所有 人员 ． 补充 点评 2007 年 11 月 15 日 ：
HUM_cat-hotel_pol-POS_tokenise, 671	便捷 实惠 客房 干净 整洁 一家 可以 的	酒店	, 服务 不错, 地理位置 优越, 性价比 高 。 总之 ，
HUM_cat-hotel_pol-POS_tokenise, 672	的 都 有 ， 但 装修 简陋 。	酒店	人员 的 服务 80 分 ， 不要 和 四星级 五星级 比较 啦
HUM_cat-hotel_pol-POS_tokenise, 673	、 最佳 西方 瑞丰格琳 、 龙禧 商务 等	酒店	， 但 最终 把 杭州 的 商务 、 旅游 住宿 锁定 在
HUM_cat-hotel_pol-POS_tokenise, 673	至今已有 一年 有余 。 原因 就 在于 此	酒店	的 性价比 太高 了 ， 我 亲身 的 经历 ： 刚 第一次
HUM_cat-hotel_pol-POS_tokenise, 673	只 认为 四星 、 全球 最大 的 连锁	酒店	没什么 与众不同 ， 但 第二天 楼层 接待 、 大堂 副理 、 楼层
HUM_cat-hotel_pol-POS_tokenise, 678	卫生设施 一流 ， 下次 一定 还选 老式 四星级	酒店	， 交通 倒 是 很 便利 ， 我们 自驾游 沪 杭 高速
HUM_cat-hotel_pol-POS_tokenise, 678	就 睡 得 比较 不 舒服 了 。	酒店	早饭 品种 还是 比较 多 的 。 停车场 也 比较 大 ，
HUM_cat-hotel_pol-POS_tokenise, 680	。 入住 后 觉得 是 非常 不错 的	酒店	。 房间 不错 ， 卫生间 没有 点评 的 那么 差 ， 很
HUM_cat-hotel_pol-POS_tokenise, 680	很 体贴 ， 停 在 外面 的 车	酒店	会 加上 遮阳板 。 泳池 很棒 ， 可惜 蚊子 太多 了 ，
HUM_cat-hotel_pol-POS_tokenise, 682	一些 热带 风格 ？ 感觉不好 。 。 。	酒店	大堂 和 内部 的 环境 还 可以 吧 ， 人员 的 服务
HUM_cat-hotel_pol-POS_tokenise, 682	6 月 18 日 ： 首先 感谢您 对	酒店	提供 的 宝贵意见 。 根据 您 的 喜好 我们 已经 给 你
HUM_cat-hotel_pol-POS_tokenise, 684	， 没有 什么 成都 特色 的 餐饮 。	酒店	的 服务 挺不错 ， 但是 银座 边上 有 一个 塔 一样 的
HUM_cat-hotel_pol-POS_tokenise, 686	？ 交通 方便 服务周到 ， 很 不错 的	酒店	。 唯一 不 满意 的 是 价格 没有 竞争力 ， 比汉庭 的
HUM_cat-hotel_pol-POS_tokenise, 688	比较 宽敞 ， 感觉 很 舒服 对于 此	酒店	整体 比较满意 酒店 总体 不错 ， 应该 是 张家港 最好 的 酒店
HUM_cat-hotel_pol-POS_tokenise, 689	感觉 很 舒服 对于 此 酒店 整体 比较满意	酒店	总体 不错 ， 应该 是 张家港 最好 的 酒店 。 但 有
HUM_cat-hotel_pol-POS_tokenise, 689	总体 不错 ， 应该 是 张家港 最好 的	酒店	。 但 有 二个 问题 。 1 。 浴缸 是 椭圆 的
HUM_cat-hotel_pol-POS_tokenise, 690	。 还好 了! 朋友 建议 入住 的	酒店	, 可以 接受 了, 有 机会 会 尝试 其他 酒店 对比
HUM_cat-hotel_pol-POS_tokenise, 690	接受 了, 有 机会 会 尝试 其他	酒店	对比 环境 不错 ， 在 市区 内 但 还 挺 安静 。
HUM_cat-hotel_pol-POS_tokenise, 692	行李 要 多 还 真 挺 累 。	酒店	服务 特别 棒 ， 虽 只是 准 四星 ， 但 性价比 友好
HUM_cat-hotel_pol-POS_tokenise, 692	准 四星 ， 但 性价比 友好 、 马可波罗	酒店	高 。 总之 是 因好 的 服务 让 我 再次 选择 这家
HUM_cat-hotel_pol-POS_tokenise, 692	因好 的 服务 让 我 再次 选择 这家	酒店	入住 ， 以后 还会 继续 选择 这家 酒店 。 宾馆 反馈 2008
HUM_cat-hotel_pol-POS_tokenise, 692	酒店 入住 ， 以后 还会 继续 选择 这家	酒店	。 宾馆 反馈 2008 年 8 月 11 日 ： 非常 感谢您
HUM_cat-hotel_pol-POS_tokenise, 696	！ 我 是 八月 底 入住 的 该	酒店	， 总的来说 非常 满意 ， 除了 位置 没有 在 南京路 的 中心
HUM_cat-hotel_pol-POS_tokenise, 696	， 所以 劝 大家 避开 打车 高峰 。	酒店	我 感觉 相当 超值 ， 酒店 服务员 都 很 亲切 ， 还
HUM_cat-hotel_pol-POS_tokenise, 696	高峰 。 酒店 我 感觉 相当 超值 ，	酒店	服务员 都 很 亲切 ， 还 不象 金茂 的 服务员 等 在
HUM_cat-hotel_pol-POS_tokenise, 696	还是 就餐 ， 有 疑问 的话 尽管 问	酒店	的 服务处 ， 酒店 都 会 调查 之后 回复 一个 满意 ，
HUM_cat-hotel_pol-POS_tokenise, 696	疑问 的话 尽管 问 酒店 的 服务处 ，	酒店	都 会 调查 之后 回复 一个 满意 ， 全面 的 答案 ，
HUM_cat-hotel_pol-POS_tokenise, 696	详细 。 总之 去 上海 还会 选择 此	酒店	， 房间 各 方面 的 软件 和 硬件 设施 都 很 好
HUM_cat-hotel_pol-POS_tokenise, 696	都 很 好 ， 不愧 是 有名气 的	酒店	， 物有所值 上 星期六 第一次 入住 ， 感觉 不错 ， 常 往来于
HUM_cat-hotel_pol-POS_tokenise, 697	， 常 往来于 省 港澳 ， 香港 的	酒店	也 住 了 不少 ， 悦来 是 我 住 过 的 性价比
HUM_cat-hotel_pol-POS_tokenise, 697	的 性价比 最高 的 ， 房间 在 香港	酒店	来说 是 算 大 ， 也 很 干净 ， 交通 也 很
HUM_cat-hotel_pol-POS_tokenise, 698	就是 不错 的 选择 比较 朴实 的 一家	酒店	～ ～ ～ 还是 上海 衡山 管理 旗下 ， 有些 亲切感 地理环境
HUM_cat-hotel_pol-POS_tokenise, 702	路边 也 可 停车 ， 走 下台阶 即到	酒店	。 二楼 四间房 ， 一间 行政 房 双阳台 大床 ， 三间 豪房
HUM_cat-hotel_pol-POS_tokenise, 704	没有 了 ， 希望 能 继续 提供 。	酒店	的 服务 很 热情 ， 对于 我们 的 客房 要求 总能 及时
HUM_cat-hotel_pol-POS_tokenise, 705	， 吃饭 方便 。 很 不错 的 一家	酒店	， 早餐 很 丰盛 ， 晚上 还 送 水果 和 小点心 ，
HUM_cat-hotel_pol-POS_tokenise, 707	值 了 ！ 交通 很 方便, 就是	酒店	地处 居民区 中, 不是 一眼 就 能 找到. 订 的
HUM_cat-hotel_pol-POS_tokenise, 707	订 的 大床 房, 床 超大,	酒店	服务 也 不错. 出门 周围 有些 商店 及 小吃街 可以 逛逛
HUM_cat-hotel_pol-POS_tokenise, 708	日住 的 ， 主楼 园景 双人房 ， 对	酒店	非常 满意 ， 设施 还算 新 ， 房间 够 大 ， 布置
HUM_cat-hotel_pol-POS_tokenise, 708	， 大堂 够 气派 ， 服务 也好 ，	酒店	外 就是 白鹭洲 风景区 ， 一出 酒店 就是 湖 ， 非常 舒服
HUM_cat-hotel_pol-POS_tokenise, 708	， 酒店 外 就是 白鹭洲 风景区 ， 一出	酒店	就是 湖 ， 非常 舒服 ， 而且 地段 也 不错 ， 10
HUM_cat-hotel_pol-POS_tokenise, 709	, 这是 一间 超 水准 的 3 星级	酒店	. 很 喜欢 它 的 木板 地面, 不像 地毯, 没有
HUM_cat-hotel_pol-POS_tokenise, 709	排水 好像 差 了 一点, 但是 很多	酒店	都 这样 的. 门卡 无故 被 停用 ， 无法 开门 ，
HUM_cat-hotel_pol-POS_tokenise, 711	很 不 方便 。 希望 能 改进 。	酒店	的 环境 好 ， 交通 也 方便 ， 服务 人员 的 素质
HUM_cat-hotel_pol-POS_tokenise, 714	合口 ， 设施 很 齐全 ， 四星级 的	酒店	有 五星级 的 服务 ， 我们 一家人 都 很 满意 ， 决定
HUM_cat-hotel_pol-POS_tokenise, 721	送餐 服务 就 更 完美 了 ！ 该	酒店	地理位置 不错 ， 离 浦东 机场 不远 ， 主要 是 周围环境 还
HUM_cat-hotel_pol-POS_tokenise, 721	是 周围环境 还 不错 ， 而且 干净 ，	酒店	服务 就 更 没得说 了 ， 非常 到位 ！ 同时 订 的
HUM_cat-hotel_pol-POS_tokenise, 722	的 房间 也 不同 ， 很 奇怪 今晚	酒店	的 房间 怎么 老是 这样 ， 当然 都 是 升级 到 更
HUM_cat-hotel_pol-POS_tokenise, 723	是 升级 到 更 高层次 的 房间 。	酒店	比较 老, 但是 设备 维护 的 还是 不错. 服务 不错
HUM_cat-hotel_pol-POS_tokenise, 724	住 这里 本想 订汉庭 ， 地理位置 不错 的	酒店	， 从 汽车 西站 叫车 过去 15 元 ， 离 文昌阁 几步
HUM_cat-hotel_pol-POS_tokenise, 724	预定 已满订 了 红杉树 。 地理位置 不错 的	酒店	， 从 汽车 西站 叫车 过去 15 元 ， 离 文昌阁 几步
HUM_cat-hotel_pol-POS_tokenise, 727	地区 ， 这个 地段 价格 还 可以 的	酒店	也 就 这家 了 。 补充 点评 2008 年 4 月 1
HUM_cat-hotel_pol-POS_tokenise, 729	的 不是 太 多 ， 价格 太贵 。	酒店	位于 东方 绿舟 边缘 ， 环境优美 ， 空气清新 。 方便 之 处
HUM_cat-hotel_pol-POS_tokenise, 729	。 方便 之 处 在于 可 直接 从	酒店	旁 的 小路 进入 东方 绿舟 园区 ， 无需 门票 。 不错
HUM_cat-hotel_pol-POS_tokenise, 730	绿舟 园区 ， 无需 门票 。 不错 的	酒店	， 性价比 很 好 。 房间 主题 命令 华丽 。 去 香港
HUM_cat-hotel_pol-POS_tokenise, 730	。 去 香港 也 是 住 的 粤海	酒店	。 补充 点评 2008 年 4 月 12 日 ： 打错字 了
HUM_cat-hotel_pol-POS_tokenise, 731	, 感谢您 再次 选择 国宾 大酒店 入住.	酒店	非常重视 您 提出 的 宝贵意见, 酒店 会 针对 卫生间 地板 滑
HUM_cat-hotel_pol-POS_tokenise, 731	. 酒店 非常重视 您 提出 的 宝贵意见,	酒店	会 针对 卫生间 地板 滑 的 问题 研究 解决方案. 希望 下次
HUM_cat-hotel_pol-POS_tokenise, 732	心情舒畅, 工作 顺利! 当地 最好 的	酒店	， 房间 环境 都 很 好 ， 地理位置 稍微 欠缺 一点 ，
HUM_cat-hotel_pol-POS_tokenise, 733	， 下次 还会 入住 。 非常 不错 的	酒店	交通 方便 只是 服务 有待 改进 房间 不 大, 但 里面
HUM_cat-hotel_pol-POS_tokenise, 735	KTV 实在 比较 吵 准确 的 说 ，	酒店	的 环境 很漂亮 ， 房间 设施 也 还行 ， 可以 算 4
HUM_cat-hotel_pol-POS_tokenise, 735	点评 ！ 我们 已 将 相关 问题 呈	酒店	管理层 予以 关注 ， 欢迎 下次 光临 ！ 总体 来说 不错 了
HUM_cat-hotel_pol-POS_tokenise, 737	不太好, 味道不好. 房价 偏贵 了.	酒店	硬件 和 软件 设施 都 不错, 服务 也 很 专业,
HUM_cat-hotel_pol-POS_tokenise, 737	专业, 去 香港 会 经常 住 这家	酒店	. 位置 好 ， 房间 大 ， 服务到位 ， 是 商务 和
HUM_cat-hotel_pol-POS_tokenise, 740	. 实在 是 大煞风景 总的来说 是 不错 的	酒店	！ ！ 但 还有 一些 小 细节 要 注意 ， 电脑 宽带
HUM_cat-hotel_pol-POS_tokenise, 743	是 先 看 点评 ， 后 决定 订	酒店	。 开元 的 口碑 不错 （ 徐州 的 同学 也 赞赏 有加
HUM_cat-hotel_pol-POS_tokenise, 743	， 但 我 想 ： 一来 ， 此	酒店	依山傍水 ， 我们 白天 出去 时 ， 很多 时候 是 把 阳台门
HUM_cat-hotel_pol-POS_tokenise, 743	遇到 过 （ 连 在 埃及 的 五星级	酒店	也 见 过 此 小东西 ） ， 好 在 它 的 活动场所
HUM_cat-hotel_pol-POS_tokenise, 743	! 在 我 住 过 的 无数 国内	酒店	中 ， 仅次于 桂林 漓江 大酒店 ！ 我定 了 面 湖房 ，
HUM_cat-hotel_pol-POS_tokenise, 745	适合 居住 的 地方 ！ 我 喜欢 这家	酒店	的 餐饮 要 改进 。 没有 西餐 （ 以前 是 有 的
HUM_cat-hotel_pol-POS_tokenise, 747	搬 了 。 因为 五一节 的 原因 特地到	酒店	附近 的 红旗 商场 买 了 很多 成都 土特产 回去 ， 相当
HUM_cat-hotel_pol-POS_tokenise, 747	成都 土特产 回去 ， 相当 不错 。 在	酒店	后面 的 那条 街 吃 的 东西 很多 ， 味道 也 不错
HUM_cat-hotel_pol-POS_tokenise, 747	点评 2008 年 5 月 3 日 ：	酒店	对面 还有 个 小 超市, 住 市中心 的 这家 酒店 感觉
HUM_cat-hotel_pol-POS_tokenise, 747	个 小 超市, 住 市中心 的 这家	酒店	感觉 挺 方便 的. 2 月底 去 的 ， 酒店 古色古香
HUM_cat-hotel_pol-POS_tokenise, 748	方便 的. 2 月底 去 的 ，	酒店	古色古香 ， 房间 也 不错 ， 卫生间 很大 ， 可是 冲淋房 里面
HUM_cat-hotel_pol-POS_tokenise, 748	非常 享受 的 事 。 还有 ， 在	酒店	买 湿地 公园 的 门票 可以 打折 。 我们 去 的 时候
HUM_cat-hotel_pol-POS_tokenise, 750	， 适合 情侣 和 夫妻 ~ ~ 。	酒店	房间 不错, 还有 厨房, 就是 大堂 小 了 点.
HUM_cat-hotel_pol-POS_tokenise, 751	黄金周 出行 第一站 ， 27 日 金华 。	酒店	大厅 确如 楼下 所 言 ， 大而无当 ， 亦 不够 明亮 ，
HUM_cat-hotel_pol-POS_tokenise, 751	走南闯北 的 行走 族 来说 足矣 ！ 而且	酒店	还是 浙江省 旅游局 《 自驾车 旅游 服务 定点 单位 》 。 在
HUM_cat-hotel_pol-POS_tokenise, 751	有 机会 我 还 会 再 住 这家	酒店	。 6 月 7 、 8 住 了 2 天 ， 已经
HUM_cat-hotel_pol-POS_tokenise, 753	会 来 住 的 环境 非常 好 的	酒店	, 由于 是 工作日 去 的 关系, 人 很少, 往
HUM_cat-hotel_pol-POS_tokenise, 753	左右 就是 一个 水库, 非常 幽静.	酒店	的 房间 很大, 住 的 是 标 C 房, 晚上
HUM_cat-hotel_pol-POS_tokenise, 753	也 是 温泉水, 用 木桶 泡,	酒店	提供 一次性 塑料袋, 很 周到. 在 酒店 吃 了 一顿
HUM_cat-hotel_pol-POS_tokenise, 753	提供 一次性 塑料袋, 很 周到. 在	酒店	吃 了 一顿 晚饭, 4 个人 300 多, 感觉 和
HUM_cat-hotel_pol-POS_tokenise, 754	拥挤 但 功能 也 算 完备, 感觉	酒店	的 机场 接送 服务 很 好, 虽然 一路上 被 数次 颠醒
HUM_cat-hotel_pol-POS_tokenise, 758	还好. 非常 喜欢 上海 的 FOUR SEASONS	酒店	的 工作人员 素质 相当 高 ， 什么 都 想 在 客人 前面
HUM_cat-hotel_pol-POS_tokenise, 758	在 客人 前面 ， 不愧 是 五星级 的	酒店	， 各 副 其实 。 与 上海 许多 非常 著名 的 全球
HUM_cat-hotel_pol-POS_tokenise, 758	许多 非常 著名 的 全球 知名 的 五星级	酒店	相比 ， 其 服务 与 设施 都 算是 很 好 的 。
HUM_cat-hotel_pol-POS_tokenise, 758	另外 ， 今年冬天 入住 的 时候 ， 发现	酒店	提供 的 沐浴 及 护肤 产品 是 欧舒丹 的 呢 地理位置 越来越
HUM_cat-hotel_pol-POS_tokenise, 760	。 能 在 吉林市 找到 的 最好 的	酒店	了 。 入住 和 退房 的 速度 还 可以 。 房间 状况
HUM_cat-hotel_pol-POS_tokenise, 765	下次 有 机会 可能 还来 第一次 入住 此	酒店	， 订房间 前 看到 大家 的 点评 ， 说 是 早餐 好吃
HUM_cat-hotel_pol-POS_tokenise, 766	较大 的 休息 空间 。 中规中矩 的 五星级	酒店	， 但 酒店 双人房 床较 小 ， 其他 还 可以 ， 毕竟
HUM_cat-hotel_pol-POS_tokenise, 766	空间 。 中规中矩 的 五星级 酒店 ， 但	酒店	双人房 床较 小 ， 其他 还 可以 ， 毕竟 也 是 连锁
HUM_cat-hotel_pol-POS_tokenise, 766	其他 还 可以 ， 毕竟 也 是 连锁	酒店	。 另外 ， 酒店 的 大堂 确实 有些 气势 ！ 房间 感觉
HUM_cat-hotel_pol-POS_tokenise, 766	毕竟 也 是 连锁 酒店 。 另外 ，	酒店	的 大堂 确实 有些 气势 ！ 房间 感觉 很 上海 化 ，
HUM_cat-hotel_pol-POS_tokenise, 767	也 不错 ， 是 个 标准 的 四星	酒店	。 只是 周边环境 不是 特别 的 优雅 ， 如果 只是 对 房间
HUM_cat-hotel_pol-POS_tokenise, 767	地方 ， 可以 在 那边 用餐 ， 因为	酒店	内部 中餐 和 西餐 味道 都 不 尽如人意 ， 西餐 分量 少
HUM_cat-hotel_pol-POS_tokenise, 767	要 放 酱油 ， 包括 炒饭 在内 。	酒店	人员素质 感觉 亲和力 有待 改进 ， 有时候 给 人 一种 冷冰冰 的
HUM_cat-hotel_pol-POS_tokenise, 767	是 找 不到 免费 的 服务 的 。	酒店	背后 就是 个 中学 ， 有时候 会 感觉 有点 吵闹 ， 而且
HUM_cat-hotel_pol-POS_tokenise, 767	， 而且 现在 中学 旁边 有 工地 面对	酒店	在 施工 。 这个 五一 在 张家界 这个 美丽 的 山区 度过
HUM_cat-hotel_pol-POS_tokenise, 768	度过 ， 住 在 了 湘 电 国际	酒店	， 留下 了 深刻 的 印象 。 使得 我 不得不 在 这里
HUM_cat-hotel_pol-POS_tokenise, 768	说 服务 ： 1. 有 专门 的	酒店	车到 机场 接 ， 开始 我 以为 是 类似 过去 的 酒店
HUM_cat-hotel_pol-POS_tokenise, 768	， 开始 我 以为 是 类似 过去 的	酒店	机场 专用 的 穿梭 接驳 车 ， 结果 到 了 才 知道
HUM_cat-hotel_pol-POS_tokenise, 768	车 ， 结果 到 了 才 知道 ，	酒店	是 专门 的 车 专属 服务 的 。 感谢 司机 帅哥 宋
HUM_cat-hotel_pol-POS_tokenise, 768	真的 很 感恩 。 2. 到 了	酒店	， 很晚 了 ， 感谢 酒店 的 销售 专员 彭小姐 专门 的
HUM_cat-hotel_pol-POS_tokenise, 768	到 了 酒店 ， 很晚 了 ， 感谢	酒店	的 销售 专员 彭小姐 专门 的 等候 。 顺便 说 一声 ，
HUM_cat-hotel_pol-POS_tokenise, 768	。 顺便 说 一声 ， 我 发现 这个	酒店	的 美女 很 养眼 ， 销售 专员 美女 ， 前台 的 小妹
HUM_cat-hotel_pol-POS_tokenise, 768	很 美的 山色 ， 一赞 ！ 2.	酒店	的 园林式 景观 ， 很棒 ！ 一赞 ！ 3. 西式早餐 显得
HUM_cat-hotel_pol-POS_tokenise, 768	的 鸡汤 了 ！ 强烈推荐 ！ 4.	酒店	可以 办理 多日 入园 证件 ， 张家界 的 门票 是 两日 进山
HUM_cat-hotel_pol-POS_tokenise, 768	了 。 然后 说点 美中不足 ： 1.	酒店	应该 是 新装修 ， 房间 有点 装修 的 味道 。 2.
HUM_cat-hotel_pol-POS_tokenise, 768	洗手间 略显 小 了 一点 。 3.	酒店	的 娱乐 设施 大多 没有 开业 ， 甚憾 ！ 总之 ， 强烈推荐
HUM_cat-hotel_pol-POS_tokenise, 768	开业 ， 甚憾 ！ 总之 ， 强烈推荐 这个	酒店	。 特别 喜欢 房间 里 的 床 ， 睡觉 非常 舒服 。
HUM_cat-hotel_pol-POS_tokenise, 769	的 床 ， 睡觉 非常 舒服 。 但	酒店	周围环境 不好 ， 特别 是 很 难 叫 到 车 ， 足足
HUM_cat-hotel_pol-POS_tokenise, 769	年 11 月 9 日 ： 不 喜欢	酒店	周围 的 环境, 很 乱 很脏 ， 但 老外 特别 喜欢
HUM_cat-hotel_pol-POS_tokenise, 770	主动 ， 押金 是 我 住 过 的	酒店	里 最高 的 ， 大堂 主管 很 好 ， 现在 没 带够
HUM_cat-hotel_pol-POS_tokenise, 771	签 了 个 字 ， 舒心 因 这	酒店	不 在 市区, 所以 总体 服务 环境 还 可以, 但
HUM_cat-hotel_pol-POS_tokenise, 772	的 餐厅 有点 贵 了. 海底 世界	酒店	整体 环境 不错 ， 一个 很 雅致 的 庭院 ， 比较 安静
HUM_cat-hotel_pol-POS_tokenise, 772	且 在 亚龙湾 算是 个 相对 便宜 的	酒店	， 我 住 的 是 豪华 单人间 ， 2 米 的 大床
HUM_cat-hotel_pol-POS_tokenise, 772	， 还有 个 阳台 ， 与 环球 城	酒店	紧 挨着 ， 服务 也 挺 好 ， 由于 没有 电梯 ，
HUM_cat-hotel_pol-POS_tokenise, 772	好 ， 只有 一点 不太 满意 ， 就是	酒店	提供 的 海底 世界 半潜 观光 船 游览 买一送一 服务 ， 我
HUM_cat-hotel_pol-POS_tokenise, 774	这家 的 服务 达到 4 、 5 星级	酒店	水平 ， 很 亲切 ， 也 很 主动 。 从 房间 能
HUM_cat-hotel_pol-POS_tokenise, 774	早餐 （ 也 已 含 ） 是 在	酒店	的 天台 餐厅 用餐 ， 是 西式 为主 ， 我们 没 时间
HUM_cat-hotel_pol-POS_tokenise, 774	大漠 的 星星 ， 感觉 非常 不错 。	酒店	算是 在 郊区 ， 但 其实 就 离 市区 3 公里 ，
HUM_cat-hotel_pol-POS_tokenise, 774	倒 是 有 辆 3 路 公交车 在	酒店	门口 有 站 ， 每 5 分钟 一趟 ， 10 分钟 就
HUM_cat-hotel_pol-POS_tokenise, 775	不过 免费 的 ， 就 没太多 要求 。	酒店	虽然 有点 旧 ， 房间 也 不大 ， 但 贵在 干净 ，
HUM_cat-hotel_pol-POS_tokenise, 775	小型 桶装水 ， 非常 方便 ， 不像 很多	酒店	那样 ， 非得 自己 烧来 喝 。 酒店 给 我 印象 最深
HUM_cat-hotel_pol-POS_tokenise, 775	酒店 那样 ， 非得 自己 烧来 喝 。	酒店	给 我 印象 最深 的 是 大 门外 的 一位 有 络腮胡子
HUM_cat-hotel_pol-POS_tokenise, 776	幺 小 的 地方 有 这么 好 的	酒店	， 真的 不错 ， 定 的 是 豪华 标间 ， 房间 很大
HUM_cat-hotel_pol-POS_tokenise, 779	应该 要求 有 比较 好 的 价格政策 的	酒店	很 干净 ， 服务 不错 ， 所以 决定 今晚 再次 来 入住
HUM_cat-hotel_pol-POS_tokenise, 779	多次 选择 国宾 大酒店 入住 ， 并 对	酒店	予以 认可 。 我们 将 一如 即往 ， 以 优质 的 服务
HUM_cat-hotel_pol-POS_tokenise, 780	光临 ！ 第二次 入住 ， 蛮 好 的	酒店	。 总的来说 。 在 国内 算 不错 的 公寓式 酒店 。 开始
HUM_cat-hotel_pol-POS_tokenise, 780	总的来说 。 在 国内 算 不错 的 公寓式	酒店	。 开始 看 了 2005 年 的 几位 朋友 的 评价 ，
HUM_cat-hotel_pol-POS_tokenise, 781	下次 再 来 的话 ， 还会 选择 这个	酒店	。 只是 希望 宽带 能 一直 免费 ！ 1. 装修 还
HUM_cat-hotel_pol-POS_tokenise, 782	1. 装修 还 不错 ， 但是 整个	酒店	感觉 不 大气 2. 除了 电视 越显 小气 ， 房间 总体
HUM_cat-hotel_pol-POS_tokenise, 782	还 舒适 ， 隔音 不错 ， 不像 圣庭苑	酒店	世纪 楼 ， 晚上 睡觉 都 能 听到 隔壁 抽水马桶 的 声音
HUM_cat-hotel_pol-POS_tokenise, 783	地方 是 收银 ， 在 湛江 住 别的	酒店	check - out 时 都 得 等 查房 ， 看 有没有 消费
HUM_cat-hotel_pol-POS_tokenise, 783	授权 都 没用 。 本 以为 这里 五星级	酒店	不会 那样 ， 哪 知道 住客 说 的话 在 这里 还是 不
HUM_cat-hotel_pol-POS_tokenise, 784	偷偷 在 打瞌睡...... 呵呵 不错 的	酒店	, 环境 很 好, 服务态度 也 很 好, 下次 有
HUM_cat-hotel_pol-POS_tokenise, 785	下次 有 机会 应该 还是 会 入住 的	酒店	的 位置 很 好, 就 在 市中心, 杭百和银泰 边上 ，
HUM_cat-hotel_pol-POS_tokenise, 785	在 高处 看到 大半个 西湖 。 只是 可能	酒店	建成 时间 较久 ， 房间 里 的 设施 较 陈旧 ， 卫生间
HUM_cat-hotel_pol-POS_tokenise, 785	年 7 月 29 日 ： 感谢您 对	酒店	的 支持 ， 我们 会 对 设施 设备 逐步 加以改进 ， 酒店
HUM_cat-hotel_pol-POS_tokenise, 785	我们 会 对 设施 设备 逐步 加以改进 ，	酒店	欢迎您 再次 入住 。 在 沙区 算是 很 好 的 了.
HUM_cat-hotel_pol-POS_tokenise, 787	好 的 地段 可以 租到 那么 便宜 的	酒店	公寓 ， 真是 物超所值 ！ 赞 一个 宾馆 反馈 2008 年 8
HUM_cat-hotel_pol-POS_tokenise, 789	自助 早餐 的 价格 偏高 。 入住 这家	酒店	是 在 很 急迫 的 情况 下 ， 因为 原先 定 的
HUM_cat-hotel_pol-POS_tokenise, 789	联系 携程 ， 在 10 分钟 后 到达	酒店	并且 搞定 入住 ， 在 这点 上 真的 让 我 很 喜欢
HUM_cat-hotel_pol-POS_tokenise, 789	真的 让 我 很 喜欢 ctrip. 这家	酒店	的 大堂 并 不算 出彩 ， 不过 进入 房间 后 ， 发现
HUM_cat-hotel_pol-POS_tokenise, 789	后来 据 当地 司机 说 ， 香格里拉 的	酒店	价格 是 可以 谈 的 ， 散客 最低 可以 拿到 280 /
HUM_cat-hotel_pol-POS_tokenise, 792	觉得 文津 的 服务态度 更好 一点 ， 出	酒店	门 的 的 时候 门童 可真 热情 环境 还 算 可以 ，
HUM_cat-hotel_pol-POS_tokenise, 793	可以 接受 的 ， 在 南三环 这样 的	酒店	还 不错 了 。 本次 入住 的 是 豪华 房, 床
HUM_cat-hotel_pol-POS_tokenise, 796	很 重 ， 有待 改进 ！ 入住 此	酒店	： 软件 及 硬件 比较 好 ， 价格合理 。 但 停车 的
HUM_cat-hotel_pol-POS_tokenise, 796	。 但 停车 的 车库 不能 直接 进入	酒店	， 要出 车库 从 正门 进入 ， 不是 很 方便 。 不过
HUM_cat-hotel_pol-POS_tokenise, 797	汗 啊 是 真的 多, 所以 希望	酒店	能 考虑 到 每个 客人 的 习惯 问题 不 一样, 如有
HUM_cat-hotel_pol-POS_tokenise, 798	, 所以 希望 能 改正. 花园式 的	酒店	， 在 城中 ， 有点 旧 ， 但 靠 花园 的 房间
HUM_cat-hotel_pol-POS_tokenise, 799	花园 的 房间 不错 ！ 非常 不错 的	酒店	， 虽然 不是 在 处在 市中心 ， 但是 离 钟楼 、 鼓楼
HUM_cat-hotel_pol-POS_tokenise, 799	可以 坐公车 606 路 ， 车站 就 在	酒店	对面 。 酒店 环境 不错 ， 房间 很 干净 ， 工作人员 服务
HUM_cat-hotel_pol-POS_tokenise, 799	路 ， 车站 就 在 酒店 对面 。	酒店	环境 不错 ， 房间 很 干净 ， 工作人员 服务 也 比较 好
HUM_cat-hotel_pol-POS_tokenise, 805	预定 还 送 了 早餐 ， 很 划算	酒店	房间 比较 大 （ 行政 楼层 ） ， 但是 没有 早餐 ，
HUM_cat-hotel_pol-POS_tokenise, 806	偏高 ， 大堂 的 快餐 很 难吃 。	酒店	周围 风景 很 好 ， 在 江边 散步 很 惬意 。 但是
HUM_cat-hotel_pol-POS_tokenise, 806	挺 热情 的 ， 我们 去 的 当天	酒店	有 2 个大团 生意 ， 但是 对 我们 散客 还是 能够 比较
HUM_cat-hotel_pol-POS_tokenise, 807	。 在 哪 打车 ， 都 知道 这个	酒店	。 卫生 很 好 ， 早餐 一般 ， 不过 很 便宜 ，
HUM_cat-hotel_pol-POS_tokenise, 809	的 是 “ 亲子 套票 ” 。 该	酒店	的 硬件 很 好 ！ 房间 的 东西 很 新 ， 而且
HUM_cat-hotel_pol-POS_tokenise, 809	建议 大家 在 出发 前多花点 时间 打电话 和	酒店	预先 沟通 ， 就 会 减少 麻烦 ！ 还 能 免费 升级
HUM_cat-hotel_pol-POS_tokenise, 811	感谢您 选择 北京 洋桥 大厦 。 沈阳市政府 的	酒店	， 比较 大气 ， 交通 便利 ， 出门 往 左 就是 北陵
HUM_cat-hotel_pol-POS_tokenise, 812	还是 在 朋友 的 教唆 下定 了 这家	酒店	。 刚到 敦煌 时才 发现 在 如此 小 的 城市 中 无所谓
HUM_cat-hotel_pol-POS_tokenise, 812	还 可以 ， 比 九寨沟 的 同 级别	酒店	好多 了 。 而且 这里 和 北京 一样 也 有 数字电视 了
HUM_cat-hotel_pol-POS_tokenise, 813	了 。 订 的 标房 没 了 ，	酒店	给 免费 升到 了 套房 。 有点 老旧 ， 卫生间 小 。
HUM_cat-hotel_pol-POS_tokenise, 817	多次 了 ， 基本上 都 住 在 这家	酒店	。 给 我 的 感觉 非常 好 ， 房间 很 干净 ，
HUM_cat-hotel_pol-POS_tokenise, 817	太 多 了 。 下次 来 苏州 这家	酒店	是 首先 。 说 了 好 的 ， 再说 不好 的 。
HUM_cat-hotel_pol-POS_tokenise, 818	遇到 客人 也 会 问好 ； 晚上 在	酒店	吃 烧烤 ， 服务 也 不错 。 总的来说 ， 酒店 的 环境
HUM_cat-hotel_pol-POS_tokenise, 818	烧烤 ， 服务 也 不错 。 总的来说 ，	酒店	的 环境 和 海滨浴场 都 不错 ， 泳池 造型 很 美 ，
HUM_cat-hotel_pol-POS_tokenise, 818	味道 实在 不敢恭维 ， 作为 一个 老 五星	酒店	， 房间 设施 陈旧 可以 理解 ， 更新 起来 成本 过高 ，
HUM_cat-hotel_pol-POS_tokenise, 818	星级 相配 。 另外 ， 北京 的 五星	酒店	都 会 在 入住 的 第一天 送 水果 ， 甚至 蜈支洲岛 上
HUM_cat-hotel_pol-POS_tokenise, 818	吧 ， 建议 亚太 考虑一下 。 总的来说 ，	酒店	还是 很 舒服 ， 给 我们 留下 了 比较 好 的 印象
HUM_cat-hotel_pol-POS_tokenise, 821	开元 回来, 是 个 挺不错 的 度假	酒店	。 酒店 里 所有 的 员工 包括 清洁工 阿姨 都 会 很
HUM_cat-hotel_pol-POS_tokenise, 821	, 是 个 挺不错 的 度假 酒店 。	酒店	里 所有 的 员工 包括 清洁工 阿姨 都 会 很 礼貌 地
HUM_cat-hotel_pol-POS_tokenise, 821	跟 你 打招呼 ， 感觉 特 亲切 ，	酒店	服务 也 很 好 。 跟 亚龙湾 希尔顿 有点像 ， 只是 规模
HUM_cat-hotel_pol-POS_tokenise, 821	， 已经 是 一家 很 不错 的 度假	酒店	了 。 中餐厅 不错 ， 是 个 性价比 挺 高 的 五星
HUM_cat-hotel_pol-POS_tokenise, 822	再 来 。 哈哈 ！ 多年 入住 此	酒店	， 主要 是 服务 和 地理位置 好 。 但 房间 和 设施
HUM_cat-hotel_pol-POS_tokenise, 823	才行 ， 否则 性价比 不高 我 喜欢 这家	酒店	, 很多年 前住 过, 后来 又 住 过 其他 的 酒店
HUM_cat-hotel_pol-POS_tokenise, 823	过, 后来 又 住 过 其他 的	酒店	, 感觉 还是 这家 好. 觉得 它 性价比 都 不错.
HUM_cat-hotel_pol-POS_tokenise, 823	, 但 如果 你 愿意 等, 有	酒店	提供 的 免费 巴士, 30 分钟 一班 到 尖 沙嘴,
HUM_cat-hotel_pol-POS_tokenise, 826	总体 来说 值得 下 一次 再 来 ！	酒店	地点 确实 比较 偏 ， 但是 的士 司机 都 还好 找到 ，
HUM_cat-hotel_pol-POS_tokenise, 826	， 但是 的士 司机 都 还好 找到 ，	酒店	门脸 太小 气 ， 确实 不太 适合 见 客户 ； 房间 比
HUM_cat-hotel_pol-POS_tokenise, 827	灯火 较近 ， 去 就餐 较 方便 。	酒店	早餐 不是 很 丰富 ， 房间 设施 尚可 ， 标准 房无 矿泉水
HUM_cat-hotel_pol-POS_tokenise, 831	， 算是 美中不足 的 一点 缺憾 吧 。	酒店	因为 装修 时间 不 长 ， 设施 还是 不错 ， 但 4
HUM_cat-hotel_pol-POS_tokenise, 831	， 设施 还是 不错 ， 但 4 星	酒店	居然 没有 吹风机 ！ 头天 晚上 问过 前台 说 24 小时 结帐
HUM_cat-hotel_pol-POS_tokenise, 832	床 和 枕头 偏软 ， 床较 短 。	酒店	的 隔音 不是 很 好 ， 走廊 里 的 声音 及 隔壁
HUM_cat-hotel_pol-POS_tokenise, 833	没有 房间 了. 只好 升级. 最后	酒店	没有 收 升级 的 钱. 但是 还是 很 不 愉快.
HUM_cat-hotel_pol-POS_tokenise, 833	. 但是 还是 很 不 愉快. 不过	酒店	是 不错 的. 万豪 的 管理 不错. 大概 初六 、
HUM_cat-hotel_pol-POS_tokenise, 834	大概 初六 、 初七 的 时候 入住 ，	酒店	大堂 很漂亮 ， 预定 的 高级 间 ， 中午 到 酒店 直接
HUM_cat-hotel_pol-POS_tokenise, 834	， 预定 的 高级 间 ， 中午 到	酒店	直接 入住 ， 房间 干净 整洁 ， 床 很小 一大 一小 睡
HUM_cat-hotel_pol-POS_tokenise, 838	湖 景房 是 大窗 可以 看到 西湖.	酒店	服务 一般. 早餐 品种 少. 宾馆 反馈 2008 年 8
HUM_cat-hotel_pol-POS_tokenise, 839	的 下次 光临! 很 好 的 一家	酒店	哦 ， 以后 还会 去 呢 ！ 交通 方便 ， 服务 好
HUM_cat-hotel_pol-POS_tokenise, 841	~ 也 是 朋友 推荐 来 的 这家	酒店	。 本来 说 是 要 订 3 间房 ， 后来 看到 有
HUM_cat-hotel_pol-POS_tokenise, 841	了 一个 普通 的 家庭 房 。 来到	酒店	checkin 的 时候 ， 告知 要 加床 ， 前台 建议 住 豪华
HUM_cat-hotel_pol-POS_tokenise, 842	。 这 是 我 住 的 最舒服 的	酒店	了 ， 享受 了 比较 奢侈 的 从 酒店 走 到 国贸
HUM_cat-hotel_pol-POS_tokenise, 842	了 ， 享受 了 比较 奢侈 的 从	酒店	走 到 国贸 10 分钟 左右 ， 在 北京 最 奢侈 的
HUM_cat-hotel_pol-POS_tokenise, 842	了 。 相对 这个 价位 来说 ， 这家	酒店	超值 。 周围 有 2 个 公交车站 。 我 本来 定 的
HUM_cat-hotel_pol-POS_tokenise, 842	相对 于 同事 住 的 400 多 的	酒店	， 我 的 房间 更 舒服些 。 就 在 双井 的 过街天桥
HUM_cat-hotel_pol-POS_tokenise, 844	， 再 去 沈阳 还 住 高登 。	酒店	位置 离 虹桥机场 很近. 硬件 也好. 自租餐 服务 尚待 提高
HUM_cat-hotel_pol-POS_tokenise, 847	服务 还好. 性价比 还 不错 的 一家	酒店	, 下次 还会 再 去 住 的. 定 了 两个 标准
HUM_cat-hotel_pol-POS_tokenise, 850	， 两个 字 形容 “ 梦幻 ” 。	酒店	的 总台 和 礼宾 服务周到 热情 ， 真不愧是 国际 管理 集团 旗下
HUM_cat-hotel_pol-POS_tokenise, 850	热情 ， 真不愧是 国际 管理 集团 旗下 的	酒店	。 无论 在 哪 方面 的 服务 真的 很 周到 细心 ，
HUM_cat-hotel_pol-POS_tokenise, 852	济源 ， 能够 有 性价比 这么 高 的	酒店	， 有点 意外 了 。 房间 洗手间 还 有点 4 星级 的
HUM_cat-hotel_pol-POS_tokenise, 853	但是 令 我 非常 愤怒 的 是 ，	酒店	居然 不 允许 我 从 带 外卖 回 房间 吃 ， 真是太
HUM_cat-hotel_pol-POS_tokenise, 853	下 ， 居然 还有 人 拿 着 什么	酒店	的 管理 规定 给 我 看 ， 难道 酒店 的 规定 不让
HUM_cat-hotel_pol-POS_tokenise, 853	的 管理 规定 给 我 看 ， 难道	酒店	的 规定 不让 吃饭 ？ 他们 让 我 要么 出去 外面 吃饭
HUM_cat-hotel_pol-POS_tokenise, 853	吃饭 ， 在 房间 吃 ， 只能 在	酒店	点 ， 这样 的 霸王 条款 ， 我 怎么 能 接受 ，
HUM_cat-hotel_pol-POS_tokenise, 853	， 我 想 我 还是 蛮 喜欢 这个	酒店	。 但是 确实 因为 这个 ， 太令 我 失望 了 ！ 大堂
HUM_cat-hotel_pol-POS_tokenise, 854	大同 这样 的 城市 算 性价比 不错 的	酒店	了 ， 下次 还会 入住 ， 送 的 瓶装水 ， 有 一瓶
HUM_cat-hotel_pol-POS_tokenise, 855	， 所以 服务员 只换 了 一瓶 水 。	酒店	就 在 海月 广场 ， 且 酒店 大门口 就是 椰梦 长廊 ，
HUM_cat-hotel_pol-POS_tokenise, 855	。 酒店 就 在 海月 广场 ， 且	酒店	大门口 就是 椰梦 长廊 ， 风景秀丽 ， 并 随时 可以 下海 游泳
HUM_cat-hotel_pol-POS_tokenise, 855	下海 游泳 ， 交通 非常 便利 ， 整个	酒店	的 环境 也 很 不错 ， 是 度假 的 好 酒店 ，
HUM_cat-hotel_pol-POS_tokenise, 855	也 很 不错 ， 是 度假 的 好	酒店	， 二楼 还有 小 泳池 ， 晚上 坐在 泳池 边 的 椅子
HUM_cat-hotel_pol-POS_tokenise, 857	。 不能 说 没有 一点点 问题 ， 但	酒店	所有 员工 都 在 用 一种 非常 的 热情 给 每 一个
HUM_cat-hotel_pol-POS_tokenise, 857	我 愿意 把 最高 的 评价 给 这个	酒店	。 房间 和 设施 都 符合 四星 标准 ， 不足 方面 有
HUM_cat-hotel_pol-POS_tokenise, 858	噪音 极大 ， 像 拖拉机 3 ， 该	酒店	4 楼 的 KTV 生意 火爆 ， 晚上 2 点 还有 超级
HUM_cat-hotel_pol-POS_tokenise, 861	吃 得 好 饱 了:) 该	酒店	性价比 较 高 ， 还 能 免费 上网 打电话 ， 虽然 我们
HUM_cat-hotel_pol-POS_tokenise, 862	， 但是 还是 值得 向 大家 推荐 。	酒店	的 位置 很 不错 ， 豪华 大床 间 物超所值 ， 竟然 有
HUM_cat-hotel_pol-POS_tokenise, 862	， 简直 是 一间 小 套房 。 但是	酒店	的 服务 不太 到位 ， 早上 的 早餐 点 很 久 都
HUM_cat-hotel_pol-POS_tokenise, 863	的 网友 们 都 说 到 了 ，	酒店	的 周边环境 一般 ， 当然 和 风景区 不能 比 ， 也 不能
HUM_cat-hotel_pol-POS_tokenise, 863	非 繁华 地段 大抵 如此 。 好 在	酒店	弯 在 里面 ， 所以 基本上 没什么 影响 。 酒店 边上 有
HUM_cat-hotel_pol-POS_tokenise, 863	在 里面 ， 所以 基本上 没什么 影响 。	酒店	边上 有 可 的 便利 ， 稍远 一点 有乐购 ， 交通 也
HUM_cat-hotel_pol-POS_tokenise, 863	而且 干净 ， 卫生间 也 很 干净 。	酒店	的 服务态度 非常 好 ， check - in 和 check - out
HUM_cat-hotel_pol-POS_tokenise, 863	地道 。 是 一家 性价比 很 高 的	酒店	。 万豪 的 酒店 硬件 设施 应该 是 相当 不错 的,
HUM_cat-hotel_pol-POS_tokenise, 864	性价比 很 高 的 酒店 。 万豪 的	酒店	硬件 设施 应该 是 相当 不错 的, 只是 因为 春节 入住
HUM_cat-hotel_pol-POS_tokenise, 868	, 下次 去 还 会 考虑 住 这里	酒店	的 服务 不错, 给 人 亲切感. 很 适合 一家人 度假
HUM_cat-hotel_pol-POS_tokenise, 868	的 人 记得 一定 要 带上 它,	酒店	前 的 大 草坪 可是 免费 的 哦! 坐在 沙发 上
HUM_cat-hotel_pol-POS_tokenise, 869	那 就 更好. 属于 别墅 型 的	酒店	， 这点 倒 是 非常 特别 ， 只是 可惜 门口 那条 道
HUM_cat-hotel_pol-POS_tokenise, 869	很 平价 ， 性价比 很 高 的 一个	酒店	了 ~ ~ 如果 要 品尝 三亚 的 海鲜 ， 住 金凤凰
HUM_cat-hotel_pol-POS_tokenise, 870	， 住 金凤凰 是 不错 的 选择 。	酒店	离 春园 海鲜 广场 步行 20 分钟 ， 打车 10 块钱 ，
HUM_cat-hotel_pol-POS_tokenise, 870	一定 要 去 的 。 另外 ， 在	酒店	的 对面 有 一家 模仿 春园 的 叫做 “ 春远 海鲜 ”
HUM_cat-hotel_pol-POS_tokenise, 873	各种 原因 而 颇为 有些 扫兴 ， 希望	酒店	能 考虑 改进 。 1 ） 可能 是 季节 价格 的 原因
HUM_cat-hotel_pol-POS_tokenise, 873	。 如果 是 这个 价格 住 这样 的	酒店	就 稍感 不 值得 。 2 ） 最后 一天 房间 的 空调
HUM_cat-hotel_pol-POS_tokenise, 873	了 。 只是 稍稍 失去 自己 长期以来 对	酒店	的 好感 ， 很 是 可惜 。 宾馆 反馈 2008 年 4
HUM_cat-hotel_pol-POS_tokenise, 874	更 出色 的 服务 来 回报 您 。	酒店	旁边 的 那条 湖滨 中路 景色 特别 的 美 ， 出差 一般
HUM_cat-hotel_pol-POS_tokenise, 874	， 出差 一般 选择 这里 住 ， 如果	酒店	能 考虑 再次 装修 会 更好 。 6 月 8 日 遗忘
HUM_cat-hotel_pol-POS_tokenise, 875	！ 此次 白云山 庄 的 中餐厅 美食 、	酒店	的 管理 服务 给 我们 留下 了 很 好 的 印象 ，
HUM_cat-hotel_pol-POS_tokenise, 876	。 地理位置 还 不错 ， 比较 好找 ，	酒店	的 早茶 还 不错 。 补充 点评 2008 年 5 月 26
HUM_cat-hotel_pol-POS_tokenise, 877	26 日 ： 写错 了 ， 是 四星级	酒店	房间 还 不错 ， 很 干净 、 水压 很强 ， 这里 讲
HUM_cat-hotel_pol-POS_tokenise, 877	， 这里 讲 的 标间 一般 是 指	酒店	旁边 的 二层 别墅 的 房间 ， 但是 如果 CHECK IN 时
HUM_cat-hotel_pol-POS_tokenise, 877	的 小楼 ， 很 安静 。 特别 称赞	酒店	中餐 点心 ， 可以 打电话 叫 客房 送餐 （ 在 客房 送餐
HUM_cat-hotel_pol-POS_tokenise, 878	张 拿 出来 ， 递到 客人 面前 。	酒店	背山面 湖 ， 地理位置 优越 ， 经营 面积 在 当地 算大 ，
HUM_cat-hotel_pol-POS_tokenise, 878	的 优越性 而言 ， 好象 可 替代 的	酒店	不 多 ， 鉴于 其 地段 和 自然环境 的 优越性 ， 所以
HUM_cat-hotel_pol-POS_tokenise, 879	再 返回 入住, 不知 ctrip 及此 四星	酒店	怎 安排, 白白 损失 两 小时 的 时间. 职员 只
HUM_cat-hotel_pol-POS_tokenise, 879	其他 补偿 (如 在 其他 的 星级	酒店	便会 送 餐卷 或 upgrade 房间 等). 总评: 下次
HUM_cat-hotel_pol-POS_tokenise, 879	. 总评: 下次 会 尝试 其他 的	酒店	. 3 月 12 日 入住 。 价格 方便 ， 在 哈尔
HUM_cat-hotel_pol-POS_tokenise, 880	高 的 ， 而且 是 比较 老 的	酒店	， 设施 比较 的 旧 ， 隔音 的 效果 不好 。 前台
HUM_cat-hotel_pol-POS_tokenise, 881	楼上 也 不错 。 比较而言, 还是 这家	酒店	暖气 好 一些. 地理位置 不错, 闹中取静, 办事 很 方便
HUM_cat-hotel_pol-POS_tokenise, 882	有时候 刚 敲门 马上 就 擅自 进来 ！	酒店	位置 不错 ！ 预订 海景 花园 大酒店 已经 没有 房间 了 ，
HUM_cat-hotel_pol-POS_tokenise, 883	这里 ， 看到 外表 有些 疑惑 ， 因为	酒店	并不大 ， 入住 时 却 得到 了 出乎意料 的 惊喜 ： 前台
HUM_cat-hotel_pol-POS_tokenise, 883	稍差 些 ， 看不到 海景 ， 但是 从	酒店	出来 ， 穿过 马路 一直 向海 走 ， 再 过 一条 马路
HUM_cat-hotel_pol-POS_tokenise, 884	到 会展 公务 的, 所以 选择 此间	酒店	, 环境 清静, 对外 交通 非常 方便. 服务员 热情 有礼
HUM_cat-hotel_pol-POS_tokenise, 884	和 退房 都 很 快捷. 有 一点	酒店	一定 要 尽快 处理 的: 洗手间 如 地上 有水, 非常容易
HUM_cat-hotel_pol-POS_tokenise, 886	豪华 套房 和 豪华 标准 房 ， 感觉	酒店	的 服务 不错 ， 酒店 所有 的 人 的 态度 都 很
HUM_cat-hotel_pol-POS_tokenise, 886	房 ， 感觉 酒店 的 服务 不错 ，	酒店	所有 的 人 的 态度 都 很 好 ！ 豪华 套房 能
HUM_cat-hotel_pol-POS_tokenise, 886	能 预定 尾数 是 18 的 套房 。	酒店	的 早餐 一般 ～ ， 我 在 九江 租 了 自行车 ，
HUM_cat-hotel_pol-POS_tokenise, 886	我 在 九江 租 了 自行车 ， 存在	酒店	， 经理 对此 格外 照顾 ， 就是 觉得 价格 在 九江 没有
HUM_cat-hotel_pol-POS_tokenise, 886	星 ， 其实 设施 不到 4 星 。	酒店	的 健身房 基本上 就是 摆设 ， 而且 还 收费 ～ 。 没有
HUM_cat-hotel_pol-POS_tokenise, 886	年 4 月 17 日 ： 您 对	酒店	挺 了解 的 ， 非常感谢 支持 ！ 我 第一天 晚上 是 在
HUM_cat-hotel_pol-POS_tokenise, 888	咱们 中国 的 体面 。 很 好 的	酒店	， 设施 和 服务 都 让 人 满意 ， 就是 偏远 了
HUM_cat-hotel_pol-POS_tokenise, 889	满意 ， 就是 偏远 了 一点 。 该	酒店	硬件 与 福州 \ 厦门 挂 三 酒店 相比 差不多, 酒店
HUM_cat-hotel_pol-POS_tokenise, 889	酒店 硬件 与 福州 \ 厦门 挂 三	酒店	相比 差不多, 酒店 外围 绿化 环境 比 别的 酒店 要 大
HUM_cat-hotel_pol-POS_tokenise, 889	\ 厦门 挂 三 酒店 相比 差不多,	酒店	外围 绿化 环境 比 别的 酒店 要 大, 停车场 很 宽阔
HUM_cat-hotel_pol-POS_tokenise, 889	差不多, 酒店 外围 绿化 环境 比 别的	酒店	要 大, 停车场 很 宽阔, 最 让 我 满意 的
HUM_cat-hotel_pol-POS_tokenise, 889	宽阔, 最 让 我 满意 的 是	酒店	介绍 的 散客 自驾游 经济 \ 宽松 很 适合 我们 散客 自助
HUM_cat-hotel_pol-POS_tokenise, 889	适合 我们 散客 自助 的 需求 入住 武夷山	酒店	愉快 心情 也 和 这 两天 的 股市 大涨 分不开 的 我
HUM_cat-hotel_pol-POS_tokenise, 889	建议 大家 到 武夷山 可以 考虑 入住 这家	酒店	绝对 超值 的 酒店! 离 海边 很近, 走过场 分钟 就
HUM_cat-hotel_pol-POS_tokenise, 890	可以 考虑 入住 这家 酒店 绝对 超值 的	酒店	! 离 海边 很近, 走过场 分钟 就 到 码头, 可以
HUM_cat-hotel_pol-POS_tokenise, 890	去 鼓浪屿. 地理位置 非常 好, 从	酒店	出去 走 10 分钟 就 到 注明 的 步行街. 吃 的
HUM_cat-hotel_pol-POS_tokenise, 891	又 有? 清明 一家人 去 了 ，	酒店	在 湿地 公园 的 入口处 附近 ， 环境 非常 好 ， 门前
HUM_cat-hotel_pol-POS_tokenise, 891	在 那里 喝茶 ， 发呆 都 可以 。	酒店	的 饭菜 也 不错 ， 环境 也 可以 ， 就是 价格 贵
HUM_cat-hotel_pol-POS_tokenise, 895	重要 和 有效 。 去 的 时候,	酒店	大厅 和 餐厅 在 装修, 感觉 大厅 有点 挤. 由于
HUM_cat-hotel_pol-POS_tokenise, 896	不过 前台 服务员 态度 好! 入住 时	酒店	的 低层 部分 仍 在 翻新 装修 ， 我 住 的 是
HUM_cat-hotel_pol-POS_tokenise, 896	好 ， 旁边 有 万佳 百货 ， 出	酒店	往西 （ 右 ） 步行 约 20 分钟 就 到 了 福田区
HUM_cat-hotel_pol-POS_tokenise, 896	还是 朋友 去 ， 都 会 推荐 这个	酒店	！ 总体 来说 是 个 性价比 相当 高 的 酒店 ， 从
HUM_cat-hotel_pol-POS_tokenise, 897	总体 来说 是 个 性价比 相当 高 的	酒店	， 从 酒店 外表 到 房间 设施 都 很 不错 ， 通过
HUM_cat-hotel_pol-POS_tokenise, 897	个 性价比 相当 高 的 酒店 ， 从	酒店	外表 到 房间 设施 都 很 不错 ， 通过 携程 预订 还
HUM_cat-hotel_pol-POS_tokenise, 898	怎么 想 的 ， 太 奇怪 了 。	酒店	的 地理位置 距离 地铁 很近 ， 从 火车站 出来 较为 方便 ，
HUM_cat-hotel_pol-POS_tokenise, 899	其它 的 茶水 （ 8 元 ） 。	酒店	位置 不错 ， 设施 比较 齐全 ； 价格 较 高 ， 停车
HUM_cat-hotel_pol-POS_tokenise, 901	能 看到 南湖 ， 很 是 写意 。	酒店	的 服务 也 不错 ， 就是 酒店 的 地毯 看上去 太脏 了
HUM_cat-hotel_pol-POS_tokenise, 901	。 酒店 的 服务 也 不错 ， 就是	酒店	的 地毯 看上去 太脏 了 感觉 还 不错 ， 液晶电视 ， 配有
HUM_cat-hotel_pol-POS_tokenise, 903	挺 好 的, 是 家 不错 的	酒店	, 下个月 去 办事 打算 还 住 那儿. 酒店 装修 有点
HUM_cat-hotel_pol-POS_tokenise, 904	下个月 去 办事 打算 还 住 那儿.	酒店	装修 有点 旧, 房间 还算大, 在 北京 三星 酒店 这个
HUM_cat-hotel_pol-POS_tokenise, 904	旧, 房间 还算大, 在 北京 三星	酒店	这个 价格 还算 不贵, 总体 感觉 还 行! 整体 来说
HUM_cat-hotel_pol-POS_tokenise, 907	。 最后 一天 ， 入住 了 环球 城	酒店	， 感觉 这座 酒店 的 环境 非常 不错 。 由于 匆忙 ，
HUM_cat-hotel_pol-POS_tokenise, 907	入住 了 环球 城 酒店 ， 感觉 这座	酒店	的 环境 非常 不错 。 由于 匆忙 ， 连 相机 都 没
HUM_cat-hotel_pol-POS_tokenise, 907	相机 合影 的 苦恼 时 ， 发觉 有	酒店	的 一名 工作人员 到 海边 来 拍外景 。 于是 我们 请求 他
HUM_cat-hotel_pol-POS_tokenise, 907	居然 给我发 过来 了 。 感觉 环球 城	酒店	这样 的 人性化 服务 ， 谢谢 ！ 酒店 离 机场 较近 ，
HUM_cat-hotel_pol-POS_tokenise, 908	酒店 这样 的 人性化 服务 ， 谢谢 ！	酒店	离 机场 较近 ， 方便 ， 房间 设施 也 不错 ， 工作人员
HUM_cat-hotel_pol-POS_tokenise, 909	街 ， 比较 吵闹 。 非常 不错 的	酒店	， 房间 虽然 不大 但 很 精致 ， 落地 玻璃墙 感觉 视线
HUM_cat-hotel_pol-POS_tokenise, 909	精致 ， 落地 玻璃墙 感觉 视线 宽阔 。	酒店	服务 也 很 到位 ， 客房 服务 也 很 周到 。 购物
HUM_cat-hotel_pol-POS_tokenise, 909	方便 。 下次 去 还 会 选择 该	酒店	。 性价比 很 好 ， 非常 好 的 5 星级 的 酒店
HUM_cat-hotel_pol-POS_tokenise, 910	好 ， 非常 好 的 5 星级 的	酒店	。 公司 协议价 还 比 携程 便宜 很多 。 通过 别人 介绍
HUM_cat-hotel_pol-POS_tokenise, 912	7 月 10 日 入住 的, 因为	酒店	搞 活动, 所以 原 700 多 的 房间 只要 498 元
HUM_cat-hotel_pol-POS_tokenise, 913	， 服务 也 很 及时 周到 。 就是	酒店	大堂 太小 ， 还 大部分 都 被 店铺 占据 ， 周围 也
HUM_cat-hotel_pol-POS_tokenise, 913	没有 什么 绿化 。 不过 作为 商务 性	酒店	， 图 的 是 经济 实惠 ， 也 就 可以 理解 了
HUM_cat-hotel_pol-POS_tokenise, 915	及 房间 配置 基本 达? 非常 喜欢	酒店	的 服务 ， 我 第一次 来 提 了 好多 意见 ， 比如
HUM_cat-hotel_pol-POS_tokenise, 915	。 感到 很 温馨 。 很 喜欢 这家	酒店	。 前台 的 笑容 很 真诚 。 个人感觉 性价比 不是 很 高
HUM_cat-hotel_pol-POS_tokenise, 916	做饭 、 烫 衣服 ， 还有 洗衣机 ，	酒店	挺 干净 ， 设施 也 比较 齐全 。 是 为了 到 西塘
HUM_cat-hotel_pol-POS_tokenise, 918	） 我 在 南宁 最 喜欢 住 的	酒店	, 虽然 说 老 了 点, 但 软环境 还 可以,
HUM_cat-hotel_pol-POS_tokenise, 919	还 不错. 应该 算是 蚌埠 最好 的	酒店	了 。 地点 有点 偏 所以 周围 没太多 餐饮 娱乐场所 ， 但
HUM_cat-hotel_pol-POS_tokenise, 920	星 的话 就 有点 勉强 。 不错 的	酒店	， 服务态度 很 好 ， 环境 好 ， 满意 。 前台 小姐
HUM_cat-hotel_pol-POS_tokenise, 923	。 感觉 只有 三星 的 水平 ， 不过	酒店	前台 的 寄存 服务 还 可以 。 普通 标房 居然 不能 看
HUM_cat-hotel_pol-POS_tokenise, 925	适合 自 驾车者 ， 有 免费 停车场 ，	酒店	的 餐厅 较 好 ， 离 灵隐寺 较近 ， 但 酒店 的
HUM_cat-hotel_pol-POS_tokenise, 925	较 好 ， 离 灵隐寺 较近 ， 但	酒店	的 隔音 不太好 ， 其他 方面 都 可以 。 环境 很 不错
HUM_cat-hotel_pol-POS_tokenise, 928	老公 一致 认为 可以 给 四分. 这个	酒店	地理位置 不错 ， 在 无锡 比较 市中心区 ~ 出行 方便 很 精致
HUM_cat-hotel_pol-POS_tokenise, 929	市中心区 ~ 出行 方便 很 精致 的 藏式	酒店	， 坐落 在 松 赞林寺 旁边 ， 早朝松 赞林寺 再 方便 不过
HUM_cat-hotel_pol-POS_tokenise, 929	旁边 ， 早朝松 赞林寺 再 方便 不过 ；	酒店	服务 挺 周到 ， 房间 很 干净 ， 被褥 十分 舒适 ；
HUM_cat-hotel_pol-POS_tokenise, 929	到 第二天 ， 卓玛会 热 了 端过来 ；	酒店	大堂 旁边 的 精品 柜台 出售 的 藏饰 做工 非常 精美 ，
HUM_cat-hotel_pol-POS_tokenise, 929	也 只能 有 9 折 的 优惠 。	酒店	不好 的 地方 就是 门口 那条 路 还 没 修好 ， 离
HUM_cat-hotel_pol-POS_tokenise, 929	包车 的 要 当心 出租车 司机 漫天要价 。	酒店	不 提供 一次性 拖鞋 包括 洗漱 用品 ， 要 自己 带齐 哦
HUM_cat-hotel_pol-POS_tokenise, 931	早餐 简单 了 些 ． 这次 入住 感觉	酒店	气氛 蛮 浓 ， 早餐 品种 超 “ 丰富 ” ， 意外
HUM_cat-hotel_pol-POS_tokenise, 931	， 意外 的 是 ， 走 的 时候	酒店	有 班车 免费送 我 到 机场 ， 在 车上 “ 金钥匙 ”
HUM_cat-hotel_pol-POS_tokenise, 931	出差 到 瑞安 的 朋友 做个 参考 每日	酒店	发车 ： 6 ： 00AM — 10 ： 00AM 机场 返回 酒店
HUM_cat-hotel_pol-POS_tokenise, 931	： 00AM — 10 ： 00AM 机场 返回	酒店	发车 ： 19 ： 00PM — 21 ： 30PM 机场 返回 上
HUM_cat-hotel_pol-POS_tokenise, 932	河源 。 这回 提前 预订 了 万豪 国际	酒店	2 个 晚上 ， 酒店 真的 没有 令 我们 夫妇 失望 ，
HUM_cat-hotel_pol-POS_tokenise, 932	了 万豪 国际 酒店 2 个 晚上 ，	酒店	真的 没有 令 我们 夫妇 失望 ， 我们 为 自己 的 选择
HUM_cat-hotel_pol-POS_tokenise, 932	约定 的 时间 傍晚 6 点钟 之前 到达	酒店	， 和 酒店 联系 时 ， 酒店 接待处 非常 有礼 和 善解人意
HUM_cat-hotel_pol-POS_tokenise, 932	傍晚 6 点钟 之前 到达 酒店 ， 和	酒店	联系 时 ， 酒店 接待处 非常 有礼 和 善解人意 ， 让 我们
HUM_cat-hotel_pol-POS_tokenise, 932	到达 酒店 ， 和 酒店 联系 时 ，	酒店	接待处 非常 有礼 和 善解人意 ， 让 我们 两 公婆 非常 放心
HUM_cat-hotel_pol-POS_tokenise, 932	地 优哉游哉 地 在 半夜 2 点到 了	酒店	， 酒店 大堂 不 霸气 但 很大 气 ， 前台 设计 不是
HUM_cat-hotel_pol-POS_tokenise, 932	地 在 半夜 2 点到 了 酒店 ，	酒店	大堂 不 霸气 但 很大 气 ， 前台 设计 不是 像 其他
HUM_cat-hotel_pol-POS_tokenise, 932	很大 气 ， 前台 设计 不是 像 其他	酒店	那样 让 客人 站 着 填单 ， 而是 让 我 舒舒服服 地
HUM_cat-hotel_pol-POS_tokenise, 932	说 客家 妹美上 人 心窝.....	酒店	有 主楼 房间 和 别墅 房间 ， 标准 客房 都 在 别墅区
HUM_cat-hotel_pol-POS_tokenise, 932	周末 都 下雨 ， 几顿 饭 都 在	酒店	里 叹 美食 ， 一楼 的 食街 出品 非常 精致 ， 味道
HUM_cat-hotel_pol-POS_tokenise, 932	东西 ， 所以 当晚 半夜 2 点 到达	酒店	时 以为 这里 还是 24 小时 营业 ， 美滋滋 地 想来 个
HUM_cat-hotel_pol-POS_tokenise, 932	非常 满意 了 。 外出 度假 ， 希望	酒店	让 客人 心情愉快 是 首要 的 ， 万豪 做到 了 ， 我们
HUM_cat-hotel_pol-POS_tokenise, 932	情况 不容忽视 ， 我们 住 了 很多 的	酒店	， 基本上 都 存在 着 个 问题 ， 而 我 偏偏 又
HUM_cat-hotel_pol-POS_tokenise, 932	不 积水 、 不 渗水 ， 万豪 国际	酒店	， 除了 渗水 这个 国内 酒店 老大难 问题 ， 其他 的 都
HUM_cat-hotel_pol-POS_tokenise, 932	万豪 国际 酒店 ， 除了 渗水 这个 国内	酒店	老大难 问题 ， 其他 的 都 达 我 标准 了 。 哈哈
HUM_cat-hotel_pol-POS_tokenise, 932	我 标准 了 。 哈哈 ！ 或许 希望	酒店	能 在 别墅区 里 设置 有 一张 大床 的 房间 类型 ，
HUM_cat-hotel_pol-POS_tokenise, 935	就是 这样 的 条件 了, 如果 整个	酒店	档次 要 提高 必须 重新 装修 的. 定 济南 酒店 之前
HUM_cat-hotel_pol-POS_tokenise, 936	提高 必须 重新 装修 的. 定 济南	酒店	之前 看 大家 的 点评 ， 山东 大厦 好评 最 多 ，
HUM_cat-hotel_pol-POS_tokenise, 937	排水口 在 水流 冲击 时会 散发 霉味 。	酒店	也 推出 套票 ， 内容 与 携程 相同 。 携程 套票 价格
HUM_cat-hotel_pol-POS_tokenise, 937	用 了 抵用券 ， 携程 豪华 房 与	酒店	高级 房 套票 价格 一样 。 SPA 房 环境 不错 ， 有
HUM_cat-hotel_pol-POS_tokenise, 937	3 小时 ， 比 SPA 超值 许多 。	酒店	游乐 项目 丰富 ， 观光 电梯 不错 ， 人工 沙滩 有 特色
HUM_cat-hotel_pol-POS_tokenise, 937	脚踏船 一个 小时 都 不能 走个 来回 。	酒店	服务 尚可 ， 服务 人员 有 礼貌 。 房间 很 失望 ，
HUM_cat-hotel_pol-POS_tokenise, 937	豆角 、 椒盐 骨 ！ 总之 ， 托	酒店	和 携程 的 福 ， 三天 两晚 端午 假期 过 的 较
HUM_cat-hotel_pol-POS_tokenise, 937	玩法 丰富 不 枯燥 ， 还 吃 到	酒店	送 的 粽子 。 PS. 酒店 一至 三楼 的 楼梯 有点
HUM_cat-hotel_pol-POS_tokenise, 937	到 酒店 送 的 粽子 。 PS.	酒店	一至 三楼 的 楼梯 有点 绕 ， 要 有 耐心 ， 哈哈
HUM_cat-hotel_pol-POS_tokenise, 937	点评 2008 年 6 月 10 日 ：	酒店	玩法 较 丰富 ， 水上 活动 、 康体 设施 及 摆摊 游戏
HUM_cat-hotel_pol-POS_tokenise, 938	不错 的 短期 悠闲 度假 的 选择 ！	酒店	是 国航 酒店, 入住 可以 累计 国航 里程. 这点 比较
HUM_cat-hotel_pol-POS_tokenise, 938	悠闲 度假 的 选择 ！ 酒店 是 国航	酒店	, 入住 可以 累计 国航 里程. 这点 比较 好. 早晨
HUM_cat-hotel_pol-POS_tokenise, 939	点评 2008 年 2 月 25 日 ：	酒店	的 餐饮 很 不错 ， 没有 提前 预订 ， 所以 只能 做
HUM_cat-hotel_pol-POS_tokenise, 941	住 的 。 福州 目前 最 顶级 的	酒店	. 不过 豪华 阁 的 服务 感觉 比 两年 多前 刚 开业
HUM_cat-hotel_pol-POS_tokenise, 942	, 心里 顿升 感动. 一家 4 星级	酒店	, 豪华 房 价格不菲, 房间 太小 气. 酒店 的 服务
HUM_cat-hotel_pol-POS_tokenise, 942	豪华 房 价格不菲, 房间 太小 气.	酒店	的 服务 到 还 算 不错, 因为 豪华 无烟 房 非常少
HUM_cat-hotel_pol-POS_tokenise, 943	住 喜来登 之类 的 5 星 饭店.	酒店	位置 不错 ， 近 皇岗 口岸 ， 房间 也 还好 ， 床
HUM_cat-hotel_pol-POS_tokenise, 945	舒适 。 打印 很 贵 住 过 不少	酒店	， 但是 从来 没有 上来 评价 过 ， 这次 入住 海景 实在
HUM_cat-hotel_pol-POS_tokenise, 945	胃肠炎 ， 大清早 要 去 医院 吊水 ，	酒店	派 了 专人 陪同 。 小姑娘 提了 一个 很重 的 袋子 ，
HUM_cat-hotel_pol-POS_tokenise, 945	， 是因为 要 等 快点 完 了 叫	酒店	派 车 过来 接 。 回到 酒店 没 超过 5 分钟 ，
HUM_cat-hotel_pol-POS_tokenise, 945	叫 酒店 派 车 过来 接 。 回到	酒店	没 超过 5 分钟 ， 粥 就 送到 房间 了 — —
HUM_cat-hotel_pol-POS_tokenise, 950	不错 ， 我 住 过 的 最好 的	酒店	， 有家 的 感觉 。 让 我 抱怨 ， 天 啊 ！
HUM_cat-hotel_pol-POS_tokenise, 951	我 睡 得 着 觉 啊 这 间	酒店	真的 很 不错 ， 回来 后 我 有 强烈 向 同事 推荐
HUM_cat-hotel_pol-POS_tokenise, 951	同事 推荐 这 间 ． 推荐 我订 这间	酒店	的 朋友 也 是 经常 住 这间 的 。 出门 右边 有
HUM_cat-hotel_pol-POS_tokenise, 951	出门 右边 有 间 鞋店 款式 不错 ．	酒店	里 有 免费 的 饮料 （ 每天 ８ 瓶 ） ， 还有
HUM_cat-hotel_pol-POS_tokenise, 951	购物 休闲 商务 都 非常 方便 的 一间	酒店	！ 唯一 美中不足 的 是 ， 在 酒店 房间 里 没什么 景色
HUM_cat-hotel_pol-POS_tokenise, 951	酒店 ！ 唯一 美中不足 的 是 ， 在	酒店	房间 里 没什么 景色 可以 看 ， 都 是 外面 破破烂烂 的
HUM_cat-hotel_pol-POS_tokenise, 951	行 真的 很值 回 票价 ， 这 间	酒店	也 另 我 的 行程 增色 不少 ． 宾馆 反馈 2008 年
HUM_cat-hotel_pol-POS_tokenise, 952	， 期待 着 您 的 再次 光临 ！	酒店	的 外 、 内部 环境 还是 很 不错 的 ， 服务生 的
HUM_cat-hotel_pol-POS_tokenise, 953	洗澡 ， 只能 硬挺 着 洗 冷水 。	酒店	服务员 告诉 我 锅炉 坏 了 ， 狂晕 ！ 3. 服务
HUM_cat-hotel_pol-POS_tokenise, 953	耐心 细致 的 答复 ； 4. 相对	酒店	的 设施 ， 价格 偏高 。 对 该 酒店 总体 感觉良好 ，
HUM_cat-hotel_pol-POS_tokenise, 954	的 设施 ， 价格 偏高 。 对 该	酒店	总体 感觉良好 ， 以后 再 到 临安 还 可以 入住 该 酒店
HUM_cat-hotel_pol-POS_tokenise, 954	以后 再 到 临安 还 可以 入住 该	酒店	。 建议 酒店 在 安排 两间 以上 客人 房间 时 ， 南北朝
HUM_cat-hotel_pol-POS_tokenise, 954	临安 还 可以 入住 该 酒店 。 建议	酒店	在 安排 两间 以上 客人 房间 时 ， 南北朝 向 搭配 好
HUM_cat-hotel_pol-POS_tokenise, 955	在 潮州 可能 也 找 不到 更好 的	酒店	了 ， 感觉 不如 白玉兰 。 算是 海口市 比较 好 的 酒店
HUM_cat-hotel_pol-POS_tokenise, 956	不如 白玉兰 。 算是 海口市 比较 好 的	酒店	了 。 处于 市中心 ， 购物 方便 。 服务态度 好 。 保险柜
HUM_cat-hotel_pol-POS_tokenise, 957	没有 厌烦 ， 很 好 的 笑脸 。	酒店	虽小 ， 但 很 温馨 ， 飞机 晚点 半夜 12 点到 ，
HUM_cat-hotel_pol-POS_tokenise, 962	房间 看到 浴室 里面 的 所有 东西 。	酒店	离 地铁 不近 ， 但 附近 巴士 很 方便 ， 从 酒店
HUM_cat-hotel_pol-POS_tokenise, 962	， 但 附近 巴士 很 方便 ， 从	酒店	门口 过 隧道 坐 1A / 9 / 5C 到 尖沙咀 和
HUM_cat-hotel_pol-POS_tokenise, 962	11 块 多 ， 回程 的话 ， 在	酒店	楼下 就是 巴士站 。 购物 的话 ， 在 九龙 寨 城 公园
HUM_cat-hotel_pol-POS_tokenise, 962	的 外资 餐厅 。 总体 来讲 ， 该	酒店	在 香港 的 性价比 算 挺 高 的 ， 值 的 去
HUM_cat-hotel_pol-POS_tokenise, 965	园 的话 ， 推荐 的 肯定 是 这家	酒店	了 ， 环境 不错 的 ， 加上 有 高尔夫球场 ， 绿化 是
HUM_cat-hotel_pol-POS_tokenise, 966	些 ， 还会 再 去 的 。 这个	酒店	感觉 性价比 比较 高. 房间 价格 不算 高, 但 里面
HUM_cat-hotel_pol-POS_tokenise, 966	要是 再 去 周庄 还是 会 选择 这家	酒店	的. 8 月 25 日 入住 ， 硬件 设备 有点 旧
HUM_cat-hotel_pol-POS_tokenise, 969	地方 少 了 点 。 从 机场 到	酒店	大约 25 分钟 ， 37 元 左右 。 酒店 环境 还 不错
HUM_cat-hotel_pol-POS_tokenise, 969	大约 25 分钟 ， 37 元 左右 。	酒店	环境 还 不错 ， 因为 以前 住 过 的 原因 感觉 很
HUM_cat-hotel_pol-POS_tokenise, 969	徒步 到 老虎滩 沿途 风光 非常 美 ！	酒店	可以 卖 到 优惠 的 景点 门票 。 酒店 环境, 房间
HUM_cat-hotel_pol-POS_tokenise, 970	可以 卖 到 优惠 的 景点 门票 。	酒店	环境, 房间 档次 都 很 不错, 服务水平 专业. 住
HUM_cat-hotel_pol-POS_tokenise, 972	了 携程 的 评分 不错 ， 选择 这家	酒店	。 5 月 10 日 入住 电脑 商务 房 ， 服务 非常
HUM_cat-hotel_pol-POS_tokenise, 972	相当 不错 。 下次 一定 还 选择 这家	酒店	。 服务 值得 褒奖 ， 是 见 过 的 国营 酒店 里
HUM_cat-hotel_pol-POS_tokenise, 973	值得 褒奖 ， 是 见 过 的 国营	酒店	里 最好 的 ， 尤其 是 行政 楼层 长兴 阁 ， 贴心
HUM_cat-hotel_pol-POS_tokenise, 973	被 气 晕过去 。 素质 和 环境 和	酒店	本身 相差 太远 ， 吵闹 ， 难吃 ， 奇贵 无比 ， 拿
HUM_cat-hotel_pol-POS_tokenise, 973	到位 ， 和 外面 马路 餐厅 相当 。	酒店	里 两家 中餐厅 外 包 ， 天上人间 也 总会 外 包 ，
HUM_cat-hotel_pol-POS_tokenise, 973	总体 来说 ， 性价比 不错 ， 切记 只选	酒店	自有 的 服务 ， 准 没错 ， 外包 的 别 再 尝试
HUM_cat-hotel_pol-POS_tokenise, 974	宽带 但 依然 是 非常 值 的 。	酒店	服务员 态度 非常 好 。 我 是 自驾车 旅游 。 所以 对于
HUM_cat-hotel_pol-POS_tokenise, 974	。 我 是 自驾车 旅游 。 所以 对于	酒店	稍微 偏离 市区 无所谓 的 。 不过 上 高速 特别 方便 。
HUM_cat-hotel_pol-POS_tokenise, 974	不过 上 高速 特别 方便 。 总之 这个	酒店	是 去 黄山 旅游 人 的 上佳 入住 点 。 不过 回来
HUM_cat-hotel_pol-POS_tokenise, 974	上佳 入住 点 。 不过 回来 后 发现	酒店	的 140 元 房间 突然 就 无法 预定 了 。 不 知道
HUM_cat-hotel_pol-POS_tokenise, 974	是 为什么 ？ 有点 是 肯定 的 ，	酒店	的 入住率 很 低 的 。 我 上 礼拜 去 的 时候
HUM_cat-hotel_pol-POS_tokenise, 974	的 时候 入住率 不到 60 % 。 难道	酒店	觉得 没钱 赚 所以 取消 了 ？ 如果 是 这样的话 ， 那
HUM_cat-hotel_pol-POS_tokenise, 974	不 应该 了 。 这样 也 会 影响	酒店	的 信誉 的 。 这 是 我 出门 住 过 的 性价比
HUM_cat-hotel_pol-POS_tokenise, 975	我 出门 住 过 的 性价比 最高 的	酒店	了 ～ ～ ～ 服务 很 好 ， 房间 也 没 漂亮
HUM_cat-hotel_pol-POS_tokenise, 975	就是 滨河路 的 景色 ～ 美中不足 的 就是	酒店	大概 有 KTV 包房 ， 晚上 12 点前 在 房间 里 都
HUM_cat-hotel_pol-POS_tokenise, 976	的 感觉 ， 在 北京 这个 价格 的	酒店	中 ， 服务 算 还 不错 的 每次 都 住 套房 ，
HUM_cat-hotel_pol-POS_tokenise, 977	是 公务 ， 没 时间 好好 去 感受	酒店	的 服务 了 ． 房子 还 凑合 ， 但是 硬件 不行 ，
HUM_cat-hotel_pol-POS_tokenise, 978	， 但是 硬件 不行 ， 不象 4 星	酒店	， 服务 还 可以 酒店 还是 非常 的 不错 ， 我 预定
HUM_cat-hotel_pol-POS_tokenise, 979	不象 4 星 酒店 ， 服务 还 可以	酒店	还是 非常 的 不错 ， 我 预定 的 是 套间 ， 服务
HUM_cat-hotel_pol-POS_tokenise, 979	非常 快 。 顺便 提 一句 ， 这个	酒店	三楼 是 一个 高级 KTV ， 里面 的 服务 小姐 非常 的
HUM_cat-hotel_pol-POS_tokenise, 980	， 其实 以 携程 的 订 房量 就是	酒店	最大 的 协议 客户 了 ， 价格 应该 最低 才 对 ，
HUM_cat-hotel_pol-POS_tokenise, 980	最低 才 对 ， 让利 客户 。 中信	酒店	是 不错 的 ， 环境 ， 房间 都 可以 。 安亭 路
HUM_cat-hotel_pol-POS_tokenise, 981	安亭 路 是 很小 的 一条 马路 ，	酒店	也 算是 闹中取静 了 ， 花园 洋房 非常 有 特色 。 宝晖
HUM_cat-hotel_pol-POS_tokenise, 982	， 花园 洋房 非常 有 特色 。 宝晖	酒店	离 机场 比较 近 ， 不用 到 罗湖 一带 找 酒店 了
HUM_cat-hotel_pol-POS_tokenise, 982	比较 近 ， 不用 到 罗湖 一带 找	酒店	了 酒店 大堂 和 餐厅 等 装璜 都 挺 漂亮 的 ，
HUM_cat-hotel_pol-POS_tokenise, 982	， 不用 到 罗湖 一带 找 酒店 了	酒店	大堂 和 餐厅 等 装璜 都 挺 漂亮 的 ， 很 有
HUM_cat-hotel_pol-POS_tokenise, 982	着 大 包小包 更是 不 方便 。 很多	酒店	是 拔掉 房卡 后 有 10 秒 到 甚至 一分钟 的 延迟
HUM_cat-hotel_pol-POS_tokenise, 983	吃 的 来 是 走不动 了 哈哈 ，	酒店	有 班车 直接 到 香港 的 ， 不错 哦 房间 大小 合适
HUM_cat-hotel_pol-POS_tokenise, 985	， 我 和 JF 住 了 两天 。	酒店	没有 那么 难 找 ， 虽然 在 铜锣湾 我们 问 了 几个
HUM_cat-hotel_pol-POS_tokenise, 985	香港 人 ， 他们 都 不 知道 珀丽	酒店	， 还好 从 铜锣湾 地铁站 的 F 出口 出来 ， 我 就
HUM_cat-hotel_pol-POS_tokenise, 985	F 出口 出来 ， 我 就 望 到	酒店	高 楼上 的 LOGO 了 ， 所以 找 酒店 没有 花 很多
HUM_cat-hotel_pol-POS_tokenise, 985	高 楼上 的 LOGO 了 ， 所以 找	酒店	没有 花 很多 功夫 。 不过 酒店 周围 有 很多 天桥 ，
HUM_cat-hotel_pol-POS_tokenise, 985	找 酒店 没有 花 很多 功夫 。 不过	酒店	周围 有 很多 天桥 ， JF 着 拖 行李箱 爬 台阶 可
HUM_cat-hotel_pol-POS_tokenise, 985	拖 行李箱 爬 台阶 可 累坏 了 。	酒店	态度 还 可以 ， 香港 人 都 很 有 礼貌 的 ，
HUM_cat-hotel_pol-POS_tokenise, 985	， 二 个人 一共 才 八九十 元 。	酒店	位置 还是 可以 的 ， 闹中取静 ， 步行 到 铜锣湾 SOGO 和
HUM_cat-hotel_pol-POS_tokenise, 985	方便 。 要 提醒 大家 的 是 ，	酒店	入住 要 付 押金 的 ， 而且 付 押金 不能 用 银联
HUM_cat-hotel_pol-POS_tokenise, 985	还是 可以 的 ， 不过 跟 内地 的	酒店	相比 ， 应该 不够 四星 的 标准 ， 如果 价格 能 再
HUM_cat-hotel_pol-POS_tokenise, 985	， 下次 我 还 会 考虑 选择 该	酒店	入住 的 。 总体 来说 还 可, 主要 是 正好 去
HUM_cat-hotel_pol-POS_tokenise, 987	， 方便. 以后 基本 还是 住 这	酒店	不错 ， 每次 去 中山 出差 都 住 的 这家 。 如果
HUM_cat-hotel_pol-POS_tokenise, 987	都 住 的 这家 。 如果 已经 成为	酒店	的 会员 ， 还会 有 一些 小 礼品 ， 而且 预 授权
HUM_cat-hotel_pol-POS_tokenise, 988	, 当时 定 了 稍 有 出入,	酒店	也 及时 进行 了 调整, 不错 不错 酒店 的 基本 设施
HUM_cat-hotel_pol-POS_tokenise, 989	也 及时 进行 了 调整, 不错 不错	酒店	的 基本 设施 一般 ， 但 服务态度 确实 很 不错 ， 房间
HUM_cat-hotel_pol-POS_tokenise, 990	步行街 也 就 三站 地 ， 值得 入住	酒店	服务 非常 好 ， 房间 还 可以 ， 总之 比较满意 啦 ！
HUM_cat-hotel_pol-POS_tokenise, 993	好 算啦 ～ 在 香港 一直 住 粤海	酒店	， 听说 上海 粤海 酒店 是 一家 五星级 的 酒店 ， 所以
HUM_cat-hotel_pol-POS_tokenise, 993	一直 住 粤海 酒店 ， 听说 上海 粤海	酒店	是 一家 五星级 的 酒店 ， 所以 这次 来 上海 就 想到
HUM_cat-hotel_pol-POS_tokenise, 993	听说 上海 粤海 酒店 是 一家 五星级 的	酒店	， 所以 这次 来 上海 就 想到 来 住 一下 上海 的
HUM_cat-hotel_pol-POS_tokenise, 993	就 想到 来 住 一下 上海 的 粤海	酒店	， 通过 携程网 搜索 到 价格 ， 感觉 价格 挺 适中 。
HUM_cat-hotel_pol-POS_tokenise, 993	价格 ， 感觉 价格 挺 适中 。 一进	酒店	， 大堂 宽敞明亮 ， 感觉 很 舒服 。 我 住 的 是
HUM_cat-hotel_pol-POS_tokenise, 994	上海 我 也 会 推荐 住 粤海 。	酒店	在 开发区 口 上 ， 正好 是 出差 在 开发区 办事 。
HUM_cat-hotel_pol-POS_tokenise, 994	质量 还 可以 ， 开发区 有 这样 的	酒店	很 满足 了 。 就是 早餐 质量 有待 改善 ， 便宜 是
HUM_cat-hotel_pol-POS_tokenise, 995	没什么 可以 吃 的 。 我 喜欢 这个	酒店	， 因为 那里 有 笑容 ！ 因为 方便 ！ 因为 价格合理 ！
HUM_cat-hotel_pol-POS_tokenise, 998	感觉 不错 。 离 杭州 不少 路,	酒店	特别 是 晚上 不好 找, 游乐 项目 不 多 宾馆 反馈
HUM_cat-hotel_pol-POS_tokenise, 998	反馈 2007 年 3 月 5 日 ：	酒店	已 增加 了 园区 内 电瓶车 观光 游览 、 垂钓 、 各种
HUM_cat-hotel_pol-POS_tokenise, 1000	室内 温度 上升 到 26 度, 问	酒店	的 服务中心, 她们 说 由于 外面 的 天气 比较 冷 (
HUM_cat-hotel_pol-POS_tokenise, 1000	睡?! 最后 得来 的 答案 是	酒店	方面 是 不肯 开冷 空调 的 了, 就 拿 了 一把
HUM_cat-hotel_pol-POS_tokenise, 1002	不过 打车 还 比较 方便 。 不错 的	酒店	~ ~ 相当 的 安静 ~ ~ 该 酒店 的 地理位置 很
HUM_cat-hotel_pol-POS_tokenise, 1003	~ ~ 相当 的 安静 ~ ~ 该	酒店	的 地理位置 很 不错 （ 出门 左拐 就是 漕宝路 ） ， 出门
HUM_cat-hotel_pol-POS_tokenise, 1003	尊敬 的 宾客 ： 您好 ！ 感谢您 给予	酒店	这么 高 的 评价 ， 酒店 会 以此 激励 每位 员工 做
HUM_cat-hotel_pol-POS_tokenise, 1003	感谢您 给予 酒店 这么 高 的 评价 ，	酒店	会 以此 激励 每位 员工 做 的 更好 ， 您 的 评价
HUM_cat-hotel_pol-POS_tokenise, 1006	新 很 干净, 交通 也 算 方便	酒店	离 兰桂坊 和 soho 美食 区 比较 近 。 酒店 门口 有
HUM_cat-hotel_pol-POS_tokenise, 1006	兰桂坊 和 soho 美食 区 比较 近 。	酒店	门口 有 直达 巴士 到 铜锣湾 。 在 半山 高尚 地段 算是
HUM_cat-hotel_pol-POS_tokenise, 1006	在 半山 高尚 地段 算是 性价比 不错 的	酒店	了 。 环境 ， 服务 都 不错 ， 但 设施 确实 有点
HUM_cat-hotel_pol-POS_tokenise, 1007	奥运会 火炬 传递 工作组 的 包下来 了 ，	酒店	把 我们 免费 升级 到 贵宾楼 ， 那边 真的 很 不错 。
HUM_cat-hotel_pol-POS_tokenise, 1008	女士 楼层 ， 住 过 这么 多 的	酒店	， 第一次 听说 有 专门 的 女士 楼层 ， 觉得 挺 有
HUM_cat-hotel_pol-POS_tokenise, 1010	一般 ， 入住 时 感觉 房间 很潮 ，	酒店	内 吃饭 的 地方 太 少 。 位置 非常 好 ， 就
HUM_cat-hotel_pol-POS_tokenise, 1011	手续 均 办 了 半个 小时 以上 。	酒店	房间 还 比较 干净 ， 没有 中央空调 ， 手动 空调 ， 呵呵
HUM_cat-hotel_pol-POS_tokenise, 1011	中央空调 ， 手动 空调 ， 呵呵 。 该	酒店	胜 在 环境 和 位置 。 非常感谢 携程 的 服务 。 因为
HUM_cat-hotel_pol-POS_tokenise, 1012	位置 。 非常感谢 携程 的 服务 。 因为	酒店	与 携程 之间 的 优惠活动 ， 才 有 这样 440 元 可以
HUM_cat-hotel_pol-POS_tokenise, 1012	这样 的 非常 实惠 的 价格 。 而且	酒店	的 服务 也 很 到位 。 将近 半个 月 的 入住 ，
HUM_cat-hotel_pol-POS_tokenise, 1012	印象 。 虽然 以前 也 住 过 该	酒店	， 但 住 的 是 不同 的 房型 ， 这次 的 评语
HUM_cat-hotel_pol-POS_tokenise, 1013	适用 于 17 楼 的 豪华 房间 。	酒店	离 千岛湖 景区 码头 稍微 远 了 点 ， 不过 上杭 千
HUM_cat-hotel_pol-POS_tokenise, 1014	的 时候 已近 24 ： 00 ， 没想到	酒店	还是 保留 了 高层 无烟 房给 我 ， 对于 这 一点 ，
HUM_cat-hotel_pol-POS_tokenise, 1014	这 一点 ， 我 很 满意 也 对	酒店	的 专业 表示 致敬 ， 毕竟 以前 我 遇到 过 很多 所谓
HUM_cat-hotel_pol-POS_tokenise, 1014	； 和 我 住 的 另一家 帝豪 奥运	酒店	比 起来 ， 觉得 房间 稍差 了 些 ； 不过 早上 有
HUM_cat-hotel_pol-POS_tokenise, 1017	供选择 ， 要 不 就 只好 直接 找	酒店	区订 了 。 另外 携程 在 自由 行 攻略 方面 写 的
HUM_cat-hotel_pol-POS_tokenise, 1022	： 感觉 总体 上 不如 鸳飞 大酒店.	酒店	位于 昆明 中心区, 地理位置 不错, 可惜 酒店 服务 有些 差
HUM_cat-hotel_pol-POS_tokenise, 1022	位于 昆明 中心区, 地理位置 不错, 可惜	酒店	服务 有些 差, 第一天 晚上 可能 入住 的 客人 不 多
HUM_cat-hotel_pol-POS_tokenise, 1022	晚上 就 有 了 空调, 不得不 说	酒店	经济 帐作 的 好. 房间 的 床 太 硬, 睡
HUM_cat-hotel_pol-POS_tokenise, 1022	床 太 硬, 睡 的 不好.	酒店	的 早餐 就 如 其他人 评价 一样, 想法 的 难吃.
HUM_cat-hotel_pol-POS_tokenise, 1023	改 9 点 了 。 这个 大 的	酒店	， 关门 时间 说 改 就 改 ， 挺难 接受 的 。
HUM_cat-hotel_pol-POS_tokenise, 1024	还是 不错 的 ， 下次 还会 住 。	酒店	房间 到 是 不错 ， 就是 位置 稍远 了 些 ， 但是
HUM_cat-hotel_pol-POS_tokenise, 1024	， 就是 位置 稍远 了 些 ， 但是	酒店	有 免费 的 班车 可以 直接 把 客人 送到 地铁站 方便 客人
HUM_cat-hotel_pol-POS_tokenise, 1024	出行 ， 不过 要 提醒 大家 要 看	酒店	班车 的 排班 时间 。 01 年间 的 酒店 现在 设施 还
HUM_cat-hotel_pol-POS_tokenise, 1025	班车 的 排班 时间 。 01 年间 的	酒店	现在 设施 还 很 新 啊 。 位置 不错 ， 离 广场
HUM_cat-hotel_pol-POS_tokenise, 1026	以上 。 在 衢州 能住 到 这样 的	酒店	算是 很 不错 了 ， 房间 液晶电视 ， 窗口 看 出去 是
HUM_cat-hotel_pol-POS_tokenise, 1027	比较 紧 ， 只订 到 了 贵宾房 。	酒店	位置 还 算 可以 。 离 火车站 和 夷陵 广场 不算 远
HUM_cat-hotel_pol-POS_tokenise, 1027	医院 下车 就 到 了 。 能 看出	酒店	比较 老 了 （ 89 年 开业 ） ， 卫生间 的 地面
HUM_cat-hotel_pol-POS_tokenise, 1027	时候 前台 有群 客人 在 询问 房间 ，	酒店	已经 没有 房 了 ， 幸亏 是 提前 通过 携程 订好 了
HUM_cat-hotel_pol-POS_tokenise, 1028	水平 的 ， 280 元 不算 亏 。	酒店	硬件 、 服务 均 不错 ， 总体 挺 满意 。 不足 处
HUM_cat-hotel_pol-POS_tokenise, 1029	2. 环境 ： 和 普通 的 三星	酒店	差不多 ， 因为 开业 时间 太久 了 ， 所以 感觉 比较 旧
HUM_cat-hotel_pol-POS_tokenise, 1029	到 （ 起步 费 5 元 ） 。	酒店	附近 有 很多 路 公交车 ， 可 到 墟沟 （ 去 连岛
HUM_cat-hotel_pol-POS_tokenise, 1029	去 旅游 的话 ， 还是 到 墟沟 找	酒店	住 比较 方便 ， 因为 景点 离 那里 近 ， 而且 那里
HUM_cat-hotel_pol-POS_tokenise, 1030	， 有 很多 餐馆 。 还 不错 的	酒店	， 虽然 有些 旧 ， 日方 也 撤资 了 。 可能 南京
HUM_cat-hotel_pol-POS_tokenise, 1030	也 不 大 的 原因 吧 ， 从	酒店	去 新街口 等 地方 都 不远 。 服务 也 很 好 。
HUM_cat-hotel_pol-POS_tokenise, 1033	间 套房 ！ ！ 他们 美死 了 ，	酒店	硬件 设施 超赞 的 ， 我 以后 也 要 去 体验 体验
HUM_cat-hotel_pol-POS_tokenise, 1034	体验 体验 ！ 本人 是 比较 喜欢 这家	酒店	的, 已 是 第二次 入住. 洲际 位置 很 好,
HUM_cat-hotel_pol-POS_tokenise, 1034	海, 星光 大道 旁边. 房间 和	酒店	的 大堂 面海 都 是 落地 大 玻璃窗, 窗外 美景 尽收眼底
HUM_cat-hotel_pol-POS_tokenise, 1037	丽江 某 旅行社 订房 在 香格里拉 大道 某	酒店	， 到达 酒店 后 ， 对 酒店 不 甚 满意 。 出租车
HUM_cat-hotel_pol-POS_tokenise, 1037	订房 在 香格里拉 大道 某 酒店 ， 到达	酒店	后 ， 对 酒店 不 甚 满意 。 出租车 司机 向 我
HUM_cat-hotel_pol-POS_tokenise, 1037	某 酒店 ， 到达 酒店 后 ， 对	酒店	不 甚 满意 。 出租车 司机 向 我 推荐 了 古城 里
HUM_cat-hotel_pol-POS_tokenise, 1037	我 推荐 了 古城 里 的 “ 丽王	酒店	” 、 “ 王府 饭店 ” 、 “ 和 玺 酒店 ”
HUM_cat-hotel_pol-POS_tokenise, 1037	“ 王府 饭店 ” 、 “ 和 玺	酒店	” 。 对比 三家 酒店 ， 和 玺 酒店 更 具有 古朴
HUM_cat-hotel_pol-POS_tokenise, 1037	“ 和 玺 酒店 ” 。 对比 三家	酒店	， 和 玺 酒店 更 具有 古朴 特色 ， 一个个 院落 组成
HUM_cat-hotel_pol-POS_tokenise, 1037	” 。 对比 三家 酒店 ， 和 玺	酒店	更 具有 古朴 特色 ， 一个个 院落 组成 ， 鸟语花香 ， 令人
HUM_cat-hotel_pol-POS_tokenise, 1037	， 鸟语花香 ， 令人 陶醉 。 其它 两个	酒店	都 是 大院 。 房间 相对 较差 。 遗憾 的 是 到
HUM_cat-hotel_pol-POS_tokenise, 1037	第二 清晨 ， 花 香味 + 鸟叫声 +	酒店	播放 的 古筝 音乐 + 丽江 的 碧空 万里无云 。 构成 了
HUM_cat-hotel_pol-POS_tokenise, 1037	。 2 、 来丽 之前 听说 丽江 好多	酒店	同比 其它 城市 的 酒店 都 比较 弱 ， 比较 差 。
HUM_cat-hotel_pol-POS_tokenise, 1037	听说 丽江 好多 酒店 同比 其它 城市 的	酒店	都 比较 弱 ， 比较 差 。 但 住 在 这家 酒店
HUM_cat-hotel_pol-POS_tokenise, 1037	， 比较 差 。 但 住 在 这家	酒店	不 觉得 ， 还 真让人 耳目一新 ， 独特 风格 的 小院 ，
HUM_cat-hotel_pol-POS_tokenise, 1037	的 服务员 ， 很 不错 。 3 、	酒店	很 有 特色 ， 环境 舒适 ， 服务 一流 ， 漫步 在
HUM_cat-hotel_pol-POS_tokenise, 1037	特向 去 丽江 的 朋友 们 推荐 该	酒店	。 4 、 感觉 不错 ， 二层 小楼 ， 很 干净 ，
HUM_cat-hotel_pol-POS_tokenise, 1037	， 比有 的 五星 感觉 都 好 ，	酒店	保安 随处可见 ， 很 有 安全感 。 5 、 酒店 在 古城
HUM_cat-hotel_pol-POS_tokenise, 1037	随处可见 ， 很 有 安全感 。 5 、	酒店	在 古城 里 ， 环境 ， 位置 都 不错 ， 硬件 条件
HUM_cat-hotel_pol-POS_tokenise, 1037	方面 方便 ， 值得 一住 。 6 、	酒店	全是 木质 结构 建筑 ， 很漂亮 ， 干净 清爽 ， 服务 人员
HUM_cat-hotel_pol-POS_tokenise, 1037	8 、 在 订 房时 看到 网上 说	酒店	早餐 很次 ， 用餐 下来 不 觉得 呀 ， 早餐 种类 很全
HUM_cat-hotel_pol-POS_tokenise, 1037	跟本 不 像 网上 所说 ， 不知 还是	酒店	早餐 已 改进 呢 。 房间 挺舒服 的 ， 有 保险箱 、
HUM_cat-hotel_pol-POS_tokenise, 1038	插销 没有 了 ， 最 不好 的 就是	酒店	管理 有 问题 ， 退房 时说 缺 了 毛巾 ， 后来 核实
HUM_cat-hotel_pol-POS_tokenise, 1038	月 17 日 ： 首先 感谢您 对 我们	酒店	提出 的 意见 。 冰箱 有 冷热 两用 功能 ， 打开 热
HUM_cat-hotel_pol-POS_tokenise, 1039	海内外 宾客 的 光临! 很 好 的	酒店	, 广交会 期间 价格 也 合理. 早餐 很 好. 网络
HUM_cat-hotel_pol-POS_tokenise, 1039	被 电讯 控制 上传, 莫名其妙. 和	酒店	反映 情况, 态度 很 好 就是 不 解决问题. 对 商务
HUM_cat-hotel_pol-POS_tokenise, 1040	少 了 ， 居然 没有 煎蛋 。 星级	酒店	里 很少 碰见 。 房间 有 异味 。 打扫 不够 彻底 。
HUM_cat-hotel_pol-POS_tokenise, 1042	想到 在 市区 里会 有 这样 花园式 的	酒店	， 处处 绿萌 盈盈 。 5 号楼 在 最 里面 ， 应该
HUM_cat-hotel_pol-POS_tokenise, 1042	通风 ， 所以 屋内 的 空气 是 一般	酒店	里 难得 的 清新 。 地理位置 离 乐山 在 佛 也 不远
HUM_cat-hotel_pol-POS_tokenise, 1043	， 年轻人 应该 很 喜欢 。 4.	酒店	位置 属于 长沙市 偏南 了 ， 不 属于 市中心 ， 交通路线 不少
HUM_cat-hotel_pol-POS_tokenise, 1044	办法 ， 这 已经 是 当地 最好 的	酒店	了 。 我 从 06 年 开始 几乎 每月 都 有 一次
HUM_cat-hotel_pol-POS_tokenise, 1045	每月 都 有 一次 出差 ， 山西 很多	酒店	都 住 过 了 ， 印象 最深 的 就是 三晋 国际 ，
HUM_cat-hotel_pol-POS_tokenise, 1045	交通 大厦 的 ， 下面 我 对 这些	酒店	做个 最 真实 、 准确 地 点评 ： 三晋 国际 — —
HUM_cat-hotel_pol-POS_tokenise, 1045	是 我 认为 最 让 太原市 骄傲 的	酒店	， 我们 衡量 一个 酒店 的 最 直接 的 就是 你 能够
HUM_cat-hotel_pol-POS_tokenise, 1045	太原市 骄傲 的 酒店 ， 我们 衡量 一个	酒店	的 最 直接 的 就是 你 能够 得到 什么 服务 ， 在
HUM_cat-hotel_pol-POS_tokenise, 1045	你 能够 得到 什么 服务 ， 在 这家	酒店	里 ， 我 感觉 到 了 家 一般 的 照顾 ， 第一次
HUM_cat-hotel_pol-POS_tokenise, 1045	我 ， 其实 这 也 不 完全 是	酒店	的 错 ， 但是 从那以后 ， 我 发现 每个 房间 浴室 都
HUM_cat-hotel_pol-POS_tokenise, 1045	当然 我 也 有 建议 ： 1 、	酒店	的 被子 能否 换厚 一点 的 ， 冬天 冷 啊 ； 2
HUM_cat-hotel_pol-POS_tokenise, 1045	的 电话 打 不 进来 ， 可能 是	酒店	为了 安全 考虑 吧 ， 但 还是 希望 能够 有 外线 拨入
HUM_cat-hotel_pol-POS_tokenise, 1045	五星级 是 谁 给 的 评价 ？ ！	酒店	一般 ， 还 不如 华苑 宾馆 ， 无法 容忍 的 是 ，
HUM_cat-hotel_pol-POS_tokenise, 1045	我 。 交通 大厦 — — 噩梦般 的	酒店	， 我 再也不会 住 了 ！ ！ 隔音 效果 太 差 ，
HUM_cat-hotel_pol-POS_tokenise, 1045	真差 啊 ， 郁闷 ！ 太原 还有 好多	酒店	， 可能 我 不会 一一 住 到 ， 但 还是 希望 所有
HUM_cat-hotel_pol-POS_tokenise, 1045	住 到 ， 但 还是 希望 所有 的	酒店	都 能够 像 三晋 国际 一样 ， 给 山西人 长脸 ！ 总的来说
HUM_cat-hotel_pol-POS_tokenise, 1048	餐厅 的 菜价 挺贵 的 ， 还有 就是	酒店	商场 的 商品 个个 都 是 暴利 ， 我们 这里 一包 中华
HUM_cat-hotel_pol-POS_tokenise, 1049	就 好多 了 。 房间 临街 不吵 。	酒店	的 资助 晚餐 便宜 美味 有 很多 海鲜 ， 物超所值 。 补充
HUM_cat-hotel_pol-POS_tokenise, 1049	2008 年 1 月 2 日 ： 这家	酒店	我 经常 入住 。 在 开发区 范围 内 是 性价比 最好 的
HUM_cat-hotel_pol-POS_tokenise, 1050	性价比 最好 的 了 。 作为 经济型 连锁	酒店	， 我 觉得 锦江 之星 要 比如 家 、 莫泰 等 高出一筹
HUM_cat-hotel_pol-POS_tokenise, 1050	元 的 早餐 算 丰富 的 。 整个	酒店	的 色泽 和 基调 看着 舒服 ， 如家 就 土点 。 前台
HUM_cat-hotel_pol-POS_tokenise, 1052	， 还是 一家 性价比 较 比较 高 的	酒店	了 。 但 如果 没有 车 ， 不 推荐 住 这家 酒店
HUM_cat-hotel_pol-POS_tokenise, 1052	如果 没有 车 ， 不 推荐 住 这家	酒店	。 我们 是 一路 问 过去 的 。 路标 还 算 可以
HUM_cat-hotel_pol-POS_tokenise, 1053	时 ， 房间 还 未 打扫 ， 和	酒店	人员 反应 ， 马上 处理 了 。 房 内 设施 应该 只
HUM_cat-hotel_pol-POS_tokenise, 1053	月 27 日 ： 现在 正值 旺季 ，	酒店	的 入住率 较 高 ， 所以 出现 了 上述情况 ， 我们 对此
HUM_cat-hotel_pol-POS_tokenise, 1053	了 上述情况 ， 我们 对此 表示歉意 。 目前	酒店	已 制订 了 一系列 的 相关 措施 ， 以 保证 旺季 能
HUM_cat-hotel_pol-POS_tokenise, 1053	您 下次 有 机会 能 再次 入住 我们	酒店	。 非常 不错 的 酒店 。 宽带 免费 ， 早餐 还有 武汉
HUM_cat-hotel_pol-POS_tokenise, 1054	再次 入住 我们 酒店 。 非常 不错 的	酒店	。 宽带 免费 ， 早餐 还有 武汉 特产 的 热干面 和 豆皮
HUM_cat-hotel_pol-POS_tokenise, 1055	总体 感觉 不错 ， 位置 闹中取静 ， 走出	酒店	斜对面 就是 “ 桥香圆 ” 米线 ， 房间 设施 可以 ， 服务
HUM_cat-hotel_pol-POS_tokenise, 1056	不是 很 舒服 ， 转身 会响 的 。	酒店	的 地理位置 不错, 出门 就是 公园, 就是 房间 偏小,
HUM_cat-hotel_pol-POS_tokenise, 1058	住 宛平 。 这是 一家 非常 不错 的	酒店	， 物有所值 ， 环境 非常 好 ， 前台 看见 我 是 2
HUM_cat-hotel_pol-POS_tokenise, 1062	服务 比 在 街上 找 出租车 便宜 3	酒店	内部 环境 很 美 4 我 住 的 房间 出门 就 可以
HUM_cat-hotel_pol-POS_tokenise, 1064	公司 来 天津 出差 都 是 入住 这个	酒店	! 价格 在 这个 地段 属于 适中, 附近 有 早餐 店
HUM_cat-hotel_pol-POS_tokenise, 1066	有 几个 问题 想 说 说 ： 一是	酒店	门口 的 服务生 太 冷漠 ， 形同虚设 ， 我 到 酒店 那天
HUM_cat-hotel_pol-POS_tokenise, 1066	服务生 太 冷漠 ， 形同虚设 ， 我 到	酒店	那天 早上 下雨 ， 东西 很多 ， 打车 去 的 时候 他们
HUM_cat-hotel_pol-POS_tokenise, 1066	帮 客人 拿 一下 东西 吧 。 二是	酒店	前台 通知 不 及时 ， 我 那天 入住 的 时候 说 是
HUM_cat-hotel_pol-POS_tokenise, 1066	后来 没有 通知 我 ， 第二天 我 回	酒店	就 发现 门 打不开 了 ， 打电话 问 了 才 告诉 我
HUM_cat-hotel_pol-POS_tokenise, 1066	人性化 ， 希望 能 改进 。 另外 ，	酒店	的 行李 寄存 服务 很 好 ， 环境 也 很 好 ，
HUM_cat-hotel_pol-POS_tokenise, 1070	服务 也 很 周到 很 一般 的 四星级	酒店	. 环境 不错. 房间 实在 不怎么样. 服务 还行. 主要
HUM_cat-hotel_pol-POS_tokenise, 1072	实惠 的 价格 来 吸引 人 的 。	酒店	五一 期间 不 对外 打折 ， 经过 电话 咨询 后 ， 酒店
HUM_cat-hotel_pol-POS_tokenise, 1072	对外 打折 ， 经过 电话 咨询 后 ，	酒店	和 携程 沟通 后 放开 了 空余 房间 ， 我们 顺利 的
HUM_cat-hotel_pol-POS_tokenise, 1072	我们 顺利 的 预定 了 二间 房间 。	酒店	硬件 还 不错 ， 但床 不是 很 舒适 的 那种 。 可能
HUM_cat-hotel_pol-POS_tokenise, 1072	当时 已经 到 太原 了 ， 电话 联系	酒店	大堂 副理 （ 男 的 ） ， 对话 里 对话 先是 推托
HUM_cat-hotel_pol-POS_tokenise, 1074	可以 说 是 东莞 最好 最 方便 的	酒店	。 经常 出差 ， 入住 同一个 酒店 次数 多 了 就 会
HUM_cat-hotel_pol-POS_tokenise, 1074	的 酒店 。 经常 出差 ， 入住 同一个	酒店	次数 多 了 就 会 腻 ， 而 东城 入住 了 十多次
HUM_cat-hotel_pol-POS_tokenise, 1076	就是 Ｃ Ｔ Ｒ Ｉ Ｐ 上 的	酒店	优惠价格 现在 优势 不 大 ， 很多 酒店 前台 也 拿 的
HUM_cat-hotel_pol-POS_tokenise, 1076	酒店 优惠价格 现在 优势 不 大 ， 很多	酒店	前台 也 拿 的 到 ， Ｃ Ｔ Ｒ Ｉ Ｐ 的
HUM_cat-hotel_pol-POS_tokenise, 1079	舒适 的 硬件 设施 和 软件 服务 。	酒店	位置 很 好 ， 是 开发区 的 标志性 建筑 。 前台 服务
HUM_cat-hotel_pol-POS_tokenise, 1081	但是 环境 一般 ~ ~ 相对 价钱,	酒店	真的 不错, 交通 方便 入住 了 大王 阁 。 每个 房间
HUM_cat-hotel_pol-POS_tokenise, 1082	好 ， 鸟语花香 啊 ^ ^ 。 但是	酒店	早上 的 早餐 不是 很 好 ， 每天 的 内容 都 差不多
HUM_cat-hotel_pol-POS_tokenise, 1083	差一点 就要 采取 极端 方式 打开: P	酒店	当时 的 团体 客户 多, 所以 临近 假日, 感觉 散户
HUM_cat-hotel_pol-POS_tokenise, 1083	月 10 日 ： 首先 我们 感谢您 对	酒店	提出 宝贵意见 。 酒店 管理层 非常重视 客人 的 每 一条 意见 和
HUM_cat-hotel_pol-POS_tokenise, 1083	首先 我们 感谢您 对 酒店 提出 宝贵意见 。	酒店	管理层 非常重视 客人 的 每 一条 意见 和 建议 ， 总经理 已
HUM_cat-hotel_pol-POS_tokenise, 1083	有关 部门 进行 整改 。 对 您 在	酒店	逗留 期间 的 不 愉快 ， 我们 深表歉意 ， 再 一次 对
HUM_cat-hotel_pol-POS_tokenise, 1084	设计. 周边 的 超市 很多, 奇怪的是	酒店	内 的 商场 很 晚 开门 却 早早 就 关门 了,
HUM_cat-hotel_pol-POS_tokenise, 1084	早早 就 关门 了, 好象 不是 为	酒店	住客 服务 的. 忘 了 说 ， 那边 的 无线 上网
HUM_cat-hotel_pol-POS_tokenise, 1086	自己 房间 上网 舒服 自 在 青山湖 度假	酒店	的 环境 是 第一流 的 ！ 我 已经 住 了 三次 了
HUM_cat-hotel_pol-POS_tokenise, 1086	地方 。 山水 之美 实在 令人难忘 。 只是	酒店	的 设施 有点 老 了 ， 但 还 算 舒适 ！ 酒店
HUM_cat-hotel_pol-POS_tokenise, 1086	老 了 ， 但 还 算 舒适 ！	酒店	餐厅 的 菜式 也 不错 。 总的来说 ， 环境 一流 、 服务
HUM_cat-hotel_pol-POS_tokenise, 1087	因为 之前 住 过 西安 的 馨乐庭 公寓	酒店	， 二个 地方 对比 下来 ， 就 发觉 相差 不少 ， 很多
HUM_cat-hotel_pol-POS_tokenise, 1087	乔丽晶要 自己 试验 ， 这样 对 客人 和	酒店	都 不 方便 ， 万一 客人 不 小心 弄坏了 ， 大家 都
HUM_cat-hotel_pol-POS_tokenise, 1089	挺 好 的 。 不足 的 是 进入	酒店	就 能 闻到 羊 膻味 ， 带 机顶盒 的 电视 很难 操作
HUM_cat-hotel_pol-POS_tokenise, 1090	很小 很 旧 是 很 老 的 一家	酒店	下次 有 机会 来 大东海 的话 应该 不会 选择 这家 酒店 了
HUM_cat-hotel_pol-POS_tokenise, 1090	机会 来 大东海 的话 应该 不会 选择 这家	酒店	了 这家 酒店 唯一 的 优点 是 交通 方便 虽然 是 老
HUM_cat-hotel_pol-POS_tokenise, 1090	的话 应该 不会 选择 这家 酒店 了 这家	酒店	唯一 的 优点 是 交通 方便 虽然 是 老 酒店 但 卫生
HUM_cat-hotel_pol-POS_tokenise, 1090	的 优点 是 交通 方便 虽然 是 老	酒店	但 卫生 做 的 很 好 补充 点评 2007 年 12 月
HUM_cat-hotel_pol-POS_tokenise, 1091	太小 了 很 不错 的 一家 5 星级	酒店	。 房间 也 很 干净 ， 就是 电视 太小 ， 而且 离床
HUM_cat-hotel_pol-POS_tokenise, 1092	一定 会 再 住 。 相当 好 的	酒店	， 很 意外 在 山西 能 有 这种 水准 的 4 星
HUM_cat-hotel_pol-POS_tokenise, 1092	山西 能 有 这种 水准 的 4 星	酒店	， 基本 完美 ， 没想 出有 什么 不好 的 地方 ， 住
HUM_cat-hotel_pol-POS_tokenise, 1094	过于 简单 。 性价比 一般 。 浅尝辄止 。	酒店	服务 非常 好 ， 比金茂君悦 和 浦东 香格里拉 的 新楼 都 好
HUM_cat-hotel_pol-POS_tokenise, 1095	每次 出差 到 北京 都 要 订 这家	酒店	的 ， 对 它 很 满意哦 环境 很 好 ， 花园 很大
HUM_cat-hotel_pol-POS_tokenise, 1097	方便 ， 不错 ， 下次 考虑 再次 入住	酒店	环境 不错 ， 房间 的 设施 及其 他 服务 也 很 到位
HUM_cat-hotel_pol-POS_tokenise, 1097	。 问题 有 这样 几个 ， 其一 ，	酒店	前台 接待 效率 太低 ， 入住 接待 仅为 一人 ， 在 比较忙
HUM_cat-hotel_pol-POS_tokenise, 1097	空着 也 只是 傻 看 。 其二 ，	酒店	提供 给 我 的 浴巾 有 很 明显 的 汗味 ， 当然
HUM_cat-hotel_pol-POS_tokenise, 1097	留在 房里 的 两条 有 异味 的 浴巾	酒店	显得 丝 毫不在意 。 其三 ， 所谓 这样 的 高级 酒店 ，
HUM_cat-hotel_pol-POS_tokenise, 1097	毫不在意 。 其三 ， 所谓 这样 的 高级	酒店	， 中餐厅 的 味道 还 算 不错 的 ， 虽然 价格 高些
HUM_cat-hotel_pol-POS_tokenise, 1097	实在 令人 觉得 差距 太 夸张 ， 和	酒店	的 服务 天壤之别 ， 不但 味道 有待 好好 改善 ， 添菜 的
HUM_cat-hotel_pol-POS_tokenise, 1097	不是 看空 盘子 吃饭 了 。 综上所述 ，	酒店	虽然 总体 还是 不错 的 ， 但 有些 方面 还是 应该 注意
HUM_cat-hotel_pol-POS_tokenise, 1097	， 也 不 愿意 再 入住 你们 的	酒店	的 。 个人 觉得 住 市中心 可能 来 的 更 实惠 ，
HUM_cat-hotel_pol-POS_tokenise, 1099	月 14 日 ： 补充 一点 ， 就是	酒店	在 马路边 ， 不 太安静 。 酒店 环境 、 服务 、 房间
HUM_cat-hotel_pol-POS_tokenise, 1100	就是 酒店 在 马路边 ， 不 太安静 。	酒店	环境 、 服务 、 房间 都 非常 不错 ， 酒店 的 地理位置
HUM_cat-hotel_pol-POS_tokenise, 1100	、 服务 、 房间 都 非常 不错 ，	酒店	的 地理位置 非常 好 ， 是 闹市 ， 走 几步 路 就是
HUM_cat-hotel_pol-POS_tokenise, 1101	， 这个 房价 是 绝对 偏贵 的 。	酒店	客人 的 温泉 票 60 元 ， 但 只能 出入 一次 ，
HUM_cat-hotel_pol-POS_tokenise, 1102	室外 的 那个 。 是 苏州 数一数二 的	酒店	， 位置 不错 ， 早上 还有 很多 出租车 等 客人 ， 很
HUM_cat-hotel_pol-POS_tokenise, 1104	美中不足 ， 打车 很 困难 ， 应该 是	酒店	的 位置 不 理想 的 缘故 先定 的 普通 标间 ， 感觉
HUM_cat-hotel_pol-POS_tokenise, 1105	的 楼栋 ， 环境 要 好 很多 ，	酒店	给 人 整体 感觉 很 平庸 ， 没有 啥 特点 。 第一次
HUM_cat-hotel_pol-POS_tokenise, 1106	很 好 ， 不吐 不快 ， 一来 表扬	酒店	， 二来 为 他人 做 一 介绍 。 本次 入住 主要 感觉
HUM_cat-hotel_pol-POS_tokenise, 1109	更佳. 应该 算是 目前 当地 最好 的	酒店	了 。 但 不可 期望值 过高 。 宾馆 反馈 2008 年 4
HUM_cat-hotel_pol-POS_tokenise, 1109	14 日 ： 满足 您 的 需要 是	酒店	不断 努力 的 目标 。 1 、 酒店 环境 不错 ， 地理位置
HUM_cat-hotel_pol-POS_tokenise, 1110	酒店 不断 努力 的 目标 。 1 、	酒店	环境 不错 ， 地理位置 佳 。 到 十全街 、 凤凰 街 挺
HUM_cat-hotel_pol-POS_tokenise, 1111	性价比 高 ， 下次 还 来 住 。	酒店	挺不错 的 ， 地理位置 佳 ， 交通 方便 ， 房间 也 很大
HUM_cat-hotel_pol-POS_tokenise, 1113	比较 干净 ， 卫生间 设施 较 完备 ，	酒店	附近 交通 比较 方便 。 房间 一般 ， 设施 还 可以 ，
HUM_cat-hotel_pol-POS_tokenise, 1118	面积 很大 ， 卫生间 也 很 不错 ，	酒店	位置 很 好 ， 交通 很 方便 ． 酒店 服务 也 很
HUM_cat-hotel_pol-POS_tokenise, 1118	位置 很 好 ， 交通 很 方便 ．	酒店	服务 也 很 好 ， 我 是 带 着 BABY 去 的
HUM_cat-hotel_pol-POS_tokenise, 1118	我 是 带 着 BABY 去 的 ，	酒店	免费 加 了 一张 小孩 床 ， 并 赠送 了 玩具 熊
HUM_cat-hotel_pol-POS_tokenise, 1118	OUT 也 比较 人性化 ！ 非常 好 的	酒店	， 以后 有 机会 还 住 这里 。 房间 还是 不错 的
HUM_cat-hotel_pol-POS_tokenise, 1119	人来 打扫 房间 ， 住 了 很多 家	酒店	只有 这家 是 这样 的 。 后来 问 了 前台 ， 前台
HUM_cat-hotel_pol-POS_tokenise, 1119	感慨 。 总的来说 五一 还是 很 愉快 。	酒店	人不多 ， 下次 可能 还会 选择 。 我 入住 的 是 商务
HUM_cat-hotel_pol-POS_tokenise, 1120	不 多 ， 没有 逛街 的 地方 。	酒店	附件 并 不是 太 繁华 ！ 房间 不错 ， 虽然 有点 小
HUM_cat-hotel_pol-POS_tokenise, 1122	。 可以 忽略 了 。 好像 跟洪 崖洞	酒店	一个 公司 的 ， 所以 房间 的 风格 比较 接近 ， 就是
HUM_cat-hotel_pol-POS_tokenise, 1122	来说 不错 ， 属于 比较 好 的 三星级	酒店	。 服务 还 可以 ， 房间 好 ， 888888888888888888888888 这是 一家 市政府
HUM_cat-hotel_pol-POS_tokenise, 1127	被忽视 的 床头灯 管 老化 等, 建议	酒店	方面 可以 定期 检修, 等到 顾客 反馈 问题, 就 稍
HUM_cat-hotel_pol-POS_tokenise, 1127	显 被动 了. 祝 携程 旅行网 及汉庭	酒店	越办 越 好! 一家 很 不错 道 酒店 ， 无论 软件
HUM_cat-hotel_pol-POS_tokenise, 1128	越办 越 好! 一家 很 不错 道	酒店	， 无论 软件 硬件 都 比较 理想 ， 离 市区 并 不算
HUM_cat-hotel_pol-POS_tokenise, 1128	重庆 繁华 的 大都市 能住 到 这样 好道	酒店	非常 满意 ， 重要 的 是 价格 也 不贵 。 多次 住
HUM_cat-hotel_pol-POS_tokenise, 1129	。 实际上 在 自贡 也 没有 更 多	酒店	可选 了 。 房间 早餐 都 还 不错 ， 和 价格 成正比
HUM_cat-hotel_pol-POS_tokenise, 1133	住 中州 宾馆 是 最好 的 了 。	酒店	的 地理位置 尚可 ， 顺着 情侣 路 很 容易 找到 。 定
HUM_cat-hotel_pol-POS_tokenise, 1134	还是 比较 有 优势 的 位置 佳 ，	酒店	前面 就是 栈桥 ， 早起 运气 好 的 可以 在 栈桥 上
HUM_cat-hotel_pol-POS_tokenise, 1134	辆车 肯定 能 找到 满意 的 餐厅 。	酒店	走廊 的 小 食品 是 孩子 的 最 爱 ， 不过 大家
HUM_cat-hotel_pol-POS_tokenise, 1135	， 不过 大家 自觉 适量 取用 哦 ！	酒店	的 服务 是 不错 的 ， 但是 硬件 不够 五星 标准 ，
HUM_cat-hotel_pol-POS_tokenise, 1135	再 收费 。 晚上 的 自助餐 很值 ，	酒店	去 市中心 的 巴士 也 很 方面 。 如果 在 住 上
HUM_cat-hotel_pol-POS_tokenise, 1140	都 住 上海 苏州 一些 品牌 五星 的	酒店	, 昆山 这个 地方 还 没有 什么 真正 国际品牌 入驻, 就
HUM_cat-hotel_pol-POS_tokenise, 1140	国际品牌 入驻, 就 选 了 这家 本地	酒店	. 大堂 和 用餐 的 地方 格局 似乎 不是 很 好,
HUM_cat-hotel_pol-POS_tokenise, 1140	一幅 冷 面孔. 看来 国内 这些 本土	酒店	是 要 好好 想想 如何 把 自己 的 品牌 擦亮 了.
HUM_cat-hotel_pol-POS_tokenise, 1140	： 尊敬 的 客人: 您好 感谢您 对君豪	酒店	的 选择 与 支持, 关于 您 所 反映 的 大堂 的
HUM_cat-hotel_pol-POS_tokenise, 1140	在 客房 内 的 硬件 配备 和 整个	酒店	的 软件 服务 上 比 其它 酒店 投入 了 更 多 的
HUM_cat-hotel_pol-POS_tokenise, 1140	整个 酒店 的 软件 服务 上 比 其它	酒店	投入 了 更 多 的 成本 和 心血, 希望 能 让
HUM_cat-hotel_pol-POS_tokenise, 1140	住 得 满意! 还要 感谢您 对 我们	酒店	员工 服务 的 肯定, 期待 您 下次 入住! 饭店 有些
HUM_cat-hotel_pol-POS_tokenise, 1142	疲劳 的 身体 在 金钟 打 的 到	酒店	的 ， 原来 以为 打 的 会 很 贵 ， 其实 也
HUM_cat-hotel_pol-POS_tokenise, 1142	前台 的 小姐 ， 从 金钟 怎么 到	酒店	。 前台 告诉 我 坐 5B 就 能 到 ， 结果 是
HUM_cat-hotel_pol-POS_tokenise, 1142	也 就是 27 元 港币 就 可以 到	酒店	了 。 到达 酒店 ， 前台 的 小姐 语气 温和 ， 速度
HUM_cat-hotel_pol-POS_tokenise, 1142	港币 就 可以 到 酒店 了 。 到达	酒店	， 前台 的 小姐 语气 温和 ， 速度 也 还 挺快 的
HUM_cat-hotel_pol-POS_tokenise, 1142	不 说 了 。 总体 来说 ， 这家	酒店	， 从 各 方面 来说 还 行 。 不次 如果 有 机会
HUM_cat-hotel_pol-POS_tokenise, 1142	， 我 也 还 会 选择 这 一家	酒店	。 不过 就是 觉得 酒店 的 价格 偏高 了 一点点 （ HK715
HUM_cat-hotel_pol-POS_tokenise, 1142	选择 这 一家 酒店 。 不过 就是 觉得	酒店	的 价格 偏高 了 一点点 （ HK715 ） 。 或许 是 暑假
HUM_cat-hotel_pol-POS_tokenise, 1143	海鲜 价 。 宽带 上网 速度 挺快 ，	酒店	一楼 的 烧烤 不错 。 酒店 整体 性价比 可以 ， 去 酒吧
HUM_cat-hotel_pol-POS_tokenise, 1143	挺快 ， 酒店 一楼 的 烧烤 不错 。	酒店	整体 性价比 可以 ， 去 酒吧 一条街 打车 10 元 总体 比较满意
HUM_cat-hotel_pol-POS_tokenise, 1145	可以 。 服务 非常 到位, 无论 工种	酒店	员工 都 很 热情, 有 的 时候 不是 他们 的 服务
HUM_cat-hotel_pol-POS_tokenise, 1145	范畴, 也 会 热情 上来 关照,	酒店	的 花园 超大, 很 适合 散步. 唯一 欠缺 的 是
HUM_cat-hotel_pol-POS_tokenise, 1145	很 适合 散步. 唯一 欠缺 的 是	酒店	房间 的 地毯 总是 有 一股 发霉 的 味道, 房间 的
HUM_cat-hotel_pol-POS_tokenise, 1146	很 不错 了 。 没处 吃 早饭 ，	酒店	早饭 要 100 多 ， 吃不起 。 单人间 很小 很小 ， 光是
HUM_cat-hotel_pol-POS_tokenise, 1147	不 了解 ， 这 几月 出行 最好 的	酒店	了 ， 价格 偏高 。 客人 反映 不错. 主要 是 靠近
HUM_cat-hotel_pol-POS_tokenise, 1149	. 商务谈判 和 购物 都 比较 方便.	酒店	的 地理位置 实在 不错 ， 所以 从 大堂 开始 就 令人 惊艳
HUM_cat-hotel_pol-POS_tokenise, 1150	也 可以 边 泡澡 边 看 风景 。	酒店	内部 设施 不错 ， 但 可惜 是 游泳池 一定 要 戴 泳帽
HUM_cat-hotel_pol-POS_tokenise, 1150	给 宰 ， 只好 望池 兴叹 了 ，	酒店	的 人 说 是 规矩 ， 难道 戴 泳帽 就 能 保证
HUM_cat-hotel_pol-POS_tokenise, 1152	， 很 好找 。 比起 市区 的 五星级	酒店	硬件 上 稍差 ， 但 还 算 干净 舒适 ， 考虑 到
HUM_cat-hotel_pol-POS_tokenise, 1153	挺不错! 于是 这次 出差 选择 了 这家	酒店	。 自已 亲身 体会 一下 ， 感觉 还 挺 好 。 270
HUM_cat-hotel_pol-POS_tokenise, 1153	， 而且 还 包 早餐 ， 值得 ！	酒店	不仅 服务 好 ， 而且 房间 卫生 也 很 干净 。 地理位置
HUM_cat-hotel_pol-POS_tokenise, 1153	5 分钟 可 到达 西门口 地铁站 。 而	酒店	唯一 不足 就是 提供 的 西式早餐 供应 太慢 ， 可能 是因为 我
HUM_cat-hotel_pol-POS_tokenise, 1153	。 总体 来说 ， 是 间 挺不错 的	酒店	， 挺 好 ， 值得 选择 入住 ！ ！ ！ 同志 们
HUM_cat-hotel_pol-POS_tokenise, 1154	们. 我 三四个 月 住 了 这	酒店	至少 十一 二次. 不图 什么. 就是 安静 点. 上次
HUM_cat-hotel_pol-POS_tokenise, 1156	扣 我 信用卡 里 的 钱 。 真不知道	酒店	与 携程 是 如何 衔接 的 ？ 宾馆 反馈 2007 年 12
HUM_cat-hotel_pol-POS_tokenise, 1157	的 入住 感觉 更加 舒适 与 愉快 。	酒店	的 地理位置 优越, 适合 办公 人事 入住, 服务 也 比较
HUM_cat-hotel_pol-POS_tokenise, 1158	, 下次 会 继续 考虑 很 好 的	酒店	, 起码 四星, 服务 人员 经理 等 态度 非常 好,
HUM_cat-hotel_pol-POS_tokenise, 1160	地板 显得 干净 也好 打扫 非常 不错 的	酒店	， 设施 、 服务 都 不错 。 比较 适合 度假 休息 ，
HUM_cat-hotel_pol-POS_tokenise, 1161	度假 休息 ， 放松 心情 。 因为 悦华	酒店	没 房间 了 ， 才 通过 携程 定 泉州 酒店 的 。
HUM_cat-hotel_pol-POS_tokenise, 1161	房间 了 ， 才 通过 携程 定 泉州	酒店	的 。 虽然 最 喜欢 的 还是 悦华 ， 其实 感觉 泉州
HUM_cat-hotel_pol-POS_tokenise, 1161	喜欢 的 还是 悦华 ， 其实 感觉 泉州	酒店	的 装修 和 气派 还是 在 悦华 之上 ， 就是 服务 和
HUM_cat-hotel_pol-POS_tokenise, 1162	， 就是 服务 和 早餐 差悦华 了 。	酒店	位置 非常 好 ， 周围 购物 很 方便 。 房间 还 算
HUM_cat-hotel_pol-POS_tokenise, 1163	没 暖风 ， 这 季节 ， 冷 ！	酒店	不错, 已 多次 住 过, 同等 价格 下次 还会 入住
HUM_cat-hotel_pol-POS_tokenise, 1164	. 西双版纳 是 个 美丽 的 度假胜地 ，	酒店	就 价格 而言 也 物有所值 ， 提供 的 早餐 种类 繁多 且
HUM_cat-hotel_pol-POS_tokenise, 1168	晚上 可能 会 有点 吵. 不错 的	酒店	。 一直 很 喜欢 。 但 现在 酒店 需要 改进 一下 ：
HUM_cat-hotel_pol-POS_tokenise, 1168	酒店 。 一直 很 喜欢 。 但 现在	酒店	需要 改进 一下 ： 1 ， 早餐 ， 我住 这个 酒店 N
HUM_cat-hotel_pol-POS_tokenise, 1168	一下 ： 1 ， 早餐 ， 我住 这个	酒店	N 次 了 ， 但 每次 的 早餐 都 一样 ， 现在
HUM_cat-hotel_pol-POS_tokenise, 1170	东西 或 热 牛奶 给 小朋友 吃.	酒店	环境 一般, 周围 无 景致. 到 市中心 一般 都 要
HUM_cat-hotel_pol-POS_tokenise, 1170	1 块钱 直达 市内. 我们 半夜 到达	酒店	前台 的 时候, 拿 老公 的 国际 卡 CHECK IN,
HUM_cat-hotel_pol-POS_tokenise, 1170	的 卡 明明 早上 才 从 广州 的	酒店	CHECK OUT 出来, 却 完全 没 问题! 最后 他们 才
HUM_cat-hotel_pol-POS_tokenise, 1170	很 喜欢 她! 顺便 还 说 一下	酒店	的 餐厅 吧. 早茶 晚茶 很多 人, 甚至 很多 本地人
HUM_cat-hotel_pol-POS_tokenise, 1170	了! 不好意思! 总的来说, 这家 度假	酒店	我们 全家 还是 非常 满意 的, 我 给 到 4 分
HUM_cat-hotel_pol-POS_tokenise, 1172	住 雾都 宾馆 ！ 很 满意 的 一家	酒店	， 装修 不错 ， 那天 住 下 晚上 房间 的 网络 出
HUM_cat-hotel_pol-POS_tokenise, 1173	一条街 ， 别有洞天 。 下次 还会 选择 这家	酒店	。 本次 入住 的 是 商务 大床 房 ， 房间 不错 ，
HUM_cat-hotel_pol-POS_tokenise, 1175	不 影响 居住 质量 第一次 在 宁海 住	酒店	， 印象 最深 的 是 服务 好 ， 无论 在 哪 碰到
HUM_cat-hotel_pol-POS_tokenise, 1177	宾馆 的 地理位置 好 还是 让 我 满意	酒店	硬件 条件 不错 ， 服务 也 挺 好 ， 价格 合适 。
HUM_cat-hotel_pol-POS_tokenise, 1177	当地 风俗 让 我们 有点 受不了 ， 晚上	酒店	有 新人 结婚 ， 乐队 一直 在 大 门外 演奏 ， 异常
HUM_cat-hotel_pol-POS_tokenise, 1177	大 门外 演奏 ， 异常 吵闹 。 本来	酒店	身处 安静 之地 的 优点 被 全部 破坏 了 。 酒店 挂牌
HUM_cat-hotel_pol-POS_tokenise, 1178	之地 的 优点 被 全部 破坏 了 。	酒店	挂牌 2 星 ， 但 确实 不错 ， 物超所值 ， 在 市中心
HUM_cat-hotel_pol-POS_tokenise, 1179	了 携程 的 点评 ， 所以 对 这家	酒店	的 期望值 并 不 高 。 但 入住 以后 总体 来说 感觉
HUM_cat-hotel_pol-POS_tokenise, 1179	， 但 在 吉林 应该 可以 接受 。	酒店	周围 好像 没什么 合适 的 饭店 ， 最后 还是 在 酒店 吃
HUM_cat-hotel_pol-POS_tokenise, 1179	没什么 合适 的 饭店 ， 最后 还是 在	酒店	吃 了 巴西 烤肉 自助 ， 比 其他 地方 贵些 88 元
HUM_cat-hotel_pol-POS_tokenise, 1181	了 ， 每 小时 40 元 ！ 彭年	酒店	太 处于 闹市 停车 不 方便 ， 房间 有 异味 ， 尤其
HUM_cat-hotel_pol-POS_tokenise, 1182	. 冷冰冰...... 最 不好 的 就是	酒店	附近 比较 荒凉 补充 点评 2007 年 7 月 1 日 ：
HUM_cat-hotel_pol-POS_tokenise, 1184	， 果然 名不虚传 ， 服务 非常 好 ，	酒店	的 设施 也 还 不错 ， 酒店 的 地理位置 在 市中心 ，
HUM_cat-hotel_pol-POS_tokenise, 1184	， 酒店 的 设施 也 还 不错 ，	酒店	的 地理位置 在 市中心 ， 去 哪里 都 很 方便 。 餐饮
HUM_cat-hotel_pol-POS_tokenise, 1186	设施 还 不错 ， 离太 古城 很近 还有	酒店	免费 BUS ， 值 的 ！ 入住 丽晶 ， 感觉 很 好
HUM_cat-hotel_pol-POS_tokenise, 1187	， 感觉 很 好 。 因为 是 新	酒店	， 的确 有 淡淡的 油漆味 ， 房间内 较 新 。 房间 大小
HUM_cat-hotel_pol-POS_tokenise, 1187	一般 、 就算 说 的 过去 吧 。	酒店	外有 西贝筱面 等 几家 饭馆 。 西贝 的 菜 实在 是 量
HUM_cat-hotel_pol-POS_tokenise, 1187	是 量 大 的 惊人 ， 人多 在	酒店	吃 就 不如 去 西贝 吃 了 。 酒店 21 ： 30
HUM_cat-hotel_pol-POS_tokenise, 1187	吃 就 不如 去 西贝 吃 了 。	酒店	21 ： 30 - 24 点有 广式 晚茶 ， 吃 过 几次
HUM_cat-hotel_pol-POS_tokenise, 1187	， 就是 点心 品种 略少 。 哈 。	酒店	地处 青山区 ， 包头 分昆区 、 青山区 。 相对来说 ： 昆区 是
HUM_cat-hotel_pol-POS_tokenise, 1187	像 包百等 大 商场 全在 昆区 ， 从	酒店	打车 到 包百 商圈 车费 12 元多 。 青山区 也 有 一个
HUM_cat-hotel_pol-POS_tokenise, 1187	比 包百 商圈 的 略 小 ， 从	酒店	打车 8 元多 。 银河 广场 离 酒店 有 一段距离 ， 打车
HUM_cat-hotel_pol-POS_tokenise, 1187	酒店 打车 8 元多 。 银河 广场 离	酒店	有 一段距离 ， 打车 9 、 10 元 吧 ， 银河 广场
HUM_cat-hotel_pol-POS_tokenise, 1187	科丽珑 ” 24 小时 营业 的 超市 。	酒店	一楼 有 小卖部 ， 周围 基本 没有 超市 。 这次 住 正赶上
HUM_cat-hotel_pol-POS_tokenise, 1187	几次 有人 敲 错门 ， 理论 上 与	酒店	管理 没关系 吧 。 希望 以后 还是 尽量 让 会议 团体 住
HUM_cat-hotel_pol-POS_tokenise, 1188	来 包头 还会 住 这里 。 成熟 型	酒店	， 房间 、 服务 都 还 不错 ， 商务 房间 ， 配
HUM_cat-hotel_pol-POS_tokenise, 1188	也 很快 。 特别 是 没有 一般 经济型	酒店	的 隔音 差 的 问题 。 位置 属于 市中心 ， 去 各个
HUM_cat-hotel_pol-POS_tokenise, 1189	人 来说 这是 最好 的 选择 ， 因为	酒店	就 在 海港 城内 ， 偌大 的 海港 城逛 一 星期 估计
HUM_cat-hotel_pol-POS_tokenise, 1189	逛全 ， 逛累 了 还 可以 直接 到	酒店	歇 一歇 房间 很小 ， 其他 到 还 可以 。 虽然 名字
HUM_cat-hotel_pol-POS_tokenise, 1191	感觉 一样 ， 没什么 特别 的 。 到达	酒店	已近 十一点, 大堂 昏暗 陈旧, 前台 小姐 对 我 的
HUM_cat-hotel_pol-POS_tokenise, 1191	只是 花洒 不用 时 也 在 滴水,	酒店	难道 不 检修 吗? 床太硬, 只能 把 被子 垫 在
HUM_cat-hotel_pol-POS_tokenise, 1192	只是 海鲜 品种 太 少 再次 入住 该	酒店	, 令 我 有种 涣然一新 的 感觉, 入住 了 新装修 的
HUM_cat-hotel_pol-POS_tokenise, 1193	一点 是 有点 拥挤 的 。 不过 整个	酒店	还 算 比较 中规中矩 。 客房 也 干净 ， 服务员 也 很
HUM_cat-hotel_pol-POS_tokenise, 1193	， 三口 之家 很 浪费 ， 可能 是因为	酒店	为省 总工会 的 工人 疗养院 兼 体检中心 ， 所以 菜 非常 的
HUM_cat-hotel_pol-POS_tokenise, 1194	， 一个 说话 很 恶毒 的 顾客 。	酒店	的 位置 很 好 ， 刚 重新 装修 过 ， 所以 设施
HUM_cat-hotel_pol-POS_tokenise, 1194	早餐 很 丰富 ， 不过 好像 重庆 的	酒店	早餐 都 很 雷同 。 总体 感觉 不错 ！ 近日 亲临 ，
HUM_cat-hotel_pol-POS_tokenise, 1195	不错 ， 较 泉州 的 其他 高 星级	酒店	舒适 距 拱北 关口 步行 15 分钟 可以 到达 ， 很 方便
HUM_cat-hotel_pol-POS_tokenise, 1196	15 分钟 可以 到达 ， 很 方便 ，	酒店	豪华 标准间 太小 ， 卫生间 设施 有点 旧 ， 但是 热水 充足
HUM_cat-hotel_pol-POS_tokenise, 1196	点要 出发 ， 没有 到 早餐 开始 时间	酒店	安排 打包 送到 了 房间 。 房间 清理 得 不是 狠 及时
HUM_cat-hotel_pol-POS_tokenise, 1198	人民币 ， 符合 5 星 价格 ； 其他	酒店	消费 合理 * * * * 酒店 装修 ： 新 酒店 ，
HUM_cat-hotel_pol-POS_tokenise, 1198	其他 酒店 消费 合理 * * * *	酒店	装修 ： 新 酒店 ， 装修 风格 颜色 不 大体 ， 不过
HUM_cat-hotel_pol-POS_tokenise, 1198	* * * * 酒店 装修 ： 新	酒店	， 装修 风格 颜色 不 大体 ， 不过 还是 符合 5 星
HUM_cat-hotel_pol-POS_tokenise, 1198	都 不错 ， 演艺 厅 不错 ， 算是	酒店	特别之处 ， 加 分 ； * * * * * 房间 用具
HUM_cat-hotel_pol-POS_tokenise, 1199	开门 ； * * * * 1 、	酒店	刚 装修 过 ， 很 好 ； 2 、 酒店 的 科技含量
HUM_cat-hotel_pol-POS_tokenise, 1199	装修 过 ， 很 好 ； 2 、	酒店	的 科技含量 较 高 ： 一个 大 的 电视 ， 可以 当
HUM_cat-hotel_pol-POS_tokenise, 1199	可以 用 电脑 ， 第一次 看见 这样 的	酒店	电视 。 另外 ， 还 在 方便 的 宽带 与 电源 ，
HUM_cat-hotel_pol-POS_tokenise, 1199	坐式 马桶 也 有 科技含量 。 3 、	酒店	位置 很 好 。 4 、 酒店 很 贵 ， 特别 是
HUM_cat-hotel_pol-POS_tokenise, 1199	、 酒店 位置 很 好 。 4 、	酒店	很 贵 ， 特别 是 一楼 的 酒吧 ， 非常 贵 。
HUM_cat-hotel_pol-POS_tokenise, 1200	那里 粘上 的 ， 但 里面 没有 。	酒店	外部环境 很 不错 ， 感觉 很 静谧 ， 房间 内部 装修 尚可
HUM_cat-hotel_pol-POS_tokenise, 1201	给 客人 以 真诚 微笑 的 服务.	酒店	附近 交通 方便, 离 市中心 和 各 景区 都 不远.
HUM_cat-hotel_pol-POS_tokenise, 1203	房间 比较 干净 舒适 ！ 松江 商务 型	酒店	比较 少 ！ 这家 酒店 还 可以 ！ 服务态度 不错, 遇到
HUM_cat-hotel_pol-POS_tokenise, 1203	松江 商务 型 酒店 比较 少 ！ 这家	酒店	还 可以 ！ 服务态度 不错, 遇到 的 每 一位 服务 人员
HUM_cat-hotel_pol-POS_tokenise, 1204	能 主动 问好, 老外 很多, 这个	酒店	可能 有 不同 层面 的 客房, 下次 咱得 换个 房间 住
HUM_cat-hotel_pol-POS_tokenise, 1205	的 电话 声音. 但是 作为 一家 五星	酒店	, 怎么 可以 容忍 美容美发 部门 对 客人 每天 一次 的 电话
HUM_cat-hotel_pol-POS_tokenise, 1206	每天 一次 的 电话 骚扰 呢? 这个	酒店	的 所谓 河畔 全景 房 就是 靠近 拉萨河 这边 的 房间,
HUM_cat-hotel_pol-POS_tokenise, 1208	停车场 ， 非常适合 自驾游 的 朋友 ， 其实	酒店	就 在 景区 内 ， 不 过去 景区 需要 买票 。 服务
HUM_cat-hotel_pol-POS_tokenise, 1212	里 大声 聊天 。 比较 不错 的 一家	酒店	！ 很 人性化 ， 服务 满 周到 。 最 喜欢 的 是
HUM_cat-hotel_pol-POS_tokenise, 1214	， 很 不错 ！ 以前 曾多次 入住 瀛洲	酒店	, 这次 的 早餐 质量 和 选择 的 品种 比 原来 有所提高
HUM_cat-hotel_pol-POS_tokenise, 1218	较 旧 ， 其他 方面 都 不错 。	酒店	的 硬件 设施 不错 ， 服务 也 还 可以 ， 我订 的
HUM_cat-hotel_pol-POS_tokenise, 1219	还 可以 。 浴缸 值得 一赞 ！ 这个	酒店	位置 很 好 ， 就 在 新街口 附近 ， 走 到 哪里
HUM_cat-hotel_pol-POS_tokenise, 1219	哪里 都 近 ， 吃饭 也 方便 。	酒店	员工 服务 也 很 好 ， 主管 顾 新峰 当时 帮 我
HUM_cat-hotel_pol-POS_tokenise, 1219	做 的 入住 ， 因为 他们 在 做	酒店	改造 ， 就 帮 我 免费 升级 了 ！ 客房 的 服务员
HUM_cat-hotel_pol-POS_tokenise, 1219	归 。 真的 是 一个 值得 推荐 的	酒店	。 我 在 协程 虽然 不算 资深 会员 级别 ， 但是 也
HUM_cat-hotel_pol-POS_tokenise, 1221	就 十分钟 左右 ， 房间 也 OK ，	酒店	服务 也 很 好 ， 就是 酒店 里 的 蚊子 很多 。
HUM_cat-hotel_pol-POS_tokenise, 1221	， 酒店 服务 也 很 好 ， 就是	酒店	里 的 蚊子 很多 。 还有 提琴 曲艺 在 大厅 表演 ，
HUM_cat-hotel_pol-POS_tokenise, 1225	的 东西 买 的 也 很 贵 。	酒店	位置 很 好 ， 交通 也 方便 。 电梯 管理系统 可能 比较
HUM_cat-hotel_pol-POS_tokenise, 1226	， 比较 适合 出差 住 。 总的来讲 整个	酒店	的 服务 还 不错 ， 不能 说 是 热情 ， 但 至少
HUM_cat-hotel_pol-POS_tokenise, 1226	， 让 我 比较 动容 的 是 在	酒店	里面 打 国内长途 和 市内电话 完全免费 ， 宽带 免费 而且 配置 了
HUM_cat-hotel_pol-POS_tokenise, 1228	6 月 27 日 ： 感谢您 朋友 对本	酒店	的 认可 ， 我们 期待 您 的 光临 。 住 来 住
HUM_cat-hotel_pol-POS_tokenise, 1231	相同 。 出乎意料 ， 大力 推荐 的 一个	酒店	。 游 西海 大峡谷 的话 ， 绝好 的 落脚处 。 我 是
HUM_cat-hotel_pol-POS_tokenise, 1231	看过 本站 帖子 ， 已有 心理准备 。 但此	酒店	房间 一点 潮湿 感觉 都 没有 。 电暖器 片 工作 良好 （
HUM_cat-hotel_pol-POS_tokenise, 1231	） ， 也 住 过 800 多块 的	酒店	， 但 被子 中 感觉 似乎 是 可以 拧 出水 的 。
HUM_cat-hotel_pol-POS_tokenise, 1232	一个 旅游 度假 比较 不错 的 地方 。	酒店	房间 较 宽敞 ， 比较 适合 居家 旅行 住宿 。 酒店 服务员
HUM_cat-hotel_pol-POS_tokenise, 1232	宽敞 ， 比较 适合 居家 旅行 住宿 。	酒店	服务员 服务态度 较 好 ， 服务 很 有 耐心 ， 本人 较
HUM_cat-hotel_pol-POS_tokenise, 1232	感动 。 本人 愿意 给 朋友 介绍 此	酒店	。 交通 方便, 环境优美, 很 幽静, 空气 也 很
HUM_cat-hotel_pol-POS_tokenise, 1234	放松 。 房价 虽高 ， 环境 确非 镇中	酒店	能比 。 在 此小住 ， 有傍湖 泳池 任游 ， 有 满目 湖景
HUM_cat-hotel_pol-POS_tokenise, 1235	够 水准 。 上周 住 了 三天 ，	酒店	服务 还 不错 ， 但 感觉 有些 旧 。 在 文昌阁 那边
HUM_cat-hotel_pol-POS_tokenise, 1235	旧 。 在 文昌阁 那边 见到 几家 经济型	酒店	， 感觉 比较 气派 。 就 在 解放碑 ， 房间 挺 干净
HUM_cat-hotel_pol-POS_tokenise, 1237	。 网线 接口 不好 找 ， 呵呵 。	酒店	的 地理位置 不错, 价格 有 竞争力, 服务 也 不错,
HUM_cat-hotel_pol-POS_tokenise, 1237	服务 也 不错, 是 值得 推荐 的	酒店	. 酒店 位置 不错 ！ 服务 可以 ！ 只是 楼下 是 酒家
HUM_cat-hotel_pol-POS_tokenise, 1238	不错, 是 值得 推荐 的 酒店.	酒店	位置 不错 ！ 服务 可以 ！ 只是 楼下 是 酒家 ， 油烟味
HUM_cat-hotel_pol-POS_tokenise, 1242	。 我 住 过 南京 所有 的 五星	酒店	, 选来 选去 还是 这家 (曾经 的 香格里拉). 无论是
HUM_cat-hotel_pol-POS_tokenise, 1243	能谈 下 更 优惠 的 房价 啊.	酒店	硬件 和 位置 都 好, 但 服务 令人 生气. 12
HUM_cat-hotel_pol-POS_tokenise, 1243	一天, 我 通过 携程 入住 了 这	酒店	. 第二天, 因为 办事 延误 了, 没有 来得及 退房.
HUM_cat-hotel_pol-POS_tokenise, 1243	了 两天 应该 是 同一 价, 但	酒店	后来 说, 如果 当时 通过 携程 预订, 住 两天 也
HUM_cat-hotel_pol-POS_tokenise, 1243	； 由于 天下 雨 ， 我们 要 向	酒店	借伞 ， 并 出示 住房 证 ， 告知 我们 是 酒店 客人
HUM_cat-hotel_pol-POS_tokenise, 1243	并 出示 住房 证 ， 告知 我们 是	酒店	客人 。 谁知 被 告知 先 登记 ， 再 每人 押 100
HUM_cat-hotel_pol-POS_tokenise, 1243	。 同样 的 事 发生 在 凤凰 佳居	酒店	， 只要 出示 房证 登记 就 可以 了 。 入住 的 是
HUM_cat-hotel_pol-POS_tokenise, 1245	空调 全关 了 。 一家 欧式 风格 的	酒店	， 大堂 气派 ， 房间 也 不错 ， 还有 水果 、 咖啡
HUM_cat-hotel_pol-POS_tokenise, 1245	. 8 折 。 下次 还会 入住 这家	酒店	， 有 兴趣 的 朋友 不妨 也 去 试试 。 我 的
HUM_cat-hotel_pol-POS_tokenise, 1250	了 ， 还 挺 干净 整洁 的 。	酒店	的 服务 还 行 ， 前台 还算 有求 必答 的 。 补充
HUM_cat-hotel_pol-POS_tokenise, 1251	行政 酒廊 准备 早餐 的 声音 吵醒 。	酒店	2 楼 西餐厅 服务 还是 很 好 的 。 8 月 1
HUM_cat-hotel_pol-POS_tokenise, 1252	的 。 8 月 1 日 入住 该	酒店	, 对 携程网 的 服务 非常 非常 满意, 安排 的 房间
HUM_cat-hotel_pol-POS_tokenise, 1252	细心, 很 干净 和 价位 相符 的	酒店	, 比 海航 要 好多 了, 一点 瑕疵 就是 打 客服
HUM_cat-hotel_pol-POS_tokenise, 1253	我们 的 服务 。 欢迎您 再次 光临 我	酒店	， 祝您 工作 顺利 ， 身体健康 ， 合家幸福 ！ （ 我店 从
HUM_cat-hotel_pol-POS_tokenise, 1255	， 如果 不是 皇后 大道 上 的 万豪	酒店	， 就 成 了 海景房 了 ， 呵呵 。 楼下 德辅 道
HUM_cat-hotel_pol-POS_tokenise, 1255	可以 在 香港 机铁站 搭 到 免费 的	酒店	空调 小巴 ， 大约 十五分钟 一班 吧 ， 没什么 人 ， 很
HUM_cat-hotel_pol-POS_tokenise, 1255	， 到时候 我 再 协商 ， 到 了	酒店	， check - in 的 时候 柜台 给 我 的 就是 大床
HUM_cat-hotel_pol-POS_tokenise, 1255	受 教育 水平 的 一方面 体现 吧 ，	酒店	会 客气 很多 。 大陆 人 也 应该 养成 给 小费 的
HUM_cat-hotel_pol-POS_tokenise, 1256	， 不是 A21 哈 ~ 不亏 是 园林	酒店	. 酒店 面积 超大, 住宿 区分 很多 楼, 并 有
HUM_cat-hotel_pol-POS_tokenise, 1256	A21 哈 ~ 不亏 是 园林 酒店.	酒店	面积 超大, 住宿 区分 很多 楼, 并 有 面积 不小
HUM_cat-hotel_pol-POS_tokenise, 1260	比较 大 ， 密封 不好 的 原因 。	酒店	环境 ， 服务 和 去 景区 都 很 方便 。 因为 有过
HUM_cat-hotel_pol-POS_tokenise, 1261	已经 几次 入住 悦华 ， 很 不错 的	酒店	， 服务态度 相当 的 好 ， 其实 距离 也 还好 ， 打车
HUM_cat-hotel_pol-POS_tokenise, 1262	街 什么 的 也 就 20 块钱 。	酒店	的 大堂 比较 小 ， 但是 环境 和 卫生 都 比较满意 ，
HUM_cat-hotel_pol-POS_tokenise, 1265	是 去 的 晚 了. 盘锦 的	酒店	普遍 一般. 周围环境 还 凑合, 关键 是 离 长途汽车站 比较
HUM_cat-hotel_pol-POS_tokenise, 1266	6 楼 ， 两张床 拼 起来 的 。	酒店	的 服务 很 好 ， 就 连 我 要 水果刀 吃水果 ，
HUM_cat-hotel_pol-POS_tokenise, 1268	这种 精神 太 难得 了 。 非常感谢 ！	酒店	门前 确实 有 黑车 ， 本来 对 酒店 印象 很 一般 的
HUM_cat-hotel_pol-POS_tokenise, 1268	酒店 门前 确实 有 黑车 ， 本来 对	酒店	印象 很 一般 的 ， 但 有 这样 的 员工 很 让
HUM_cat-hotel_pol-POS_tokenise, 1269	和 朋友 来 厦门 游玩 ， 听说 这家	酒店	在 市政府 中心 ， 交通 很 便利 ， 于是 我们 选择 入住
HUM_cat-hotel_pol-POS_tokenise, 1269	很 便利 ， 于是 我们 选择 入住 这家	酒店	。 从 机场 坐 的士 直达 店门口 ， 只 需要 20 分钟
HUM_cat-hotel_pol-POS_tokenise, 1269	都 感觉 很 满意 。 整体 来说 ，	酒店	的 服务 很 热情 ， 房间 干净 、 整齐 ， 入住 时
HUM_cat-hotel_pol-POS_tokenise, 1269	非常 方便 。 来 厦门 游玩 ， 这家	酒店	是 不错 的 选择 ！ 因为 带 了 车, 所以 住
HUM_cat-hotel_pol-POS_tokenise, 1271	, 就是 房间 旧 了 一些 打电话 到	酒店	问路 ， 总机 说 不 知道 ， 转 礼宾 部 ， 几个
HUM_cat-hotel_pol-POS_tokenise, 1271	总体 来说 在 吉林 能住 到 这样 的	酒店	还 不错 ， 但 价格 一点 也 不 便宜 。 无论 硬件
HUM_cat-hotel_pol-POS_tokenise, 1272	的 海景 ， 吃 过 晚饭 匆匆 赶回	酒店	， 连林岛 路口 “ 威海 宾馆 ” 硕大 的 牌子 几乎 遮掉
HUM_cat-hotel_pol-POS_tokenise, 1272	几乎 遮掉 了 海景 小小的 指路牌 ， 建议	酒店	这个 钱 一定 不能 省 ！ 服务 很 好 ， 一 入住
HUM_cat-hotel_pol-POS_tokenise, 1274	的 这种 精神 值得称赞. 总的来说, 这家	酒店	让 人 觉得 很 温暖. 机场 专线 就 在 楼下,
HUM_cat-hotel_pol-POS_tokenise, 1281	客栈 ！ 每次 到 杭州 都 住 这家	酒店	， 习惯 了 。 这回 房间 感觉 有点 旧 ， 听说 酒店
HUM_cat-hotel_pol-POS_tokenise, 1281	。 这回 房间 感觉 有点 旧 ， 听说	酒店	正在 一部分一部分 的 装修 翻新 ， 希望 下回 能住 到 新装修 的
HUM_cat-hotel_pol-POS_tokenise, 1281	希望 下回 能住 到 新装修 的 房间 。	酒店	提供 枕头 套餐 ， 可以 选择 不同 好 几款 枕头 ， 这点
HUM_cat-hotel_pol-POS_tokenise, 1281	月 20 日 ： 感谢您 的 点评 ，	酒店	目前 房间 装修 已经 结束 ， 欢迎您 下次 来 体验 我们 新装修
HUM_cat-hotel_pol-POS_tokenise, 1283	。 对 这次 携程网 提供 的 世贸 广场	酒店	很 满意 ， 服务态度 一流 ， 环境 也 不错 ， 只有 房间
HUM_cat-hotel_pol-POS_tokenise, 1284	要是 液晶 的 就 好 了 。 呵呵	酒店	外墙 在 装修 ， 门口 很小 ， 进入 大门 后 是 G
HUM_cat-hotel_pol-POS_tokenise, 1284	乘 电梯 到 一层 Check - in 。	酒店	的 房间 很小 ， 进门 后 是 一条 笔直 的 单人 走
HUM_cat-hotel_pol-POS_tokenise, 1284	汉普顿 相比 简直 是 一个天 一个 地 。	酒店	离 地铁站 非常 近 ， 步行 2 分钟 ， 在 香港 只要
HUM_cat-hotel_pol-POS_tokenise, 1284	非常 方便 的 。 到 了 晚上 ，	酒店	附近 的 广东 街会 有 很多 小吃 、 排档 ， 非常 的
HUM_cat-hotel_pol-POS_tokenise, 1285	浴缸 配浴 帘 ， 作为 一个 新建 的	酒店	相当 落伍 。 整个 山庄 感觉 类似 于 一个 别墅 住宅小区 ，
HUM_cat-hotel_pol-POS_tokenise, 1285	了 。 临安 安吉 这 一带 好 的	酒店	少得 可怜 ， 陆羽 山庄 似乎 只能 是 不二 的 选择 了
HUM_cat-hotel_pol-POS_tokenise, 1287	， 可能 是 肇庆市 区较 价廉物美 的 一间	酒店	。 2 、 房间 设施 旧些 ， 但 干净 。 3 、
HUM_cat-hotel_pol-POS_tokenise, 1288	机会 去 那里 我 还 会 选择 这个	酒店	以前 在 学校 读书 的 时候 老板 曾经 带 我们 去过 这里
HUM_cat-hotel_pol-POS_tokenise, 1289	也 挺舒服 ， 是 闵行区 比较 高档 的	酒店	这次 去 香港 之前, 我们 就 在 携程 上 找 酒店
HUM_cat-hotel_pol-POS_tokenise, 1290	之前, 我们 就 在 携程 上 找	酒店	, 后来 定 了 朗 豪 酒店, 因为 看到 对 它
HUM_cat-hotel_pol-POS_tokenise, 1290	找 酒店, 后来 定 了 朗 豪	酒店	, 因为 看到 对 它 的 评价 挺 高 的, 入住
HUM_cat-hotel_pol-POS_tokenise, 1290	CHECK OUT 的 速度 也 快, 整个	酒店	的 装修 很 时尚, 特别 是 房间 卫生间 的 设计 很
HUM_cat-hotel_pol-POS_tokenise, 1290	设计 很 前卫, 非常 喜欢! 而且	酒店	地理位置 也 很 好, 交通 十分 方便, 酒店 直通 对面
HUM_cat-hotel_pol-POS_tokenise, 1290	也 很 好, 交通 十分 方便,	酒店	直通 对面 的 朗 豪坊, 下面 就 可以 直接 到达 地铁站
HUM_cat-hotel_pol-POS_tokenise, 1290	地铁站, 去 哪里 都 非常 方便!	酒店	附近 就是 波鞋 街, 女人街, 电器 街, 逛街 也
HUM_cat-hotel_pol-POS_tokenise, 1290	也 方便, 下次 去 香港 还 住朗豪	酒店	! 酒店 各 方面 都 很 好 ， 尤其 是 前台 服务员
HUM_cat-hotel_pol-POS_tokenise, 1291	, 下次 去 香港 还 住朗豪 酒店!	酒店	各 方面 都 很 好 ， 尤其 是 前台 服务员 英语 都
HUM_cat-hotel_pol-POS_tokenise, 1292	IN 、 CHECK OUT 的 速度 很快 。	酒店	位置 非常 不错 ， 而且 是 酒店式 的 ， 很 像 一个
HUM_cat-hotel_pol-POS_tokenise, 1292	很 好 ， 有家 的 感觉 ， 没有	酒店	那种 压抑感 。 唯一 的 缺点 就是 酒店 用 的 是 卫星电视
HUM_cat-hotel_pol-POS_tokenise, 1292	酒店 那种 压抑感 。 唯一 的 缺点 就是	酒店	用 的 是 卫星电视 ， 不是 有线电视 ， 所以 电视台 不 多
HUM_cat-hotel_pol-POS_tokenise, 1294	一些 。 去 杭州 出差 常常 住 的	酒店	环境 还 可以 ， 房间 比较 干净 ， 就是 有点 交通不便 ，
HUM_cat-hotel_pol-POS_tokenise, 1297	. 晚上 航班 晚点 。 22 点 以后	酒店	不 提供 ， 要 去 接机 需要 付费 。 预定 的 房间
HUM_cat-hotel_pol-POS_tokenise, 1297	付费 。 预定 的 房间 没有 了 。	酒店	给 升级 到 了 套间 。 很大 ， 很 好 。 也许
HUM_cat-hotel_pol-POS_tokenise, 1301	毛巾 洁白 干净 ， 服务 热情 。 可能	酒店	系 早年 建设 ， 地下 车库 没有 直达 大堂 通道 ， 不
HUM_cat-hotel_pol-POS_tokenise, 1302	更好 。 另 希望 通过 服务 技能 。	酒店	位于 南北 主干道 旁 ， 交通 非常 便利 ， 特别 适合 自驾车
HUM_cat-hotel_pol-POS_tokenise, 1302	便利 ， 特别 适合 自驾车 旅游者 。 （	酒店	门口 免费 停车 ） 房间 设施 不错 ， 服务态度 挺 好 。
HUM_cat-hotel_pol-POS_tokenise, 1302	好 。 就是 牡丹 节 期间 洛阳 的	酒店	价格 都 上浮 厉害 。 酒店 的 房间 很 舒服, 但是
HUM_cat-hotel_pol-POS_tokenise, 1303	洛阳 的 酒店 价格 都 上浮 厉害 。	酒店	的 房间 很 舒服, 但是 打电话 询问 酒店 位置 的 时候
HUM_cat-hotel_pol-POS_tokenise, 1303	的 房间 很 舒服, 但是 打电话 询问	酒店	位置 的 时候 前台 说不清楚; 餐厅 由于 要 接待 团队 就
HUM_cat-hotel_pol-POS_tokenise, 1304	服务, 而且 理直气壮. 很 好 的	酒店	， 性价比 很 好 ， 房间 面积 也 不小 。 卫生间 也
HUM_cat-hotel_pol-POS_tokenise, 1304	， 实际上 我来 上海 基本上 住 2 家	酒店	， 一家 是 香港 广场 ， 一家 就是 粤海 了 。 香港
HUM_cat-hotel_pol-POS_tokenise, 1305	价格 高 很多 ， 粤海 价格 适中 。	酒店	的 位置 还是 不错 的 ， 附近 就 有 地铁站 可 通达
HUM_cat-hotel_pol-POS_tokenise, 1308	出租车 司机 不 知道 。 我会 再住 这家	酒店	环境 不错 ， 房间 也 挺 干净 ， 距离 千岛湖 广场 也
HUM_cat-hotel_pol-POS_tokenise, 1309	毛 ！ 早餐 的 酱瓜 很 好吃 ！	酒店	位置 其实 很 明显 ， 但 因为 携程 地图 不 清晰 也
HUM_cat-hotel_pol-POS_tokenise, 1309	也 或者 是 我 不太会 找 ， 找	酒店	费 了 一点 周折 ， 但 酒店 的 各 方面 设施 给
HUM_cat-hotel_pol-POS_tokenise, 1309	找 酒店 费 了 一点 周折 ， 但	酒店	的 各 方面 设施 给 了 我们 安慰 ， 酒店 的 服务
HUM_cat-hotel_pol-POS_tokenise, 1309	各 方面 设施 给 了 我们 安慰 ，	酒店	的 服务 人员 都 非常 有 礼貌 ， 无论是 前台 或 在
HUM_cat-hotel_pol-POS_tokenise, 1311	下次 到 厦门 还 回 继续 住 那里	酒店	有 南欧 风 ： 小白门 ， 乳黄 墙 ， 铁艺 壁灯 ，
HUM_cat-hotel_pol-POS_tokenise, 1313	的 。 在 苏州 总 习惯 住 这家	酒店	, 也 感觉 到 酒店 很 用心, 每次 住 总会 有
HUM_cat-hotel_pol-POS_tokenise, 1313	习惯 住 这家 酒店, 也 感觉 到	酒店	很 用心, 每次 住 总会 有 一些 意外 的 惊喜,
HUM_cat-hotel_pol-POS_tokenise, 1315	两餐 ， 真 好 。 很 不错 的	酒店	！ ！ 房间 设施 很 舒适 ， 浴缸 很大 ！ 还 送
HUM_cat-hotel_pol-POS_tokenise, 1317	!!!!!!! 这家	酒店	离 天津 西青区 比较 近 ， 条件 和 服务 也 没有 想象
HUM_cat-hotel_pol-POS_tokenise, 1319	房间 虽小 但 干净, 适合 商务活动.	酒店	的 服务 、 设施 都 非常 不错 ， 就是 网速 非常 的
HUM_cat-hotel_pol-POS_tokenise, 1319	非常 不错 的 选择 。 不过 没有 尝试	酒店	的 按摩 服务 ， 非常 后悔 ， 其实 酒店 的 按摩 服务
HUM_cat-hotel_pol-POS_tokenise, 1319	的 按摩 服务 ， 非常 后悔 ， 其实	酒店	的 按摩 服务 很 安全 ， 希望 尝试 了 的 朋友 能
HUM_cat-hotel_pol-POS_tokenise, 1319	谢谢 ！ 我 很 期待 再 去 机场	酒店	！ 在 济宁 还 算是 个 不错 的 酒店 ， 毕竟 这里
HUM_cat-hotel_pol-POS_tokenise, 1320	！ 在 济宁 还 算是 个 不错 的	酒店	， 毕竟 这里 只有 两家 四星 ， 服务 还 算 不错 。
HUM_cat-hotel_pol-POS_tokenise, 1322	中国 。 这样 的 价钱 ， 这样 的	酒店	， 还是 很 满意 的 。 而且 酒店 本来 就 不错 。
HUM_cat-hotel_pol-POS_tokenise, 1322	酒店 ， 还是 很 满意 的 。 而且	酒店	本来 就 不错 。 其他 都 可以, 尽管 不够 5 星
HUM_cat-hotel_pol-POS_tokenise, 1326	， 每天 有 2 块 巧克力 送 ，	酒店	的 早餐 很 好 。 服务员 很 热情 ， 只要 你 出去
HUM_cat-hotel_pol-POS_tokenise, 1328	住 过 几次 了, 值得 推荐!	酒店	外 就 有 超市 买 东西 挺 方便 的:) 订
HUM_cat-hotel_pol-POS_tokenise, 1329	长途 。 便于 定下 一个 浏览 点 的	酒店	。 不过 ， 不 嫌 麻烦 的话 ， 以后 有人 自驾 去
HUM_cat-hotel_pol-POS_tokenise, 1331	。 2008. 4. 5 入住 该	酒店	南楼 大床 间, 总体 感觉 不错 ， 符合 三星 标准 。
HUM_cat-hotel_pol-POS_tokenise, 1334	一下 。 这次 去 大理 ， 入住 这家	酒店	， 整体 感觉 很 好 ， 白族 姑娘 服务 不错 ， 房间
HUM_cat-hotel_pol-POS_tokenise, 1335	一个 ！ ！ 很 好 ， 这次 入住	酒店	帮 我 免费 升级 为 商务 间 ， 说 是 给 携程
HUM_cat-hotel_pol-POS_tokenise, 1338	也 挺 好 。 对于 我 来说 这家	酒店	就 真是 方便 回家 。 因为 不是 本地人 所以 经常 要 赶
HUM_cat-hotel_pol-POS_tokenise, 1338	本地人 所以 经常 要 赶 飞机 而 这	酒店	就 里 机场 5 分钟 实在 是 太 方便 了 。 酒店
HUM_cat-hotel_pol-POS_tokenise, 1339	5 分钟 实在 是 太 方便 了 。	酒店	涨价 之后 仍然 生意兴隆, 说明 酒店 的 实力. 优点 ：
HUM_cat-hotel_pol-POS_tokenise, 1339	。 酒店 涨价 之后 仍然 生意兴隆, 说明	酒店	的 实力. 优点 ： 位置 好找 ， 就 在 安贞桥 东南角
HUM_cat-hotel_pol-POS_tokenise, 1343	算 可以 了 服务 也 不错 不错 的	酒店	！ 就是 入住 时间 得不到 保证 ！ 下午 3 点 以后 到达
HUM_cat-hotel_pol-POS_tokenise, 1345	来说 还 算 不错 的 。 芙蓉 丽庭	酒店	的 房价 比 成都 其他 的 四星 都 实惠, 升级 入住
HUM_cat-hotel_pol-POS_tokenise, 1345	的 客人 ： 您好 ！ 感谢您 对 我	酒店	的 关注 与 支持 ， 期待 您 的 再次 光临 。 祝
HUM_cat-hotel_pol-POS_tokenise, 1347	非常 好 ， 住店 期间 可以 免费 享用	酒店	个 健身 和 游泳池 。 游泳池 非常 标准 ， 水质 不错 ，
HUM_cat-hotel_pol-POS_tokenise, 1348	有 正好 是 绿地 。 很 舒服 。	酒店	地段 较 好, 打 的 去 淮海路 也 只要 20 元
HUM_cat-hotel_pol-POS_tokenise, 1353	30 号 住 了 两天 ， 感觉 该	酒店	物超所值 。 干净 宽敞 ， 安静 ， 床 很 舒服 。 洗澡水
HUM_cat-hotel_pol-POS_tokenise, 1354	一直 忘记 评价 了 ， 呵呵 地理位置 ：	酒店	的 地理位置 交通 还 算 便利 ， 不 过去 西湖 还是 有点
HUM_cat-hotel_pol-POS_tokenise, 1355	， 房间 很 好 ， 环境 更好 。	酒店	的 早餐 等 的 时间 太久 ， 他们 主要 接团 ， 散客
HUM_cat-hotel_pol-POS_tokenise, 1356	接团 ， 散客 的 服务 跟不上 。 这个	酒店	值得 推荐, 地理位置 真是 好, 中式 庭院 也 很 美
HUM_cat-hotel_pol-POS_tokenise, 1356	, 回答 是 没有, 第一次 在 四星	酒店	听到 这样 的 回答... 总体 来说 硬件 是 不错 的,
HUM_cat-hotel_pol-POS_tokenise, 1359	还 可以, 结帐 速度 挺快 的.	酒店	的 位置 也 可以, 交通 还 很 方便. 餐厅 海鲜
HUM_cat-hotel_pol-POS_tokenise, 1359	感觉 还 可以, 在 秦皇岛 的 三星级	酒店	来说, 性价比 还是 很 高 的. 推荐!!!
HUM_cat-hotel_pol-POS_tokenise, 1360	高 的. 推荐!!! 整个	酒店	的 环境 还是 不错 的, 迎宾 楼建 的 较 早些,
HUM_cat-hotel_pol-POS_tokenise, 1362	开 了 半个 多 小时 很 不错 的	酒店	, 服务 一流, 员工 都 很 敬业, 无论是 前台,
HUM_cat-hotel_pol-POS_tokenise, 1362	很 热情 而 有 礼貌. 最后 一天	酒店	了解 到 我 是 下午 五点 多 的 航班, 主动 将
HUM_cat-hotel_pol-POS_tokenise, 1362	巴士 送到 机场, 住 了 这么 多	酒店	, 这是 头一回. 青山 环抱 ， 环境 幽雅 。 服务态度 较
HUM_cat-hotel_pol-POS_tokenise, 1364	河边 有 灯会 ， 夜景 很 美 。	酒店	房间 不错 ， 只是 周围 餐馆 难 找 ， 我们 走 了
HUM_cat-hotel_pol-POS_tokenise, 1368	下次 去 威海 还会 住 。 新装修 的	酒店	, 房间 很 新 很 好 的, 作为 万豪 的 金卡
HUM_cat-hotel_pol-POS_tokenise, 1370	真是 给 上海 丢脸 ！ 作为 一家 四星级	酒店	， 着实 不 应该 有 这类 情况 啊 ！ 4 月 3
HUM_cat-hotel_pol-POS_tokenise, 1371	价格 一般 ， 前台 也 能 拿到 。	酒店	地理位置 很 好 ， 步行 到 个园 和 瘦西湖 都 10 分钟
HUM_cat-hotel_pol-POS_tokenise, 1372	好 ， 环境 也 比较 舒适 ， 只是	酒店	的 餐饮 方面 一般般 。 房间 不错 ， 硬件 设施 非常 好
HUM_cat-hotel_pol-POS_tokenise, 1375	初次 去 ， 恐怕 不太好 找 。 不过	酒店	本身 还 不错 ， 挺 新 的 ， 停车 也 很 方便
HUM_cat-hotel_pol-POS_tokenise, 1376	总体 感觉 还 不错 。 第一次 预订 这家	酒店	， 开 了 有 段时间 ， 门面 比较 小 ， 不过 里边
HUM_cat-hotel_pol-POS_tokenise, 1377	期待 您 的 入住 ！ 挺不错 的 一家	酒店	， 地段 也好 。 入住 的 是 31 层 的 行政 楼层
HUM_cat-hotel_pol-POS_tokenise, 1377	使用 的 拖鞋 感到 太 可惜 了 。	酒店	为 行政 层 设置 了 单独 的 早 餐厅 ， 环境 很
HUM_cat-hotel_pol-POS_tokenise, 1378	以后 到 南京 还会 考虑 入住 的 。	酒店	服务员 真 好 ， 我 被 大雨 截在 长途车 站 ， 给
HUM_cat-hotel_pol-POS_tokenise, 1378	我 被 大雨 截在 长途车 站 ， 给	酒店	电话 之后 派 车接 了 我 。 房间 不敢恭维 ， 太旧 了
HUM_cat-hotel_pol-POS_tokenise, 1379	住 过 不少 上海 和 北京 的 如家	酒店	, 但 上海浦东 的 张江 和 美 酒店 是 我 住 过
HUM_cat-hotel_pol-POS_tokenise, 1379	酒店, 但 上海浦东 的 张江 和 美	酒店	是 我 住 过 的 如家 酒店 中 我 见 过 的
HUM_cat-hotel_pol-POS_tokenise, 1379	美 酒店 是 我 住 过 的 如家	酒店	中 我 见 过 的 最好 的 一家, 房间 宽大 、
HUM_cat-hotel_pol-POS_tokenise, 1379	元 钱 的 早餐 ， 决不 比 四星级	酒店	差 ， 因在 开发区 ， 交通 不太 方便 ， 周边 也 没有
HUM_cat-hotel_pol-POS_tokenise, 1380	， 还贵 ， 胡椒 味 太重 。 从	酒店	较车 比 外面 贵些 。 酒店 就 在 人民 大街 上 ，
HUM_cat-hotel_pol-POS_tokenise, 1381	。 从 酒店 较车 比 外面 贵些 。	酒店	就 在 人民 大街 上 ， 各 方面 感觉 还 算 满意
HUM_cat-hotel_pol-POS_tokenise, 1381	同等 价位 应该 还有 更多更好 的 选择 ，	酒店	性价比 不算 高 。 酒店 地点 很 好 ， 海景房 窗外 的
HUM_cat-hotel_pol-POS_tokenise, 1382	的 选择 ， 酒店 性价比 不算 高 。	酒店	地点 很 好 ， 海景房 窗外 的 景色 也 很 美 。
HUM_cat-hotel_pol-POS_tokenise, 1382	大 ， 但是 个 很 好 的 度假	酒店	。 美中不足 ， 隔音 设施 不太好 ， 遇到 夜间 大吵大闹 的 邻居
HUM_cat-hotel_pol-POS_tokenise, 1383	的 邻居 ， 就 比较 惨 了 。	酒店	应该 是 唐山 最好 的 酒店 。 二楼 的 餐厅 服务 很
HUM_cat-hotel_pol-POS_tokenise, 1383	了 。 酒店 应该 是 唐山 最好 的	酒店	。 二楼 的 餐厅 服务 很 到位 ， 赞 一个 。 酒店
HUM_cat-hotel_pol-POS_tokenise, 1384	餐厅 服务 很 到位 ， 赞 一个 。	酒店	服务 很 好 ， 环境 幽雅 ， 很 地道 ， 比 当地
HUM_cat-hotel_pol-POS_tokenise, 1385	很 地道 ， 比 当地 同级 的 康年	酒店	位置 不错 ， 房间 质量 也 很 好 ， 就是 停车位 少
HUM_cat-hotel_pol-POS_tokenise, 1386	理解 ， 因为 处于 南京市 市中心 。 该	酒店	为 北京 天鸿 房地产 公司 投资 ， 环境 较 好 ， 但
HUM_cat-hotel_pol-POS_tokenise, 1388	卫生间 太小 ， 不太 相称 。 不错 的	酒店	， 设施 很 齐全 ， 周到 。 特别 是 一些 小 的
HUM_cat-hotel_pol-POS_tokenise, 1389	的 环境 也 不错 。 同 标准 的	酒店	, 价格 上 稍微 一点 贵! 整体 感觉 还 可以,
HUM_cat-hotel_pol-POS_tokenise, 1390	广场... 可以 过过 谗! 不错 的	酒店	, 服务 还 可以, 下次 还会 入住 的 ~ 除了 交通
HUM_cat-hotel_pol-POS_tokenise, 1395	， 环境 和 服务 还是 不错 的 。	酒店	房间 邻湖 ， 南湖 美景 一览无余 ， 我订 的 大 床间 ，
HUM_cat-hotel_pol-POS_tokenise, 1396	如果 还 去 大理 ， 也许 还会定 ，	酒店	的 免费 温泉 是 一个 亮点 。 帮 一位 老外 客户 订
HUM_cat-hotel_pol-POS_tokenise, 1397	只是 价格 太高 ， 希望 携程 能 与	酒店	再谈 下价 ， 更 再 便宜 就 好 了 ， 客户 说
HUM_cat-hotel_pol-POS_tokenise, 1399	算 不错 了 ， 早餐 需要 改进 。	酒店	地理位置 ： 4 分 ， 地理位置 一般 ， 离 火车站 文殊院 较近
HUM_cat-hotel_pol-POS_tokenise, 1399	叫 ， 大约 等 5 分钟 左右 。	酒店	环境 ： 5 分 ， 很 有 味道 的 芙蓉 文化 主题
HUM_cat-hotel_pol-POS_tokenise, 1399	， 很 有 味道 的 芙蓉 文化 主题	酒店	， 很 有 特色 ， 个人 很 喜欢 ， 就是 作为 4
HUM_cat-hotel_pol-POS_tokenise, 1399	个人 很 喜欢 ， 就是 作为 4 星级	酒店	来说 服务态度 稍微 差 了 一点 。 酒店 的 地理位置 很 优越
HUM_cat-hotel_pol-POS_tokenise, 1400	酒店 来说 服务态度 稍微 差 了 一点 。	酒店	的 地理位置 很 优越 ， 客房 是 经过 新装修 的 ， 很
HUM_cat-hotel_pol-POS_tokenise, 1400	是 商务酒店 ， 在 附近 几家 宾馆 、	酒店	里 算是 性价比 最高 的 了 。 很 值得 推荐 给 朋友
HUM_cat-hotel_pol-POS_tokenise, 1400	2008 年 1 月 22 日 ： 他们	酒店	房间 里 的 设施 还是 蛮 不错 的 ， 尤其 是 宽带
HUM_cat-hotel_pol-POS_tokenise, 1400	。 这次 来 北京 是 出差, 由于	酒店	的 出行 方便, 事情 办得 很 顺利. 有些 不足 的
HUM_cat-hotel_pol-POS_tokenise, 1402	积极 的 服务 ， 可能 天气 冷 ？	酒店	交通 较为 便利 ， 旁边 就是 家乐福 ， 房间 比较 干净 整洁
HUM_cat-hotel_pol-POS_tokenise, 1403	来到 了 仁 安悦榕 庄 的 ， 整个	酒店	就 我们 一个 住户 ， 酒店 座落在 藏民 的 村落 中 ，
HUM_cat-hotel_pol-POS_tokenise, 1403	， 整个 酒店 就 我们 一个 住户 ，	酒店	座落在 藏民 的 村落 中 ， 与 自然环境 融为一体 ， 我 看到
HUM_cat-hotel_pol-POS_tokenise, 1403	看到 的 是 一个 白色 的 童话世界 ，	酒店	工作人员 及 总经理 何满 先生 都 相当 的 亲切 ， 怕 大雪
HUM_cat-hotel_pol-POS_tokenise, 1403	相当 的 亲切 ， 怕 大雪 封山 ，	酒店	派 了 最好 的 藏族 司机 ： 扎西 ， 第二天 一早 送
HUM_cat-hotel_pol-POS_tokenise, 1404	到 ） 而 在 这里 看过 很多 家	酒店	的 评价 。 之后 选了 嘉逸 ， 总体 感觉 很 好 ，
HUM_cat-hotel_pol-POS_tokenise, 1406	再 调降 的话, 那 就 更好 了	酒店	不错, 我 是 大年 27 入住 的, 一个 叫 XX
HUM_cat-hotel_pol-POS_tokenise, 1406	很 " 职业 " 的 样子, 好象	酒店	是 她家 开 的. 需要 我 出示 携程 卡, 有点
HUM_cat-hotel_pol-POS_tokenise, 1406	我 出示 携程 卡, 有点 不爽!	酒店	很 幽静, 挺大 的, 尤其 适合 自驾游 的 朋友,
HUM_cat-hotel_pol-POS_tokenise, 1409	会 选择 这家 宾馆 。 别墅 型 的	酒店	， 非常 特别, 离 海边 很近. 消费 很 平价 房间
HUM_cat-hotel_pol-POS_tokenise, 1411	只 需要 10 分钟 左右 。 特别 推荐	酒店	附近 一家 齐齐 火锅 ， 非常 价廉物美 。 四星级 酒店 ， 房间
HUM_cat-hotel_pol-POS_tokenise, 1412	一家 齐齐 火锅 ， 非常 价廉物美 。 四星级	酒店	， 房间 (高级 客房) 很 不错 ， 窗户 双层 玻璃
HUM_cat-hotel_pol-POS_tokenise, 1412	水量 充足 。 缺点 是 ： 1 、	酒店	入住 、 退房 登记 时 都 遭遇 了 排队 等候 2 、
HUM_cat-hotel_pol-POS_tokenise, 1412	时 都 遭遇 了 排队 等候 2 、	酒店	所 处 位置 打车 不便 酒店 位置 不错 ， 在 市中心 最
HUM_cat-hotel_pol-POS_tokenise, 1413	2 、 酒店 所 处 位置 打车 不便	酒店	位置 不错 ， 在 市中心 最 热闹 的 地方 ， 购物 和
HUM_cat-hotel_pol-POS_tokenise, 1417	， 玩得 方便 。 很 值得 推荐 的	酒店	， 四星级 ， 价格公道 ， 童叟无欺 ， 四星级 的 标准 ， 三星级
HUM_cat-hotel_pol-POS_tokenise, 1417	地毯 ， 网络 很 通畅 ， 不像 某些	酒店	谎称 “ 网络 中毒 ” 而 不让 上 宽带 ， 连好 一点
HUM_cat-hotel_pol-POS_tokenise, 1418	连好 一点 的 借口 都 不会 找 ！	酒店	有点 偏 ， （ 没有 地铁站 ） ， 19 ： 30 后
HUM_cat-hotel_pol-POS_tokenise, 1419	房间 很 好 ， 也 有 海景 。	酒店	处于 石老人 海水浴场 附近 ， 非常 优美 。 好像 是 2005 年
HUM_cat-hotel_pol-POS_tokenise, 1420	服务 非常 好 ， 随要 随送 。 该	酒店	是 沧州 目前 最好 成绩 的 酒店. 早餐 还 可以.
HUM_cat-hotel_pol-POS_tokenise, 1420	该 酒店 是 沧州 目前 最好 成绩 的	酒店	. 早餐 还 可以. 房间 也 不错. 不过 就 周围
HUM_cat-hotel_pol-POS_tokenise, 1421	， 中西 都 能 兼顾 。 缺点 ：	酒店	餐厅 晚 8 点 就 打烊 ， 为了 催 还 在 就餐
HUM_cat-hotel_pol-POS_tokenise, 1421	， 感觉 这样 的 服务 不够 四星级 ；	酒店	没有 停车场 ， 停车 就 在 大门口 那 一小块 豆腐干 似的 地方
HUM_cat-hotel_pol-POS_tokenise, 1421	也 收费 ， 不 方便 驾车 族 ；	酒店	给 了 我们 两个 靠近 电梯间 的 房间 ， 一 晚上 电梯
HUM_cat-hotel_pol-POS_tokenise, 1421	人 无法 入睡 。 我 遇到 过 多次	酒店	给 携程 客人 安排 的 房间 相对 不 理想 ， 但愿 这次
HUM_cat-hotel_pol-POS_tokenise, 1421	相对 不 理想 ， 但愿 这次 不是 。	酒店	对面 以卖 千张 包 出名 的 那个 店家 这次 我 因为 日程
HUM_cat-hotel_pol-POS_tokenise, 1422	用户 有所 回应 ？ 今天 刚 从 蝴蝶谷	酒店	回来, 环境 很 好, 很 宁静 舒服, 是 过
HUM_cat-hotel_pol-POS_tokenise, 1422	点评 2008 年 2 月 24 日 ：	酒店	的 装修 别具 风格, 其 欠缺 的 就是 客房 的 隔音
HUM_cat-hotel_pol-POS_tokenise, 1423	的 隔音 不太 理想. 地理位置 不错 ，	酒店	内 装修 风格 和 设施 一般 ， 早餐 不错 ， 服务 好
HUM_cat-hotel_pol-POS_tokenise, 1424	好 。 我 住 的 商务 单人间 ，	酒店	周边环境 一般般 ， 但 房间 比较 大 ， 床 软硬 适中 ，
HUM_cat-hotel_pol-POS_tokenise, 1426	还会 住 的 ！ 群山环绕 之中 的 温泉	酒店	， 空气 、 水质 都 是 没话说 的 ， 但 酒店 的
HUM_cat-hotel_pol-POS_tokenise, 1426	、 水质 都 是 没话说 的 ， 但	酒店	的 服务 细节 还 很 不 到位 。 因为 没有 公共交通 直达
HUM_cat-hotel_pol-POS_tokenise, 1429	大同 能 接受 这个 价钱 建议 住 这家	酒店	, 房间 够 大, 卫生间 的 设施 很 不错! 吃
HUM_cat-hotel_pol-POS_tokenise, 1429	不错! 吃 不惯 山西 面食 就 在	酒店	一楼 的 拉丁 餐厅 吃 自助餐, 菜式 很 好. 商务
HUM_cat-hotel_pol-POS_tokenise, 1432	。 追加 一点 ， 早餐 尽量 不要 在	酒店	吃 。 能 吃 的 食物 少 的 可怜 ， 如果 阁下
HUM_cat-hotel_pol-POS_tokenise, 1432	服务 和 起码 的 食物 供应 ， 这是	酒店	给 我 留下 的 最深 的 印象 和 遗憾 宾馆 反馈 2006
HUM_cat-hotel_pol-POS_tokenise, 1432	。 点评 中 所 涉及 的 相关 问题	酒店	已 给予 高度重视 并 正 对 早餐 等 相关 问题 根据 客人
HUM_cat-hotel_pol-POS_tokenise, 1432	等 相关 问题 根据 客人 的 需求 和	酒店	的 服务 标准 作出 改进 和 调整 。 酒店 质监 部已 加强
HUM_cat-hotel_pol-POS_tokenise, 1432	的 服务 标准 作出 改进 和 调整 。	酒店	质监 部已 加强 了 对 服务质量 的 督导 。 酒店 的 位置
HUM_cat-hotel_pol-POS_tokenise, 1433	部已 加强 了 对 服务质量 的 督导 。	酒店	的 位置 较 好 ， 出 了 火车站 坐 8 路车 就
HUM_cat-hotel_pol-POS_tokenise, 1433	了 火车站 坐 8 路车 就 能 到	酒店	， 酒店 后门 就是 洋人街 ， 交通 很 方便 。 装修 也
HUM_cat-hotel_pol-POS_tokenise, 1433	坐 8 路车 就 能 到 酒店 ，	酒店	后门 就是 洋人街 ， 交通 很 方便 。 装修 也 很 好
HUM_cat-hotel_pol-POS_tokenise, 1433	也 很 丰富 。 是 个 不错 的	酒店	， 下次 去 的话 还会 去 住 。 我们 要 了 2
HUM_cat-hotel_pol-POS_tokenise, 1435	看起来 是 熟人 带来 的 ） 。 这个	酒店	的 外部环境 是 非常 好 的 ， 有 这么 好 外部环境 的
HUM_cat-hotel_pol-POS_tokenise, 1435	好 的 ， 有 这么 好 外部环境 的	酒店	非常少 ， 这么 优美 的 地方 ， 应该 配 上 专业 的
HUM_cat-hotel_pol-POS_tokenise, 1442	， 没有 看到 无敌 江景 。 总得来说 ，	酒店	弄 得 比较 干净 。 韩国 人 特别 多 。 但是 房间
HUM_cat-hotel_pol-POS_tokenise, 1442	， 但是 已经 算是 丹东 最 顶尖 的	酒店	了 。 绵州 酒店 算是 绵阳市 区 最好 的 酒店 之一 ，
HUM_cat-hotel_pol-POS_tokenise, 1443	丹东 最 顶尖 的 酒店 了 。 绵州	酒店	算是 绵阳市 区 最好 的 酒店 之一 ， 但是 毕竟 是 四星级
HUM_cat-hotel_pol-POS_tokenise, 1443	。 绵州 酒店 算是 绵阳市 区 最好 的	酒店	之一 ， 但是 毕竟 是 四星级 的 ， 品质 不 可能 太好
HUM_cat-hotel_pol-POS_tokenise, 1444	大堂 的 厕所 也 太小 了 。 该	酒店	住宿 条件 比 想像中 好 ， 运气 好 的话 房间 里 还
HUM_cat-hotel_pol-POS_tokenise, 1448	订位 ， 才能 就餐 ， 有些 遗憾 。	酒店	服务态度 ， 房间 环境 都 不错 ， 改了 名字 的 原天 鸿
HUM_cat-hotel_pol-POS_tokenise, 1448	都 不错 ， 改了 名字 的 原天 鸿	酒店	现在 听 起来 更好 听 了 。 不错 ， 比 武汉 的
HUM_cat-hotel_pol-POS_tokenise, 1451	ps ： 上网 速度 还 行 不错 的	酒店	， 本人 经常 入住 ， 对 周边 及 酒店 环境 都 很
HUM_cat-hotel_pol-POS_tokenise, 1451	， 本人 经常 入住 ， 对 周边 及	酒店	环境 都 很 熟悉 。 在 携程 上订 了 一天 ， 实际
HUM_cat-hotel_pol-POS_tokenise, 1452	上订 了 一天 ， 实际 入住 两天 ，	酒店	照 携程 价 加收 了 一天 房费 ， 并 为 我 免费
HUM_cat-hotel_pol-POS_tokenise, 1452	免费 升级 了 商务 房 。 中间 问	酒店	前台 借 过 指甲剪 ， 他们 说 没有 ， 建议 这类 的
HUM_cat-hotel_pol-POS_tokenise, 1452	咖啡 。 总体 感觉 还 算 可以 ，	酒店	也 比较 新 比较 干净 ， 就是 隔音 比较 差 ， 经常
HUM_cat-hotel_pol-POS_tokenise, 1452	隔音 比较 差 ， 经常 很 吵 ，	酒店	出门 就 有 地铁 和 公交线 ， 有 公交 直达 上海动物园 呵呵
HUM_cat-hotel_pol-POS_tokenise, 1452	， 有 公交 直达 上海动物园 呵呵 。 还有	酒店	延迟 退房 时间 没有 商量余地 ， 这个 不好玩 。 宾馆 反馈 2008
HUM_cat-hotel_pol-POS_tokenise, 1452	5 月 20 日 ： 感谢您 对 我们	酒店	的 评价, 更加 感谢您 对 我们 提 的 建议 。 在
HUM_cat-hotel_pol-POS_tokenise, 1452	提 的 建议 。 在 我们 如 家	酒店	的 服务 规范 中 ， 指甲剪 之类 的 租借 物品 前台 是
HUM_cat-hotel_pol-POS_tokenise, 1452	致歉 ， 请 您 原谅 ！ 以后 我们	酒店	会 加强 对 此类 细节 的 关注 ， 不再 让 您 失望
HUM_cat-hotel_pol-POS_tokenise, 1453	这样 的 机会 证明 给 您 看 ！	酒店	房间 宽敞 整洁, 灯光 柔和, 总体 来说 还是 不错 的
HUM_cat-hotel_pol-POS_tokenise, 1454	隔壁 的 香格里拉 一店 都 不差 。 只是	酒店	其他 方面 例如 大堂 、 西餐厅 的 环境 和 食物 品种 还
HUM_cat-hotel_pol-POS_tokenise, 1455	， 我 还 不如 住 香格里拉 了 。	酒店	比较 干净 ， 设施 也 不错 。 反正 就 200 出头 的
HUM_cat-hotel_pol-POS_tokenise, 1455	也 不错 。 反正 就 200 出头 的	酒店	也 是 相当 的 不错 了 ， 就是 一般 房间 不带 早餐
HUM_cat-hotel_pol-POS_tokenise, 1456	。 。 大不了 转嫁到 房费 里面 好 了	酒店	外部环境 非常 棒 ， 出门 就是 海 ， 还有 酒店 的 外观
HUM_cat-hotel_pol-POS_tokenise, 1456	非常 棒 ， 出门 就是 海 ， 还有	酒店	的 外观 也 很 西式 。 里面 设施 比较 好 ， 游泳池
HUM_cat-hotel_pol-POS_tokenise, 1460	, 并 不是 临湖 只能 远眺 太湖.	酒店	在 山上, 比较 清静. 房间 送餐 不收 服务费, 菜
HUM_cat-hotel_pol-POS_tokenise, 1462	选择 这家 。 我于 4 月底 入住 该	酒店	， 整体 来说 该 酒店 超出 我 的 预期 。 酒店 门口
HUM_cat-hotel_pol-POS_tokenise, 1462	月底 入住 该 酒店 ， 整体 来说 该	酒店	超出 我 的 预期 。 酒店 门口 有 公交车站 ， 多路 公交车
HUM_cat-hotel_pol-POS_tokenise, 1462	来说 该 酒店 超出 我 的 预期 。	酒店	门口 有 公交车站 ， 多路 公交车 经过 ； 还有 出租车 在 门口
HUM_cat-hotel_pol-POS_tokenise, 1462	提供 建议 。 某种程度 上 感觉 是 五星级	酒店	， 下次 还会来 。 性价比 不错 ， 交通 方便 。 行政 楼层
HUM_cat-hotel_pol-POS_tokenise, 1463	档次 太低 ， 虽然 便宜 ， 但是 和	酒店	档次 不 相配 。 挺不错 的 酒店 。 就是 太难 找 了
HUM_cat-hotel_pol-POS_tokenise, 1464	和 酒店 档次 不 相配 。 挺不错 的	酒店	。 就是 太难 找 了 ！ ！ 我 的 司机 转 啊
HUM_cat-hotel_pol-POS_tokenise, 1465	会 好 一点 。 健身房 设备 有限 。	酒店	的 职员 都 很 有 礼貌 ， 工作 态度 积极 ， 奈何
HUM_cat-hotel_pol-POS_tokenise, 1465	有 礼貌 ， 工作 态度 积极 ， 奈何	酒店	的 设施 都 很 残旧 ， 整体而言 ， 环境 适合 会议 及
HUM_cat-hotel_pol-POS_tokenise, 1466	我 觉得 很 奇怪 ， 我 在 其它	酒店	也 曾 试过 无 任何 消费 ， 第二天 刷卡 授权 取消 （
HUM_cat-hotel_pol-POS_tokenise, 1466	（ 感觉 很 不爽 ） ， 并 一再强调	酒店	的 刷卡机 如果 当天 的 预 授权 ， 当天 取消 就 可以
HUM_cat-hotel_pol-POS_tokenise, 1466	退房 吧 ） 要 不 就 得 等	酒店	财务部门 两 三周 后 通知 银行 才能 取消 授权 。 我 想
HUM_cat-hotel_pol-POS_tokenise, 1466	的 系统 问题 吧 ， 我 在 别的	酒店	还 从来 没有 碰到 这种 问题 。 希望 你们 尽快 与 银行
HUM_cat-hotel_pol-POS_tokenise, 1468	餐饮 也 很 不错 ~! 第一次 住	酒店	~ 感觉 很 好! ~ 下次 还会来 的 ~! 由于
HUM_cat-hotel_pol-POS_tokenise, 1469	收 宽带 费, 所以 选 了 这个	酒店	, 感觉 还是 可以 的 非常 好 的 酒店, 除了 前台
HUM_cat-hotel_pol-POS_tokenise, 1470	, 感觉 还是 可以 的 非常 好 的	酒店	, 除了 前台 的 服务态度. 房间 设施 非常 好, 飞利浦
HUM_cat-hotel_pol-POS_tokenise, 1473	月 11 日 ： 性价比 很 高 的	酒店	！ 每次 和 王 总 、 Roby 出来 玩 ， 都 喜欢
HUM_cat-hotel_pol-POS_tokenise, 1475	还 可以 免费 看 球 。 作为 便捷	酒店	中规 中举 。 离 天桥 天坛 很近 ， 旺中 带静 吧 。
HUM_cat-hotel_pol-POS_tokenise, 1479	习惯 了 ， 每次 都 是 这里 。	酒店	位置 不错 ， 距 天府广场 和 春曦路 走路 大概 25 分钟 、
HUM_cat-hotel_pol-POS_tokenise, 1480	房间 地毯 、 墙纸 略显 陈旧 了 。	酒店	环境 很 好 交通 很 方便 附近 有 比较 多 吃 东西
HUM_cat-hotel_pol-POS_tokenise, 1483	评价 中等 。 在 宁夏 来说 这 人	酒店	应该 是 算 好 的 一个 酒店 了 吧. 这个 酒店
HUM_cat-hotel_pol-POS_tokenise, 1483	人 酒店 应该 是 算 好 的 一个	酒店	了 吧. 这个 酒店 是 我们 不少 同事 出差 上海 的
HUM_cat-hotel_pol-POS_tokenise, 1484	好 的 一个 酒店 了 吧. 这个	酒店	是 我们 不少 同事 出差 上海 的 首选 ， 非常 不错 。
HUM_cat-hotel_pol-POS_tokenise, 1486	宽 ， 整体 感觉 经济 实惠 不错!	酒店	的 设施 是 很 不错 的 ， 房间 大 ， 设施 新
HUM_cat-hotel_pol-POS_tokenise, 1487	感到 温暖 。 不愧为 泰安市 唯一 一家 四星级	酒店	， 从 酒店 到 岱庙 步行 只有 五分钟 的 距离 ， 还有
HUM_cat-hotel_pol-POS_tokenise, 1487	不愧为 泰安市 唯一 一家 四星级 酒店 ， 从	酒店	到 岱庙 步行 只有 五分钟 的 距离 ， 还有 金钥匙 服务中心 赠送
HUM_cat-hotel_pol-POS_tokenise, 1487	赠送 的 市区 图 和 泰山 地图 。	酒店	的 服务 ， 先于 客人 开口 之前 。 酒店 金钥匙 为 我们
HUM_cat-hotel_pol-POS_tokenise, 1487	的 服务 ， 先于 客人 开口 之前 。	酒店	金钥匙 为 我们 租车 、 订票 ， 在 回到 家 的 第二天
HUM_cat-hotel_pol-POS_tokenise, 1489	守护 圈外 领进去 ， 男足 也 住 这家	酒店	。 这回 订 了 三个 标房 一个 大床 房 。 地段 不错
HUM_cat-hotel_pol-POS_tokenise, 1491	另外, 就是 早餐 实在 是 不 与	酒店	成正比. 一是 品种 太 少, 二是 比较 难吃. 帮
HUM_cat-hotel_pol-POS_tokenise, 1492	二是 比较 难吃. 帮 同事 订 的	酒店	, 他 老兄 刚 从 东莞 回来, 详细 地问 了 一下
HUM_cat-hotel_pol-POS_tokenise, 1492	, 详细 地问 了 一下 他 对 粤海	酒店	的 印象, 说 是 硬件 和 软件: 极好! 所以
HUM_cat-hotel_pol-POS_tokenise, 1495	不再 多一点 呢 ？ 早餐 很 重要 。	酒店	的 地理位置 确实 不错 ， 离 南京东路 和 福州路 都 很 近
HUM_cat-hotel_pol-POS_tokenise, 1495	远 ， 旁边 还有 浦发银行 和 民生银行 ，	酒店	服务 不错 ， 以后 可能 还会 住 了 。 就 希望 早餐
HUM_cat-hotel_pol-POS_tokenise, 1496	。 不错 。 在 广东 算 干净 的	酒店	了 。 服务员 也 很 好 态度 。 感觉 很 好 ，
HUM_cat-hotel_pol-POS_tokenise, 1497	只是 没有 早餐 吃 ， 很 不爽 。	酒店	位置 还 不错, 离 刘公岛 码头 和 韩国城 座 的士 大约
HUM_cat-hotel_pol-POS_tokenise, 1497	还 可以 更 高分. 没住 过 其他	酒店	, 下次 来, 还是 想 住 这里 又 要 提到 性价比
HUM_cat-hotel_pol-POS_tokenise, 1498	要 提到 性价比 的 问题 了, 这个	酒店	以 这个 价格 来说, 算是 很 好 的 了, 并且
HUM_cat-hotel_pol-POS_tokenise, 1498	很 好 的 了, 并且 莆田 的	酒店	差不多 都 这样 的, 对面 台湾 大酒店 更糟, 还 不如
HUM_cat-hotel_pol-POS_tokenise, 1498	上述 吃饭 想 吃 简单 的 就 在	酒店	吃个 海鲜 炒 米粉 吧, 想 吃 不大贵 种类 多 的
HUM_cat-hotel_pol-POS_tokenise, 1500	不错, 不过 我们 下次 要 试一下 丽滋	酒店	, 呵呵..... 没有 比较, 就 没有 鉴别 嘛
HUM_cat-hotel_pol-POS_tokenise, 1503	点评 2008 年 1 月 20 日 ：	酒店	四四方方 的 ， 太丑 了 。 。 。 可是 里面 非常 棒
HUM_cat-hotel_pol-POS_tokenise, 1503	可是 里面 非常 棒 。 绝对 火 的	酒店	。 。 。 强烈推荐 。 。 。 就是 早餐 差 了 点
HUM_cat-hotel_pol-POS_tokenise, 1503	差 了 点 ， 要是 能 有 温州	酒店	的 早餐 就 好 了 。 刚 从 三亚 回来 ， 在
HUM_cat-hotel_pol-POS_tokenise, 1504	有点 霉味 。 但是 相对 于 亚龙湾 其他	酒店	的 价格 来说 ， 还是 很 具有 性价比 的 ！ 宾馆 的
HUM_cat-hotel_pol-POS_tokenise, 1504	并 把 行李 一直 送到 房间 里面 。	酒店	离 海边 很近 ， 走路 也 就是 两分钟 。 旁边 就是 亚龙湾
HUM_cat-hotel_pol-POS_tokenise, 1504	亚龙湾 吃 东西 很贵 的 人 ， 因为	酒店	门口 西临 有个 员工 餐厅 ， 一份 饭 也 就 6 元
HUM_cat-hotel_pol-POS_tokenise, 1504	来说 寰岛 是 亚龙湾 最 具有 性价比 的	酒店	了 ！ 酒店 的 装修 确实 还 不错, 就是 前面 在
HUM_cat-hotel_pol-POS_tokenise, 1505	亚龙湾 最 具有 性价比 的 酒店 了 ！	酒店	的 装修 确实 还 不错, 就是 前面 在 修 地铁,
HUM_cat-hotel_pol-POS_tokenise, 1505	修 地铁, 影响 很大, 看见 这个	酒店	, 坐车 最起码 还要 二十分钟 才能 到, 比较 郁闷. 我
HUM_cat-hotel_pol-POS_tokenise, 1506	8 月 27 - 29 日 入住 这个	酒店	的 。 酒店 的 2 名 行李 员 的 服务 很 好
HUM_cat-hotel_pol-POS_tokenise, 1506	- 29 日 入住 这个 酒店 的 。	酒店	的 2 名 行李 员 的 服务 很 好 ， 让 我们
HUM_cat-hotel_pol-POS_tokenise, 1507	了 表扬信 给 他们 ， 以示 感谢 ！	酒店	的 床 比 一般 的 香港 酒店 大 ， 双人房 的 床
HUM_cat-hotel_pol-POS_tokenise, 1507	！ 酒店 的 床 比 一般 的 香港	酒店	大 ， 双人房 的 床 都 很大 ， 枕头 超多超 舒服 。
HUM_cat-hotel_pol-POS_tokenise, 1507	床 都 很大 ， 枕头 超多超 舒服 。	酒店	正好 在 金钟 的 正上方 ， 逛街 很 方便 ， 东西 买
HUM_cat-hotel_pol-POS_tokenise, 1507	的 香片 茶 ， 非常 温馨 ！ 国内	酒店	的 服务 就 缺乏 这种 细节 ， 下次 还要 住 这里 。
HUM_cat-hotel_pol-POS_tokenise, 1509	服务员 服务到位, 很多 细节 上 凸显 了	酒店	的 人性化 考虑, 总之, 非常 满意! 总体 来说 各项
HUM_cat-hotel_pol-POS_tokenise, 1510	在 航天桥 才 明白 。 游泳池 不是 在	酒店	内 ， 是 酒店 借用 旁边 一个 健身 中心 的 ， 条件
HUM_cat-hotel_pol-POS_tokenise, 1510	。 游泳池 不是 在 酒店 内 ， 是	酒店	借用 旁边 一个 健身 中心 的 ， 条件 一般 ， 开放 时间
HUM_cat-hotel_pol-POS_tokenise, 1510	只卖 48 ， 这个 价格 相比 其他 五星级	酒店	消费水平 真的 不贵 哦 ！ 环境 ： 酒店 环境 尚可 ， 周边环境
HUM_cat-hotel_pol-POS_tokenise, 1511	酒店 消费水平 真的 不贵 哦 ！ 环境 ：	酒店	环境 尚可 ， 周边环境 一般 ， 要 到 大宁 国际 那边 才
HUM_cat-hotel_pol-POS_tokenise, 1511	也 没有 获得 应有 的 招呼 ， 进	酒店	的 时候 服务生 也 没有 帮忙 开门 以及 拉 一下 行李 。
HUM_cat-hotel_pol-POS_tokenise, 1511	比较 中规中矩 。 周围 也 没有 更好 的	酒店	了 (大宁 国际 的 福朋 除外) 。 500 - /
HUM_cat-hotel_pol-POS_tokenise, 1513	, 没什么 好 说 的, 香港 的	酒店	嘛, 有 这样 的 性价比 就 可以 了. 4 星级
HUM_cat-hotel_pol-POS_tokenise, 1514	性价比 就 可以 了. 4 星级 的	酒店	， 环境 不错 ， 宽带 免费 上网 速度 挺快 ， 早餐 也
HUM_cat-hotel_pol-POS_tokenise, 1514	的 。 报告 在 郑州 4 星级 的	酒店	这个 价格 相对来说 还是 贵 了 一点 交通 挺 方便 的 ，
HUM_cat-hotel_pol-POS_tokenise, 1516	传统 城区 的 交界处, 虽然 是 老	酒店	了 (五年 以上), 房间 设施 还是 不错 的,
HUM_cat-hotel_pol-POS_tokenise, 1517	做 吗? 确实 是 茂名 最好 的	酒店	, 房间 很大, 装修 也 很 新, 酒店 所 处
HUM_cat-hotel_pol-POS_tokenise, 1517	房间 很大, 装修 也 很 新,	酒店	所 处 位置 的 风景 也 非常 好. 窗户 的 隔音
HUM_cat-hotel_pol-POS_tokenise, 1518	很 丰富. 原本 对 徐州 好 的	酒店	没有 什么 印象 ， 按照 携程 的 推荐 ， 2 次 入住
HUM_cat-hotel_pol-POS_tokenise, 1518	的 推荐 ， 2 次 入住 了 该	酒店	， 发现 的确 不错 ， 环境优美 ， 设施 完善 ， 服务周到 ，
HUM_cat-hotel_pol-POS_tokenise, 1521	是因为 那里 离开 目的地 近 所以 选 的	酒店	虽然 比较 老 但 我 入住 的 行政 楼 很 好 ，
HUM_cat-hotel_pol-POS_tokenise, 1522	的 我 都 睡不着 觉 了 ， 不过	酒店	环境 还算 新 ， 总体 感觉 还 不错 ， 绝对 不至于 影响
HUM_cat-hotel_pol-POS_tokenise, 1526	点评 ， 却 一直 未 成功 。 因为	酒店	的 服务 很 好 。 前 一段时间 和 同事 一起 去 泰安
HUM_cat-hotel_pol-POS_tokenise, 1526	床 下 了 。 快到 山脚 时 ，	酒店	的 服务 人员 给 我们 打电话 ， 说 捡 到 我们 的
HUM_cat-hotel_pol-POS_tokenise, 1526	这才 发现 钱包 丢 了 。 当即 回到	酒店	， 记得 那位 值班人员 叫 苏秀 ， 我们 在 此 表示感谢 。
HUM_cat-hotel_pol-POS_tokenise, 1526	2008 年 6 月 1 日 ： 我们	酒店	是 老牌 四星级 酒店 ， 员工素质 高 ， 个个 都 有 十几年
HUM_cat-hotel_pol-POS_tokenise, 1526	1 日 ： 我们 酒店 是 老牌 四星级	酒店	， 员工素质 高 ， 个个 都 有 十几年 的 服务 经验 ，
HUM_cat-hotel_pol-POS_tokenise, 1526	在 泰城 数首 屈一值 ， 宾客 选择 我们	酒店	会住 得 温馨 、 安心 、 放心 的 。 房间 还 行
HUM_cat-hotel_pol-POS_tokenise, 1530	霉味 虽然 周围环境 差 了 一些 ， 但是	酒店	大堂 气派 ， 房间 宽敞 ， 设备 新 ， 服务到位 ， 总体
HUM_cat-hotel_pol-POS_tokenise, 1530	设备 新 ， 服务到位 ， 总体 来说 在	酒店	内 确实 是 五星 的 标准 ， 考虑 到 周边环境 ， 携程
HUM_cat-hotel_pol-POS_tokenise, 1531	今天 退房 的 502 的 客人 ， 非常感谢	酒店	昨天 的 服务 和 对 本人 的 照顾 和 关心 ， 由于
HUM_cat-hotel_pol-POS_tokenise, 1531	， 并且 在 我 回到 房间 后 ，	酒店	餐厅 部 经理 （ 负责人 ） 打电话 问候 ， 并且 在 晚上
HUM_cat-hotel_pol-POS_tokenise, 1531	觉得 自己 不 在 孤独 ， 真的 非常感谢	酒店	的 工作人员 ， 谢谢你们 ！ ！ 到 前台 发现 酒店 的 广告
HUM_cat-hotel_pol-POS_tokenise, 1532	工作人员 ， 谢谢你们 ！ ！ 到 前台 发现	酒店	的 广告 是 数码 房间 ， 原来 我们 订 的 房间 有
HUM_cat-hotel_pol-POS_tokenise, 1534	了 。 以后 去 芜湖 还会 选择 该	酒店	的 。 酒店 非常 好, 房间 大, 环境 好.
HUM_cat-hotel_pol-POS_tokenise, 1535	去 芜湖 还会 选择 该 酒店 的 。	酒店	非常 好, 房间 大, 环境 好. 再 去 沈阳
HUM_cat-hotel_pol-POS_tokenise, 1536	当晚 ２ ２ ： ０ ０ 致电 给	酒店	的 大堂 经理 ， 次日 ， 就 收到 了 快递 回来 的
HUM_cat-hotel_pol-POS_tokenise, 1537	感谢 为 寄回 失物 的 工作人员 表示感谢 ．	酒店	的 硬件 不错 ， 房间 相当 新 ， 大堂 有 气派 ，
HUM_cat-hotel_pol-POS_tokenise, 1538	， 传统 电视机 ； 4 、 饮食 ：	酒店	早餐 品种 较 多 ， 令人 惊喜 ； 附近 餐厅 亦 提供
HUM_cat-hotel_pol-POS_tokenise, 1539	， 在 国内 ， 除了 一些 国际 知名品牌	酒店	外 ， 我 看到 这样 做 的 好像 这是 第一家 ！ 张
HUM_cat-hotel_pol-POS_tokenise, 1541	可以 ， 服务 做到 得 比较 好 。	酒店	离 市中心 虽然 远, 但 门口 就是 地铁站, 对 与
HUM_cat-hotel_pol-POS_tokenise, 1541	的 朋友 来说 是 个 好 地方.	酒店	房间 设施 不错, 我定 的 是 大床 房, 感觉 很
HUM_cat-hotel_pol-POS_tokenise, 1542	我 在 新会 住 过 的 最好 的	酒店	， 平均 一个半月 住 一次 ， 推荐 大家 入住 ； 虽然 含
HUM_cat-hotel_pol-POS_tokenise, 1544	说明 一下 ， 否则 很 郁闷 。 这个	酒店	是 这次 旅游 算 最好 的 一个 了, 房间 虽然 小点
HUM_cat-hotel_pol-POS_tokenise, 1545	但是 干净, 服务 也 很 好.	酒店	环境 和 服务 都 是 五星级 的 ， 去 周围 几个 五星级
HUM_cat-hotel_pol-POS_tokenise, 1545	是 五星级 的 ， 去 周围 几个 五星级	酒店	逛 了 一圈 作 对比 ， 还是 觉得 万豪 好 ， 下次
HUM_cat-hotel_pol-POS_tokenise, 1546	感谢您 们 前期 选择 入住 新疆 屯河 华美达	酒店	及 对 本 酒店 的 评价, 对于 前期 大家 入住 本
HUM_cat-hotel_pol-POS_tokenise, 1546	入住 新疆 屯河 华美达 酒店 及 对 本	酒店	的 评价, 对于 前期 大家 入住 本 酒店 未能 达到 满意
HUM_cat-hotel_pol-POS_tokenise, 1546	的 评价, 对于 前期 大家 入住 本	酒店	未能 达到 满意 ， 我们 深表歉意! 本 酒店 于 2008 年
HUM_cat-hotel_pol-POS_tokenise, 1546	未能 达到 满意 ， 我们 深表歉意! 本	酒店	于 2008 年 5 月 对 酒店 进行 了 全新 的 改造
HUM_cat-hotel_pol-POS_tokenise, 1546	本 酒店 于 2008 年 5 月 对	酒店	进行 了 全新 的 改造, 包括 房间内 的 装修, 设施
HUM_cat-hotel_pol-POS_tokenise, 1547	满意 。 离 机场 算是 比较 近 的	酒店	, 规模 看上去 不错, 服务 不错, 酒店 餐厅 也 不错
HUM_cat-hotel_pol-POS_tokenise, 1547	, 规模 看上去 不错, 服务 不错,	酒店	餐厅 也 不错, 最赞 的 是 大床 房, 很棒.
HUM_cat-hotel_pol-POS_tokenise, 1552	出租车 ， 提前 说 一声 就行 。 这个	酒店	的 地理位置 不错, 离 火车站 很近, 出行 特 方便.
HUM_cat-hotel_pol-POS_tokenise, 1552	省委 、 让 人 感觉 很 安全 ，	酒店	服务 也 很 好 ， 本人 将 项链 放在 电视机 旁 ，
HUM_cat-hotel_pol-POS_tokenise, 1552	我 很 感动 ， 真是 个 不错 的	酒店	， 建议 大家 去 长沙 可以 选择 这个 酒店 试试 。 补充
HUM_cat-hotel_pol-POS_tokenise, 1552	， 建议 大家 去 长沙 可以 选择 这个	酒店	试试 。 补充 点评 2008 年 7 月 2 日 ： 以前
HUM_cat-hotel_pol-POS_tokenise, 1552	月 2 日 ： 以前 跟 朋友 入住	酒店	时, 早餐 是 设在 负 一楼 的, 环境 不好.
HUM_cat-hotel_pol-POS_tokenise, 1552	了, 感觉 很 好, 总的来说,	酒店	真的 很 不错, 下次 来 长沙, 还 选择 住 这个
HUM_cat-hotel_pol-POS_tokenise, 1552	下次 来 长沙, 还 选择 住 这个	酒店	. 到 敦煌 入住 这个 酒店 吃住行 都 方便 ， 适合 驴友
HUM_cat-hotel_pol-POS_tokenise, 1553	住 这个 酒店. 到 敦煌 入住 这个	酒店	吃住行 都 方便 ， 适合 驴友 。 酒店 的 地理位置 很 好
HUM_cat-hotel_pol-POS_tokenise, 1554	酒店 吃住行 都 方便 ， 适合 驴友 。	酒店	的 地理位置 很 好 ， 与 普宁寺 只 一墙之隔 ， 环境 也
HUM_cat-hotel_pol-POS_tokenise, 1555	, 但 走路 过去 也 不算 近.	酒店	附近 没什么 吃 的. 近临 富春江 边 ， 环境优美 ， 喜欢
HUM_cat-hotel_pol-POS_tokenise, 1557	的 好 场所 。 非常 好 的 一个	酒店	。 我 拿到 的 是 特价 房 ， 感觉 物超所值 。 我
HUM_cat-hotel_pol-POS_tokenise, 1562	比较满意. 我 是 第一次 住 公寓式 的	酒店	， 感觉 很棒 。 一进 客房 特 宽敞明亮 。 我 住 的
HUM_cat-hotel_pol-POS_tokenise, 1562	房间 很大 很 超值 ， 远远 高于 三星级	酒店	的 标准 ， 可以 跟 四星级 的 媲美 了 呢 ～ 很棒
HUM_cat-hotel_pol-POS_tokenise, 1563	忘记 看 工号 ） ， 赞 一个 ！	酒店	位置 离 机场 极近 ！ 15 大米 搞定 ！ 总体 说来 还是
HUM_cat-hotel_pol-POS_tokenise, 1565	。 位置 离 火车站 有 一段距离 ， 该	酒店	服务 还 可以 ， 就是 入住 时才 发现 窗外 在 施工 ，
HUM_cat-hotel_pol-POS_tokenise, 1567	来店 品尝 和 感受 ！ 还 不错 的	酒店	, 地点 很 好, 就 在 火车站 出来. 一楼 有点
HUM_cat-hotel_pol-POS_tokenise, 1568	吃饭 的 客人, 不过 不 影响 住宿	酒店	周围 的 环境 不错, 去 景点 都 很 方便. 前台
HUM_cat-hotel_pol-POS_tokenise, 1571	的 时候 ， 老婆 正好 可以 使用 。	酒店	除了 家具 设施 稍微 有些 过时 ， 早餐 比较 普通 外 ，
HUM_cat-hotel_pol-POS_tokenise, 1571	也 有 不少 人 醉醺醺 的 出来 。	酒店	是 最近 才 升为 4 星 的 ， 不过 ， 个人感觉 还是
HUM_cat-hotel_pol-POS_tokenise, 1572	赞 一个 。 本人 25 号 入住 该	酒店	, 27 号 离开, 给 我 的 感觉 是 酒店 卫生
HUM_cat-hotel_pol-POS_tokenise, 1572	号 离开, 给 我 的 感觉 是	酒店	卫生 不错, 房间 也 很 安静, 交通 比较 方便,
HUM_cat-hotel_pol-POS_tokenise, 1572	还 可以, 下次 考虑 再 住 该	酒店	. 确实 不错 ， 应该 说 是 超值 ， 实在 想不到 ，
HUM_cat-hotel_pol-POS_tokenise, 1573	在 一个 县级 城市 ， 有 这样 的	酒店	。 服务 好 ， 前台 接待员 挺 热情 。 环境 相当 不错
HUM_cat-hotel_pol-POS_tokenise, 1576	， 不愧 曾经 是 国际 连锁 集团 的	酒店	。 交通 可以, 周边环境 一般. 服务 还行. 但 感觉
HUM_cat-hotel_pol-POS_tokenise, 1577	! 不过 按照 张家界 的 地理 特征 结合	酒店	价格 看, 还是 比较 值得 一住 的 走入 酒店 身心 感受
HUM_cat-hotel_pol-POS_tokenise, 1578	看, 还是 比较 值得 一住 的 走入	酒店	身心 感受 凉爽, 客房 送餐 免收 服务费, 味道 也 挺
HUM_cat-hotel_pol-POS_tokenise, 1578	不错 ~! 下次 到 太仓 还会 选该	酒店	哦 ~! 总的来说 还是 不错 的 ， 除了 床 小点 ，
HUM_cat-hotel_pol-POS_tokenise, 1580	风格 简洁 时尚, 感觉 相当 不错 的	酒店	. 只是 对 配套 餐厅 比较 失望, 先是 衣宵 供应 时间
HUM_cat-hotel_pol-POS_tokenise, 1580	因为 我 的 飞机 比较 晚, 到	酒店	晚上 10: 10 左右, 酒店 的 中餐厅 已经 停止 供应
HUM_cat-hotel_pol-POS_tokenise, 1580	到 酒店 晚上 10: 10 左右,	酒店	的 中餐厅 已经 停止 供应 了, 送餐 服务牌 上 的 餐品
HUM_cat-hotel_pol-POS_tokenise, 1580	16 日 ： 首先 非常感谢 阁下 入住 我们	酒店	， 并 给予 我们 中肯 的 评价 。 关于 阁下 反映 的
HUM_cat-hotel_pol-POS_tokenise, 1580	， 我们 感到 非常 惊讶 与 不解 。	酒店	管理层 已经 与 相关 部门 开会讨论 ， 决定 再次 全面 检查 ，
HUM_cat-hotel_pol-POS_tokenise, 1582	收费. 大堂 有 五星 标准, 但	酒店	位置 有些 不好, 好 几次 个 开元, 这个 最 偏远
HUM_cat-hotel_pol-POS_tokenise, 1584	了 景区 ， 晨雾 缭绕 ， 空气清新 。	酒店	区位 的确 是 武夷山 独一无二 的 。 我 住 的 是 5
HUM_cat-hotel_pol-POS_tokenise, 1586	也 就 凑合 了 。 非常 好 的	酒店	, 服务 也 很 好. 我 住 的 是 行政 豪华
HUM_cat-hotel_pol-POS_tokenise, 1586	之前 退房. 下次 还会 选择 住 这家	酒店	. 酒店 服务 不错 ， 本来 我订 的 标间 ， 到 了
HUM_cat-hotel_pol-POS_tokenise, 1587	. 下次 还会 选择 住 这家 酒店.	酒店	服务 不错 ， 本来 我订 的 标间 ， 到 了 之后 我
HUM_cat-hotel_pol-POS_tokenise, 1587	了 之后 我 要求 换成 大床 间 ，	酒店	爽快 的 帮 我 调换 了 。 其他 各 方面 服务 也
HUM_cat-hotel_pol-POS_tokenise, 1588	总体 来说 这次 还是 很 满意 的 。	酒店	就 在 市中心 ， 很 醒目 ， 而且 比较 干净 ， 比
HUM_cat-hotel_pol-POS_tokenise, 1588	干净 ， 比 一些 大城市 里面 的 四星级	酒店	要 好 一些 ， 价格 也 比较 诱人 。 酒店 不太好 找
HUM_cat-hotel_pol-POS_tokenise, 1589	好 一些 ， 价格 也 比较 诱人 。	酒店	不太好 找 ， 如果 没有 GPS 基本上 找 不到 。 感觉 酒店设备
HUM_cat-hotel_pol-POS_tokenise, 1592	才能 使用 ， 稍 有点 麻烦 ， 不过	酒店	管理 ， 可以 理解 位置 还 可以 离 解放碑 地区 不远 ，
HUM_cat-hotel_pol-POS_tokenise, 1598	一般 ， 前台 都 不 懂得 英文 ，	酒店	也 不够 大气 。 我 是 看 了 网上 的 评论 才定
HUM_cat-hotel_pol-POS_tokenise, 1599	看 了 网上 的 评论 才定 的 该	酒店	, 总结 优点 一是 交通 便利, 二 还是 交通 便利;
HUM_cat-hotel_pol-POS_tokenise, 1600	的 价格 入住, 超值. 客人 称赞	酒店	很 不错, 我 想 这 是 每个 入住 客人 的 同感
HUM_cat-hotel_pol-POS_tokenise, 1602	现在 的 预定 价格 是 280 了 ，	酒店	还是 那样 ， 这次 住 的 房间 1320 ， 可能 由于 在
HUM_cat-hotel_pol-POS_tokenise, 1602	， 就 谢绝 了 ， 但是 我 觉得	酒店	的 服务 的确 比较 好 ， 只是 设施 有点 旧 了 ，
HUM_cat-hotel_pol-POS_tokenise, 1603	问题 。 中 煤 大厦 在 同价位 的	酒店	中 ， 个人感觉 性价比 还 可以 。 只是 我 住 的 房间
HUM_cat-hotel_pol-POS_tokenise, 1605	不 多 说 了 。 第二次 入住 这个	酒店	了 ， 服务 很 好 ， 让 客人 感到 很 舒服 ，
HUM_cat-hotel_pol-POS_tokenise, 1606	， 很 满意 。 性价比 非常 好 的	酒店	， 房间 设施 超好 ， 卫生间 分 了 3 个 部分 ，
HUM_cat-hotel_pol-POS_tokenise, 1608	够 干净 。 再接再厉 ！ 中国 人 的	酒店	就是 无烟 房间 少 ， 或者 把 烟灰缸 放进 抽屉 就是 无烟
HUM_cat-hotel_pol-POS_tokenise, 1609	， 床大 ， 内饰 不错 。 不足 是	酒店	饮食 不 习惯 ， 进房 时间 太晚 （ 下午 3 点后 ）
HUM_cat-hotel_pol-POS_tokenise, 1610	兴安县 城 怎么 会 有 那么 好 的	酒店	， 呵呵 ， 乐满地 我们 没有 去游 ， 可能 是因为 那里 吧
HUM_cat-hotel_pol-POS_tokenise, 1611	小 日本 了 。 我 个人 习惯 住	酒店	最 在意 的 是 卫生 ， 尤其 卫生间 的 卫生 最 重要
HUM_cat-hotel_pol-POS_tokenise, 1611	8 月 24 日 ： 另外 值得一提的是 ，	酒店	地理位置 不错 ， 从 这里 到 各大 景点 和 购物 区 都
HUM_cat-hotel_pol-POS_tokenise, 1612	直达 的 公交车 是 绝佳 的 购物 首选	酒店	, 楼下 就是 连卡佛 和 海港 城 ， 但 乘 搭 地铁
HUM_cat-hotel_pol-POS_tokenise, 1613	。 我 入住 的 那天 正好 下雨 ，	酒店	迎宾 主动 打伞 接送 ， 服务 很 到位 。 房间 很 干净
HUM_cat-hotel_pol-POS_tokenise, 1614	。 无 24 小时 送餐 万豪 旗下 的	酒店	， 管理 不错 。 酒店 环境 也 很 好 。 刚 从
HUM_cat-hotel_pol-POS_tokenise, 1614	万豪 旗下 的 酒店 ， 管理 不错 。	酒店	环境 也 很 好 。 刚 从 丽江 回来, 感觉 酒店
HUM_cat-hotel_pol-POS_tokenise, 1615	好 。 刚 从 丽江 回来, 感觉	酒店	在 各 方面 都 还 不错, 服务员 很 热情周到, 每天
HUM_cat-hotel_pol-POS_tokenise, 1615	睡得 一点 都 不香, 好像 这边 的	酒店	都 是 木制 结构, 估计 都 差不多 当地 最好 的 酒店
HUM_cat-hotel_pol-POS_tokenise, 1616	结构, 估计 都 差不多 当地 最好 的	酒店	。 房间 条件 很 好 ， 我住 拐角 的 房间 ， 布局
HUM_cat-hotel_pol-POS_tokenise, 1617	总体 来说 满意 。 很 不错 的 一家	酒店	在 三亚湾 那里 ， 价位 很 低 ， 服务 也 不错 。
HUM_cat-hotel_pol-POS_tokenise, 1620	建议 携程 以后 要 给 个 好 折扣	酒店	整体 感觉 还 不错 ， 就是 附近 没什么 吃饭 的 地方 。
HUM_cat-hotel_pol-POS_tokenise, 1622	价钱 ， 性价比 还是 满好 的 。 因为	酒店	位置 较 好 ， 离 天安门 10 几分钟 路程 ， 离 天坛
HUM_cat-hotel_pol-POS_tokenise, 1622	路程 ， 离 天坛 也 比较 近 。	酒店	东边 的 前门大街, 正在 拆 了 重建 。 如 坐地铁 ，
HUM_cat-hotel_pol-POS_tokenise, 1624	继续 逛街 ， 当大 包小包 拎 着 回到	酒店	取 行李 时 ， 服务员 很会 心地 把 我们 请 到 行李房
HUM_cat-hotel_pol-POS_tokenise, 1624	的 桌椅 ， 让 你 可以 避免 在	酒店	大堂 中 开箱 、 合并 、 装袋 的 尴尬 举动 ， 从容
HUM_cat-hotel_pol-POS_tokenise, 1626	人员 业务 能力 比较 强 ， 很快 搞定	酒店	可能 是 新装修 的 ， 还 算 整洁 。 地处 闹市区 ，
HUM_cat-hotel_pol-POS_tokenise, 1629	： 在 大陆 得 边陲 有 和 台北	酒店	风格 这么 相似 得 酒店 ， 房间 温馨 大气 ， 舒适 干净
HUM_cat-hotel_pol-POS_tokenise, 1629	有 和 台北 酒店 风格 这么 相似 得	酒店	， 房间 温馨 大气 ， 舒适 干净 而且 很 人性 。 卫生间
HUM_cat-hotel_pol-POS_tokenise, 1630	解决问题 。 订票 服务 不 知道 是否 归	酒店	管 ， 感觉 服务 跟 酒店 整体 水平 有 一定 差距 。
HUM_cat-hotel_pol-POS_tokenise, 1630	是否 归 酒店 管 ， 感觉 服务 跟	酒店	整体 水平 有 一定 差距 。 宾馆 反馈 2008 年 7 月
HUM_cat-hotel_pol-POS_tokenise, 1633	了 之后 发现 很小 ， 很 萧条 。	酒店	很 干净 ， 服务员 态度 可以 。 卫生间 小 了 一点 。
HUM_cat-hotel_pol-POS_tokenise, 1633	态度 可以 。 卫生间 小 了 一点 。	酒店	位置 在 闹市 ， 比较 方便 。 早餐 也 比较 丰富 ，
HUM_cat-hotel_pol-POS_tokenise, 1633	比较 丰富 ， 吃 的 满意 。 建议	酒店	增加 一些 宣传 西塘 的 资料 ， 并 在 酒店 名片 后面
HUM_cat-hotel_pol-POS_tokenise, 1633	一些 宣传 西塘 的 资料 ， 并 在	酒店	名片 后面 ， 简要 指明 到 西塘 的 行车 路线 或 公交路线
HUM_cat-hotel_pol-POS_tokenise, 1635	. 价格 适中. 用餐 条件 一般.	酒店	自己 的 餐厅 不太好, 隔壁 的 大连 海鲜 餐馆 尚可,
HUM_cat-hotel_pol-POS_tokenise, 1637	还 没有 发现 。 很 不错 的 一个	酒店	, 床 很大, 很 舒服. 酒店 员工 的 服务态度 很
HUM_cat-hotel_pol-POS_tokenise, 1637	酒店, 床 很大, 很 舒服.	酒店	员工 的 服务态度 很 亲切. 酒店设施 很 新 ， 细节 问题
HUM_cat-hotel_pol-POS_tokenise, 1638	， 以后 还会 作为 杭州 出差 的 首选	酒店	！ 宾馆 反馈 2008 年 8 月 11 日 ： 非常 感谢您
HUM_cat-hotel_pol-POS_tokenise, 1638	8 月 11 日 ： 非常 感谢您 对	酒店	的 肯定 和 支持 ， 您 对 我们 的 肯定 是 我们
HUM_cat-hotel_pol-POS_tokenise, 1639	饭店 ， 是 我 迄今为止 住 过 的	酒店	里 ， 服务生 态度 最好 的 一家 。 总是 在 不经意 间
HUM_cat-hotel_pol-POS_tokenise, 1643	还用 的 是 飘柔 和 舒服 佳 。	酒店	很 不错 ， 大床 房床 挺 大 的 ， 房间 也 挺
HUM_cat-hotel_pol-POS_tokenise, 1643	第二天 晚上 还 专门 打电话 来 问 对	酒店	有 什么 意见 和 建议 。 酒店 一 出门 就 栈桥 ，
HUM_cat-hotel_pol-POS_tokenise, 1643	对 酒店 有 什么 意见 和 建议 。	酒店	一 出门 就 栈桥 ， 离 五四 广场 稍 有点 远 ，
HUM_cat-hotel_pol-POS_tokenise, 1643	真不错 ， 下次 到 青岛 的话 还会选 这家	酒店	。 房间 是 新 的, 但 质量 不太好, 窗帘 都
HUM_cat-hotel_pol-POS_tokenise, 1645	楼下 是 百货公司. 是 非常 不错 的	酒店	， 服务 也 很 周到 ， 赞赏 香港 人 的 服务 意识
HUM_cat-hotel_pol-POS_tokenise, 1646	到 凌晨 实在 没有 心情 欣赏 和 在意	酒店	的 景观 和 服务 迷迷糊糊 冲 进 房间 洗 了 澡 就
HUM_cat-hotel_pol-POS_tokenise, 1646	好好 的 体会 一下 自己 身处 的 地方	酒店	服务 不错 交通 便利 总体 感觉 还是 OK 的 房间 宽敞 ，
HUM_cat-hotel_pol-POS_tokenise, 1648	此 做 为 我 出差 福州 的 常住	酒店	。 这 类 商务 式 或 公寓式 的 酒店 ， 就是 提供
HUM_cat-hotel_pol-POS_tokenise, 1648	。 这 类 商务 式 或 公寓式 的	酒店	， 就是 提供 一个 方便 舒适 的 住宿 ， 没有 其他 更
HUM_cat-hotel_pol-POS_tokenise, 1648	所以 实在 不必 有大 前台 等 。 各类	酒店	适合 各类 的 客人 ， 选择 不同 的 酒店 对 不同 的
HUM_cat-hotel_pol-POS_tokenise, 1648	适合 各类 的 客人 ， 选择 不同 的	酒店	对 不同 的 酒店 应该 有 不同 的 标准 。 我 想
HUM_cat-hotel_pol-POS_tokenise, 1648	， 选择 不同 的 酒店 对 不同 的	酒店	应该 有 不同 的 标准 。 我 想 ， 那些 失望 的
HUM_cat-hotel_pol-POS_tokenise, 1648	的 评论 人 ， 是 误解 了 这类	酒店	的 特点 。 距 拱北 关口 近 ， 标准间 太小 ， 豪华
HUM_cat-hotel_pol-POS_tokenise, 1650	做成 玻璃 的 感觉 应该 会 更好 。	酒店	地理位置 是 绝佳 的 ， 我们 从 广州 坐车到 长安 ， 下车
HUM_cat-hotel_pol-POS_tokenise, 1650	长安 ， 下车 后 过个 马路 就是 长安	酒店	了 ， 超 方便 。 酒店 周围 饮食店 、 百佳 超市 都
HUM_cat-hotel_pol-POS_tokenise, 1650	就是 长安 酒店 了 ， 超 方便 。	酒店	周围 饮食店 、 百佳 超市 都 有 。 特别 推荐 大家 去
HUM_cat-hotel_pol-POS_tokenise, 1650	需要 改善 的 地方 是 应该 努力 跟	酒店	洽谈 ， 每个 房间 都 应 送 双份 早餐 ， 一份 早餐
HUM_cat-hotel_pol-POS_tokenise, 1650	造成 客人 诸多不便 。 说实话 ， 两人 入住	酒店	， 早餐 不去 吃 又 觉得 浪费 ， 去 吃 吧 ，
HUM_cat-hotel_pol-POS_tokenise, 1652	包小包 的 ， 自己 反而 走开 了 。	酒店	还 算 不错 的 ， 价格 实惠 ， 服务 也 很 到位
HUM_cat-hotel_pol-POS_tokenise, 1653	服务 也 很 到位 ， 推荐 下 ！	酒店	别具一格 ， 很 有 一些 园林 风尚 。 服务 非常 到位 ，
HUM_cat-hotel_pol-POS_tokenise, 1653	周到 和 体贴 ， 一家 非常 温馨 的	酒店	。 位置 不错 ， 交通 便利 ， 距 机场 18 元 （
HUM_cat-hotel_pol-POS_tokenise, 1653	， 距 机场 18 元 （ 可能 其他	酒店	也 是 这么 多 吧 ） 。 酒店 略感 有些 旧 ，
HUM_cat-hotel_pol-POS_tokenise, 1653	酒店 也 是 这么 多 吧 ） 。	酒店	略感 有些 旧 ， 但 一点 也 影响 入住 的 心情 。
HUM_cat-hotel_pol-POS_tokenise, 1654	本人 已 入住 3 次 ， 对 该	酒店	印象 较 好 ： 房间 面积 可 ， 服务 好 ， 环境
HUM_cat-hotel_pol-POS_tokenise, 1656	游戏 上网 。 但 毕竟 是 山上 的	酒店	， 卫生条件 不是 很 好 ， 墙角 有 蜘蛛网 。 位置 有点
HUM_cat-hotel_pol-POS_tokenise, 1656	。 总体 来说 在 庐山 还算个 可以 的	酒店	吧 。 酒店 的 园林 很漂亮 ， 中式 园林 很大 ， 只是
HUM_cat-hotel_pol-POS_tokenise, 1657	在 庐山 还算个 可以 的 酒店 吧 。	酒店	的 园林 很漂亮 ， 中式 园林 很大 ， 只是 没 人 保养
HUM_cat-hotel_pol-POS_tokenise, 1657	都 是 蛛网 ， 唉 ， 5 星	酒店	啊 ， 怎么 管理 的 。 酒店 有 很大 的 室内 游泳池
HUM_cat-hotel_pol-POS_tokenise, 1657	星 酒店 啊 ， 怎么 管理 的 。	酒店	有 很大 的 室内 游泳池 ， 还有 儿童 池 ， 训练 池
HUM_cat-hotel_pol-POS_tokenise, 1657	， 想必 维持 费用 也 很 高 。	酒店	大堂 里 有 很多 石雕 ， 很漂亮 。 标房 房间 够 大
HUM_cat-hotel_pol-POS_tokenise, 1657	很多 ， 单够 一般 的 选择 了 。	酒店	位置 到 镇上 步行 15 分钟 ， 稍微 偏 了 点 。
HUM_cat-hotel_pol-POS_tokenise, 1659	不错 ， 交通 也 方便 。 值 ！	酒店	装修 有些 旧 ， 电梯 都 是 最 老式 的 。 但
HUM_cat-hotel_pol-POS_tokenise, 1660	， 对面 有 新一佳 也 很 方便 。	酒店	的 环境 不错, 正对 水库, 风景 很 好. 但
HUM_cat-hotel_pol-POS_tokenise, 1660	很 不 方便. 酒店设施 与 其它 山区	酒店	一样, 比较 潮湿, 房间 也 很小, 但 总算 还
HUM_cat-hotel_pol-POS_tokenise, 1660	还是 不错 的, 比 冷冰冰 的 五星	酒店	亲切. 环境 设施 相当 的 不错, 尤其 是 门口 的
HUM_cat-hotel_pol-POS_tokenise, 1662	让 我 综合 给 3 分 的 。	酒店	员工 服务 不错 ， 地理位置 优越 ， 早餐 也 很 好 。
HUM_cat-hotel_pol-POS_tokenise, 1662	优越 ， 早餐 也 很 好 。 但是	酒店	房间 内部 设施 较为 陈旧 ， 房屋 面积 也 较 小 ，
HUM_cat-hotel_pol-POS_tokenise, 1662	面积 也 较 小 ， 与 新建 经济性	酒店	相比 优势 不 大 ， 未 体现 出 四星级 的 水准 。
HUM_cat-hotel_pol-POS_tokenise, 1663	但 很 干净 ， 我 很 满意 。	酒店	斜对面 是 家 专卖 俄罗斯 商品 的 商店 ， 延路 一直 走
HUM_cat-hotel_pol-POS_tokenise, 1665	降低 了 ， 一直 以来 经常 住 这家	酒店	， 偶尔 住 万豪 ， 不过 上次 来 重庆 住 万豪 ，
HUM_cat-hotel_pol-POS_tokenise, 1666	4 月 4 日至 6 日 入住 该	酒店	， 非常 满意 该 酒店 的 服务 ， 环境 ， 服务 都
HUM_cat-hotel_pol-POS_tokenise, 1666	日 入住 该 酒店 ， 非常 满意 该	酒店	的 服务 ， 环境 ， 服务 都 没得说 ， Check in 和
HUM_cat-hotel_pol-POS_tokenise, 1666	是 非常 的 快 ， 早上 9 点多到	酒店	的 时候 ， 由于 已经 住满 暂时 没有 房间 可以 入住 ，
HUM_cat-hotel_pol-POS_tokenise, 1666	或者 旺角 地铁站 都 可以 的 ， 另外	酒店	还有 定点 免费 到 尖沙咀 的 巴士 ， 由于 我们 一般 很
HUM_cat-hotel_pol-POS_tokenise, 1666	大家 来 香港 的 时候 尝试 下 这个	酒店	， 价格 和 享受 到 的 服务 确实 是 成正比 的 。
HUM_cat-hotel_pol-POS_tokenise, 1667	到 的 服务 确实 是 成正比 的 。	酒店	内外 环境 布置 有 特色 ， 各项 休闲 娱乐 设施 较全 。
HUM_cat-hotel_pol-POS_tokenise, 1667	还 能 很 好 地 回答 我们 对	酒店	的 提问 ， 看得出 他 对 工作 的 投入 与 酒店 的
HUM_cat-hotel_pol-POS_tokenise, 1667	， 看得出 他 对 工作 的 投入 与	酒店	的 培训 。 前台 办理 入住 手续 的 小姐 应对 也 很
HUM_cat-hotel_pol-POS_tokenise, 1668	去年 无意 中帮 朋友 预定 过 一次 这个	酒店	， 后来 朋友 每次 来 都 要 我 预定 这个 酒店 ，
HUM_cat-hotel_pol-POS_tokenise, 1668	朋友 每次 来 都 要 我 预定 这个	酒店	， 我 自己 住 过 一次 ， 也 觉得 感觉 还 不错
HUM_cat-hotel_pol-POS_tokenise, 1670	月 27 日 入住 的 。 订 这家	酒店	是因为 想 在 深圳市 区待 上 一天 ， 在 携程 上 看
HUM_cat-hotel_pol-POS_tokenise, 1670	上 一天 ， 在 携程 上 看 了	酒店	的 介绍 ， 觉得 价格 还 算 公道 ， 也 是 家
HUM_cat-hotel_pol-POS_tokenise, 1670	算 公道 ， 也 是 家 四星级 的	酒店	， 特别 是因为 是 深航 和 锦江 的 牌子 ， 才 决定
HUM_cat-hotel_pol-POS_tokenise, 1670	的 牌子 ， 才 决定 定 了 这家	酒店	。 入住 后 总体 感觉 是 还 可以 ， 但是 也 有
HUM_cat-hotel_pol-POS_tokenise, 1670	一些 地方 不是 很 满意 ： 1 。	酒店	的 设施 有显 陈旧 ， 当然 不是 古董 的 那种 ， 只是
HUM_cat-hotel_pol-POS_tokenise, 1670	只是 略显 的 旧 一点点 。 2 。	酒店	的 门童 的 态度 不是 特别 的 令人满意 ， 不会 及时 地为
HUM_cat-hotel_pol-POS_tokenise, 1670	地为 客户 开 汽车 门 。 3 。	酒店	的 房间 靠 街道 ， 有 一点点 吵 。 以上 就是 我
HUM_cat-hotel_pol-POS_tokenise, 1671	， 离 机场 近 ， 景观 不错 。	酒店	是 很 新 的 ， 环境 也 很 好 ！ 交通 不错
HUM_cat-hotel_pol-POS_tokenise, 1671	10 月份 去 的话 ， 还会 选择 住此	酒店	。 再次 声明 2 个 小 问题 ： 1 ： 宽带 的
HUM_cat-hotel_pol-POS_tokenise, 1671	， 手机 等 。 不过 ， 可以 跟	酒店	前台 索取 。 只有 一个 哦 ！ 嘿嘿 这个 位置 很 不错
HUM_cat-hotel_pol-POS_tokenise, 1672	很 感谢 携程 的 预定 。 还 不错	酒店	， 就餐 和 出行 都 很 方便 。 服务态度 也 比较 好
HUM_cat-hotel_pol-POS_tokenise, 1675	暴贵 之外 ， 没 留下 其它 印象 。	酒店	经过 评 5 星 的 努力 ， 各 方面 都 有 提升
HUM_cat-hotel_pol-POS_tokenise, 1676	有 需要 的 朋友 可以 联系 我 。	酒店	超值 ， 不用 300 元住 标间 ， 房间 很 干净 舒服 ，
HUM_cat-hotel_pol-POS_tokenise, 1676	舒服 ， 前台 服务员 态度 很 好 ，	酒店	管理水平 很 高 ， 还 可 免费 延住 到 2 点 。
HUM_cat-hotel_pol-POS_tokenise, 1679	， 卡卡 ~ 从此 爱上 闽西 。 。	酒店	位置 不错, 在 市中心, 服务态度 很 好, 设施 还
HUM_cat-hotel_pol-POS_tokenise, 1683	。 必须 开车 去 ， 否则 肯定 找	酒店	是 一项 复杂 的 工程 。 即使 开车 ， 也 得 带上
HUM_cat-hotel_pol-POS_tokenise, 1683	带上 GPS ， 真的 是 不太好 找 。	酒店	环境 不错 ， 就是 这次 去 ， 钓鱼 、 桑拿 （ 女宾
HUM_cat-hotel_pol-POS_tokenise, 1686	其实 走路 可能 不用 5 分钟 ； 新华	酒店	旁边 酒店 可 选择 的 太 多 了 ： 万豪 ， 重庆
HUM_cat-hotel_pol-POS_tokenise, 1686	可能 不用 5 分钟 ； 新华 酒店 旁边	酒店	可 选择 的 太 多 了 ： 万豪 ， 重庆 宾馆 ，
HUM_cat-hotel_pol-POS_tokenise, 1687	去 的 地方 ， 而 不是 直接 去	酒店	check in 。 他们 同时 也 帮 我 做 了 房间 预留
HUM_cat-hotel_pol-POS_tokenise, 1687	事 16 ： 00 点 我 进 的	酒店	。 进 了 房间 以后 发现 房间 很小 根本 没有 网上 说
HUM_cat-hotel_pol-POS_tokenise, 1690	沙滩 袋 ， 很 不 方便 。 不过	酒店	还是 很 气派 漂亮 。 地理位置 还 可以 ， 在 西湖 边上
HUM_cat-hotel_pol-POS_tokenise, 1691	一些 大排挡 ， 饮食 也 比较 方便 。	酒店	服务 很 好 ， 服务生 和 前台 人员 都 很 热情 ，
HUM_cat-hotel_pol-POS_tokenise, 1695	共五人 ， 在 十点 半左右 就 到达 了	酒店	门口 。 虽然 说 我们 预定 的 套房 还 没 打扫 干净
HUM_cat-hotel_pol-POS_tokenise, 1695	正好 。 中午 就 迫不及待 的 跳 到	酒店	的 室内 泳池 里 游泳 。 感觉 水 有点 凉 了 但
HUM_cat-hotel_pol-POS_tokenise, 1695	。 在 这里 要 吃海鲜 很 方便 ，	酒店	对面 有 海鲜 大排档 。 到 了 晚上 这里 好 热闹 哦
HUM_cat-hotel_pol-POS_tokenise, 1695	满意 ， 下次 再来 还 会 入住 这家	酒店	。 酒店 邻近 山脚 ， 空气清新 ， 闹市 取静 之处 ， 清早
HUM_cat-hotel_pol-POS_tokenise, 1696	下次 再来 还 会 入住 这家 酒店 。	酒店	邻近 山脚 ， 空气清新 ， 闹市 取静 之处 ， 清早 起床 看着
HUM_cat-hotel_pol-POS_tokenise, 1696	。 缺点 是 交通不便 ， 其中 一次 返回	酒店	时 ， 害得 我 步行 了 近 半个 小时 才 东问西 问
HUM_cat-hotel_pol-POS_tokenise, 1696	小时 才 东问西 问 回到 住处 。 进出	酒店	最 方便 的 交通工具 是 出租 。 酒店 的 接待 服务 没
HUM_cat-hotel_pol-POS_tokenise, 1696	酒店 最 方便 的 交通工具 是 出租 。	酒店	的 接待 服务 没 问题 。 很 不错 的 酒店 ， 当地
HUM_cat-hotel_pol-POS_tokenise, 1697	接待 服务 没 问题 。 很 不错 的	酒店	， 当地 最好 的 ， 豪华 房可 在 24 层 办理 入住
HUM_cat-hotel_pol-POS_tokenise, 1698	缺点 ， 就是 上网 要钱 ！ 作为 五星级	酒店	， 没 必要 那 幺 小气 吧 ？ 我订 的 是 商务
HUM_cat-hotel_pol-POS_tokenise, 1700	碰到 水尽往 身上 粘 ， 不太 舒服 。	酒店	风景 蛮 好 的 ， 服务 也 不错 ， 去 泸州 的话
HUM_cat-hotel_pol-POS_tokenise, 1703	但 价格 有点 高, 可能 太原 的	酒店	价格 普通 比较 高 的 原因 吧! 交通 还 可以 ，
HUM_cat-hotel_pol-POS_tokenise, 1704	看上去 也 比较 旧 了 ， 同价位 的	酒店	中 ， 在 北京 不算 是 很 好 的 。 早餐 惨不忍睹
HUM_cat-hotel_pol-POS_tokenise, 1705	很大 。 值得 推荐 的 是 自助餐 ，	酒店	客人 50 元 / 人 ， 还是 不错 的 。 但 餐厅
HUM_cat-hotel_pol-POS_tokenise, 1706	理睬 客人 的 招呼 ， 不好 。 该	酒店	住宿 环境 一般, 房间 装修 一般, 交通 应该 还是 很
HUM_cat-hotel_pol-POS_tokenise, 1707	为 四星级 标准 ， 欢迎您 再次 试住 ！	酒店	的 位置 很 好 ， 世外桃源 的 感觉 ， 特别 推荐 的
HUM_cat-hotel_pol-POS_tokenise, 1707	中山陵 好多 了 。 当时 预定 ， 是因为	酒店	是 四星级 而且 价格 不高 ， 觉得 是 占 了 便宜 ，
HUM_cat-hotel_pol-POS_tokenise, 1708	的 人员 太 少 ， 感觉 不太像 四星级	酒店	， 早餐 78 一位 ， 不 知道 是不是 搞错 ， 记得 午餐
HUM_cat-hotel_pol-POS_tokenise, 1709	知道 是不是 搞错 ， 记得 午餐 只有 38	酒店	环境 很 好 ， 不过 入住 的 时候 酒店 大堂 把 房间
HUM_cat-hotel_pol-POS_tokenise, 1709	环境 很 好 ， 不过 入住 的 时候	酒店	大堂 把 房间 搞错 了 （ 我订 的 是 大床 ， 他们
HUM_cat-hotel_pol-POS_tokenise, 1711	, 促销 399, 价钱 不错. 不过	酒店	躲 在 新 工房 后面, 确实 是 一个 疮疤 杜月笙 别墅
HUM_cat-hotel_pol-POS_tokenise, 1715	和 广东 道 不够 方便 第一次 入住 这家	酒店	， 总体 感觉 不错 ， 服务员 笑脸相迎 ， 服务周到 ， 房间 干净
HUM_cat-hotel_pol-POS_tokenise, 1715	。 下次 到 深圳 ， 还 住 这家	酒店	。 宾馆 反馈 2008 年 8 月 5 日 ： 尊敬 的
HUM_cat-hotel_pol-POS_tokenise, 1717	， 交通 也 很 便利 ， 周围环境 ，	酒店	院内 环境 很 好 ， 距离 海边 很近 ， 早晚 散步 很
HUM_cat-hotel_pol-POS_tokenise, 1717	非常 不错 的 适合 休闲 度假 的 五星级	酒店	！ 行政 房 确实 不错 ， 服务 好 ， 房间 也 舒服
HUM_cat-hotel_pol-POS_tokenise, 1720	。 电吹风 要 打电话 要 才 有 。	酒店	地理位置 好 ， 周边环境 不错 。 酒店 内 设施 很 好 。
HUM_cat-hotel_pol-POS_tokenise, 1720	。 酒店 地理位置 好 ， 周边环境 不错 。	酒店	内 设施 很 好 。 房间 比较 宽敞 ， 特别 是 商务
HUM_cat-hotel_pol-POS_tokenise, 1721	。 这 已经 是 我 第二次 入住 该	酒店	了 。 酒店 是 在 市中心 ， 没想到 这次 入住 酒店 有
HUM_cat-hotel_pol-POS_tokenise, 1721	是 我 第二次 入住 该 酒店 了 。	酒店	是 在 市中心 ， 没想到 这次 入住 酒店 有 了 泊车 服务
HUM_cat-hotel_pol-POS_tokenise, 1721	酒店 是 在 市中心 ， 没想到 这次 入住	酒店	有 了 泊车 服务 ， 让 人 感觉 停车 很 方便 。
HUM_cat-hotel_pol-POS_tokenise, 1721	前台 服务员 操作 快捷 。 总的来说 ， 这家	酒店	很 不错 ， 听 服务员 介绍 ， 该 酒店 还有 更好 房间
HUM_cat-hotel_pol-POS_tokenise, 1721	很 不错 ， 听 服务员 介绍 ， 该	酒店	还有 更好 房间 ， 好象 是 贵宾楼 的 ， 下次 我 决定
HUM_cat-hotel_pol-POS_tokenise, 1722	我 决定 住 住 看 那种 房间 。	酒店	位置 很 好 ， 虽然 没有 海景 ， 但 在 市政府 对面
HUM_cat-hotel_pol-POS_tokenise, 1722	吃饭 、 买 东西 都 比较 方便 。	酒店	服务 人员 态度 也 很 好 ， 特别 是 停车 时 ，
HUM_cat-hotel_pol-POS_tokenise, 1722	很 好 ， 特别 是 停车 时 ，	酒店	门口 没 车位 了 ， 保安 还 主动 带 我们 把 车
HUM_cat-hotel_pol-POS_tokenise, 1722	保安 还 主动 带 我们 把 车 停到	酒店	后面 。 房间 里 的 情况 一看 就是 老 四星 酒店 ，
HUM_cat-hotel_pol-POS_tokenise, 1722	房间 里 的 情况 一看 就是 老 四星	酒店	， 设施 设备 比较 齐全 ， 但 明显 感觉 有点 旧 ，
HUM_cat-hotel_pol-POS_tokenise, 1724	了 网友 的 点评 后 选择 入住 该	酒店	， 在 各 方面 的 总体 印象 都 不错 。 酒店 离
HUM_cat-hotel_pol-POS_tokenise, 1724	各 方面 的 总体 印象 都 不错 。	酒店	离 西湖 步行 约 十分钟 ， 离 夜市 步行 约 二 、
HUM_cat-hotel_pol-POS_tokenise, 1724	建议 改进 。 不爽 的 事 发生 在	酒店	内 餐厅 。 就餐 前 曾 致电 酒店 总台 ， 并且 还
HUM_cat-hotel_pol-POS_tokenise, 1724	酒店 内 餐厅 。 就餐 前 曾 致电	酒店	总台 ， 并且 还 亲自 到 餐厅 确认 ， 住店 客人 在
HUM_cat-hotel_pol-POS_tokenise, 1724	亲自 到 餐厅 确认 ， 住店 客人 在	酒店	内 餐厅 就餐 可以 打 九折 ， 可是 一次 在 酒店 的
HUM_cat-hotel_pol-POS_tokenise, 1724	就餐 可以 打 九折 ， 可是 一次 在	酒店	的 韩国 村 吃晚饭 ， 一次 在 酒店 的 中餐厅 吃 午饭
HUM_cat-hotel_pol-POS_tokenise, 1724	酒店 的 韩国 村 吃晚饭 ， 一次 在	酒店	的 中餐厅 吃 午饭 ， 都 不 给 打折 。 韩国 村
HUM_cat-hotel_pol-POS_tokenise, 1724	韩国 村 的 答复 是 他们 不 属于	酒店	， 只是 租借 酒店 的 地方 ， 所以 不能 打折 。 中餐厅
HUM_cat-hotel_pol-POS_tokenise, 1724	是 他们 不 属于 酒店 ， 只是 租借	酒店	的 地方 ， 所以 不能 打折 。 中餐厅 的 答复 是 除非
HUM_cat-hotel_pol-POS_tokenise, 1724	打折 。 中餐厅 的 答复 是 除非 有	酒店	V IP卡 ， 否则 不能 打折 。 让 人 搞不懂 的 是
HUM_cat-hotel_pol-POS_tokenise, 1724	让 人 搞不懂 的 是 既然 这样 ，	酒店	总台 为什么 说 可以 打折 呢 ？ 非常 令人 失望 。 确实
HUM_cat-hotel_pol-POS_tokenise, 1726	, 很小. 还好 我 经常 住 这家	酒店	, 知道 这 房间 的 大小 所以 叫 前台 换 了.
HUM_cat-hotel_pol-POS_tokenise, 1726	叫 前台 换 了. 所以 感觉 这	酒店	还是 有点 欺负 老实人 的 感觉. 大家 一定 要 多多 注意
HUM_cat-hotel_pol-POS_tokenise, 1728	服务 水准 。 不错 ， 在 同等 档次	酒店	中 应该 是 值得 推荐 的 ！ 这次 回国 在 上海 的
HUM_cat-hotel_pol-POS_tokenise, 1729	这次 回国 在 上海 的 邦 臣 万源	酒店	入住 ， 总体 感觉 还 不错 。 服务质量 不错 ， 房间 很
HUM_cat-hotel_pol-POS_tokenise, 1730	泡酒吧 的 游客 很 适合 。 4.	酒店	周边 很多 不错 的 小 饭店 。 5. 这个 价位 ，
HUM_cat-hotel_pol-POS_tokenise, 1731	年 8 月 8 日 ： 感谢您 对本	酒店	的 支持 ！ 我们 将 一如既往 地 保持 5 星级 的 服务
HUM_cat-hotel_pol-POS_tokenise, 1734	17 日 ： 希望 下次 再 入住 本	酒店	。 大年初一 入住 的 ， 是 西楼 的 海景 标房 ， 酒店
HUM_cat-hotel_pol-POS_tokenise, 1735	的 ， 是 西楼 的 海景 标房 ，	酒店	比较 陈旧 了 ， 房间 很小 ， 奇怪的是 不 开 空调 都
HUM_cat-hotel_pol-POS_tokenise, 1735	很 高 ， 送 什么 都 很快 ，	酒店	柜台 的 服务生 都 很 殷勤 和 礼貌 。 我 把 携程
HUM_cat-hotel_pol-POS_tokenise, 1735	很 开心 。 另有 一点, 我们 在	酒店	的 咖啡厅 用过 一顿 早餐 ， 小姐 很 可爱 ， 但是 苦心
HUM_cat-hotel_pol-POS_tokenise, 1737	现代 的 风格 第一次 入住 长春 国际 大厦	酒店	， 大堂 明堂 音乐 清柔 。 前台 办理 入住 很快 ， 房间
HUM_cat-hotel_pol-POS_tokenise, 1738	是 门童 和 前台 ， 很 热情 ．	酒店	每晚 都 征求意见 ， 看 有 什么 不 满意 的 ， 这是
HUM_cat-hotel_pol-POS_tokenise, 1738	有 什么 不 满意 的 ， 这是 其他	酒店	没有 的 ． 前台 服务员 礼貌 好 ， 房间 干净 整齐 ，
HUM_cat-hotel_pol-POS_tokenise, 1741	很大 ， 里面 还有 一面镜子 很 好 的	酒店	， 很 喜欢 ， 房间 很 干净 很漂亮 ， 从 房间 的
HUM_cat-hotel_pol-POS_tokenise, 1742	的 时间 短 了 点 ， 没有 在	酒店	用餐 ， 所以 不能 对 餐饮 情况 作出评价 。 遗憾 的 是
HUM_cat-hotel_pol-POS_tokenise, 1743	， 购物 餐饮 都 很 方便 。 由于	酒店	23 层 以下 是 写字楼 ， 所以 大厅 比较 简陋 ， 服务
HUM_cat-hotel_pol-POS_tokenise, 1743	。 总之 ， 是 个 值得 推荐 的	酒店	。 香港 万豪 充满 了 香港 特色 ， 寸土寸金 ， 所以 房间
HUM_cat-hotel_pol-POS_tokenise, 1744	， 望 万豪 可以 改进 ， 作为 五星级	酒店	， 以往 可能 欧美 的 商务 客人 居多 ， 所以 1 、
HUM_cat-hotel_pol-POS_tokenise, 1748	送 我们 木瓜 。 ^ _ ^ 阳光	酒店	比 我 想象 中要 好 的 多, 特别 是 它 的
HUM_cat-hotel_pol-POS_tokenise, 1748	和 自然 景色 的 融合 的 恰如其分.	酒店	的 早餐 也 很 丰盛, 前台 很 忙, 但 还是
HUM_cat-hotel_pol-POS_tokenise, 1751	喂 。 性价比 非常 高 的 一家 四星	酒店	。 尤其 是 山东 大汉 服务生 ， 服务 非常 好 。 自主
HUM_cat-hotel_pol-POS_tokenise, 1751	， 向 您 极力推荐 。 青岛 的 星级	酒店	很 正规 ， 比起 其他 的 旅游 城市 ， 青岛 整个 环境
HUM_cat-hotel_pol-POS_tokenise, 1752	好 的 服务 总算 弥补 了 一下 。	酒店	旧 了 点 ， 但 时时处处 能 感受 得到 有 一种 底蕴
HUM_cat-hotel_pol-POS_tokenise, 1753	不到 100 美金 可以 有 这么 好 的	酒店	, 地理位置 \ 房间 \ 服务 \ 早餐 都 很 好 很
HUM_cat-hotel_pol-POS_tokenise, 1754	了 朋友 一起 去 入住 ， 结果 ，	酒店	的 早餐 让 我们 太 失望 了 ， 越来越 差 啊 ，
HUM_cat-hotel_pol-POS_tokenise, 1756	去 看看!! 非常 不错 的 一个	酒店	, 我 住 的 是 标准 大 房, 388 一晚,
HUM_cat-hotel_pol-POS_tokenise, 1758	特意 掀开 床罩 开 了 一下 ， 美伦	酒店	的 床 的 床垫 很 有 可能 是 特别 定制 的 。
HUM_cat-hotel_pol-POS_tokenise, 1758	一个 。 不过 美中不足 的 是 ， 美伦	酒店	的 房件 隔音 有点 问题 。 一般 酒店 房间 隔音 分为 3
HUM_cat-hotel_pol-POS_tokenise, 1758	酒店 的 房件 隔音 有点 问题 。 一般	酒店	房间 隔音 分为 3 部分 ， 窗外 隔音 ， 走道 门 隔音
HUM_cat-hotel_pol-POS_tokenise, 1758	问题 出 在 邻 间隔 音上 。 美伦	酒店	的 房间 ， 两间 之间 有 一部分 是 衣厨 相连 的 ，
HUM_cat-hotel_pol-POS_tokenise, 1758	卫星电视 。 因为 根据 国家 法律 ， 星级	酒店	用 的 是 “ 统一 平台 ” 即 134 号 卫星 上
HUM_cat-hotel_pol-POS_tokenise, 1758	我 知道 “ 统一 平台 ” 分配 给	酒店	一般 只有 一张 卡 ， 但是 ， 拜托 ， 美仑 的 技术人员
HUM_cat-hotel_pol-POS_tokenise, 1758	， 还 时 有 马赛克 ， 看来 美伦	酒店	对准 134 的 天线 没有 完全 对准 哦 。 其他 的 还
deepseek_NEG_tokenise, 53	。 走廊 有人 大声 喧哗 到 半夜 ，	酒店	也 没有 任何 人员 去 制止 。 带 了 孩子 一起 住
deepseek_NEG_tokenise, 67	远处 桌子 上 ， 很 不 方便 。	酒店	在 一个 很 偏僻 的 位置 ， 导航 绕 了 很 久
deepseek_NEG_tokenise, 84	， 最后 只能 手动 关掉 。 第一次 见	酒店	mini 吧 里 只有 两瓶 水 ， 还是 常温 的 ， 冰块
deepseek_NEG_tokenise, 111	放 了 台坏 了 一半 的 跑步机 。	酒店	旁边 彻夜 施工 ， 轰鸣声 不断 ， 戴着 降噪 耳机 都 没用
deepseek_NEG_tokenise, 134	， 全层 惊魂 后 发现 是 误报 。	酒店	在 一个 大 上坡 顶上 ， 拉 行李箱 上去 简直 像 在
deepseek_NEG_tokenise, 136	但 要 自己 打电话 给 平台 追 ，	酒店	不管 。 写字台 上方 没有 灯 ， 晚上 写字 办公 只能 摸黑
deepseek_NEG_tokenise, 152	回过 头去 找 已经 被 人动 过 。	酒店	电梯 必须 刷 房卡 才能 按 楼层 ， 但 我 的 卡
deepseek_NEG_tokenise, 176	盖住 ， 一 翻身 就 陷 进去 。	酒店	大堂 像 菜市场 ， 旅行团 吵吵嚷嚷 ， 坐 都 没 地方 坐
deepseek_NEG_tokenise, 199	住客 的 剃须 泡沫 痕迹 。 宠物 友好	酒店	但 房间 没有 提供 任何 宠物用品 ， 还 不如 普通 酒店 。
deepseek_NEG_tokenise, 199	没有 提供 任何 宠物用品 ， 还 不如 普通	酒店	。 婴儿床 围栏 有 一侧 卡 不住 ， 轻轻 一碰 就 滑下来
deepseek_NEG_tokenise, 235	透进来 ， 黑夜 里 像 开了个 小夜灯 。	酒店	在 一个 死胡同 里 ， 出租车 都 不 愿意 开进去 。 窗台上
deepseek_NEG_tokenise, 270	健康 申报表 ， 这年头 还有 这种 操作 。	酒店	电梯 告示 说 承载 十人 ， 六个 拉 行李箱 的 就 满
deepseek_NEG_tokenise, 281	尸体 ， 水 一开 冲 不 走 。	酒店	门口 修路 ， 拉着 行李箱 在 碎石 泥土 上 走 了 两百米
deepseek_NEG_tokenise, 287	用 完 了 ， 只 剩个 空轴 。	酒店	所谓 的 设计 感 就是 墙上 贴 了 几个 字母 ， 生硬
deepseek_NEG_tokenise, 296	， 稍微 不 注意 就 撞 上 。	酒店	宣传 的 私人 沙滩 ， 其实 是 公共 河滩 ， 都 是
deepseek_NEG_tokenise, 310	清洁工 十一点 就 在 门外 大声 催促 。	酒店	在 天桥 下面 ， 导航 绕错 几次 才 找到 入口 。 连
deepseek_NEG_tokenise, 323	， 看着 让 人 浑身 不 舒服 。	酒店	旁开 着 野 歌厅 ， 鬼哭狼嚎 到 半夜 两点 。 洗衣 价格
deepseek_NEG_tokenise, 336	怎么 都 关不掉 最后 电池 扣 出来 。	酒店	位于 轻轨 高架 旁 ， 每隔 几分钟 轰隆隆 一阵 。 擦鞋 布
deepseek_NEG_tokenise, 343	住 两天 广告词 都 会 背 了 。	酒店	地毯 似乎 从未 深度 清洁 ， 过敏 鼻炎 一 进屋 就 发作
deepseek_NEG_tokenise, 348	周边 没有 路灯 ， 晚上 回去 提心吊胆 。	酒店	自己 的 停车 券 被 门卫 说 是 假 的 ， 当场
deepseek_NEG_tokenise, 365	， 里面 装 的 是 肉末 炒面 。	酒店	水疗 中心 按摩师 按得 肩膀 淤青 一周 才 消 。 酒吧 驻唱
deepseek_NEG_tokenise, 378	， 已经 开始 收 餐盘 拖地 了 。	酒店	号称 机场 免费 接送 ， 等 了 快 一个 小时 车才 到
deepseek_NEG_tokenise, 388	啤酒 ， 上来 的 是 临期 罐装 。	酒店	外墙 清洗 ， 窗户 全天 被 水幕 覆盖 像 在 瀑布 里
deepseek_NEG_tokenise, 404	才 三样 东西 点 了 快 十分钟 。	酒店	提供 拖鞋 是 循环 消毒 的 ， 标签 上 写 着 消毒
deepseek_NEG_tokenise, 420	只有 无线 ， 但 无线 根本 连不上 。	酒店	在 一个 大 工地 正 中央 ， 早上 六点 就 开始 打桩
deepseek_NEG_tokenise, 429	说明 这 房间 谁 都 能 进 。	酒店	大堂 吧 的 一杯 白开水 要收 十块钱 ， 完全 就是 宰客 。
deepseek_NEG_tokenise, 441	包含 两份 ， 当众 争执 很 尴尬 。	酒店	停车场 的 卷帘门 坏 了 好 几天 没修 ， 手动 推上去 差点
deepseek_NEG_tokenise, 451	洗 了 没 干透 就 塞进去 了 。	酒店	门口 的 旋转门 卡顿 严重 ， 推 一下 停 一下 ， 拖
deepseek_NEG_tokenise, 458	字 ， 房卡 也 是 错 的 。	酒店	在 一个 菜市场 楼上 ， 凌晨 四点 开始 卸货 声 、 叫卖声
deepseek_NEG_tokenise, 466	在 织网 ， 也 没人 注意 到 。	酒店	游泳池 的 更衣柜 钥匙 是 用 橡皮筋 绑 着 的 ， 一拉
deepseek_NEG_tokenise, 475	掉 漆 ， 一片片 飘进 餐盘 里 。	酒店	客梯 的 两部 电梯 一部 检修 一部 楼层 键 失灵 的 ，
deepseek_NEG_tokenise, 480	， 清洁 人员 直接 忽略 掉 了 。	酒店	宣传 的 24 小时 送餐 ， 凌晨 一点 打电话 过去 说 厨房
deepseek_NEG_tokenise, 491	， 全程 眼睛 盯 着 电脑屏幕 说话 。	酒店	位于 一片 待 拆迁 区域 ， 拉着 行李 从 废墟 中 穿过
deepseek_NEG_tokenise, 502	， 上 厕所 像 在 坐 冰窖 。	酒店	所谓 的 接站 服务 就是 临时 叫 了 辆 摩 的 ，
deepseek_NEG_tokenise, 510	报错 ， 站 了 十分钟 才 通过 。	酒店	楼梯间 堆满 了 废弃 的 床垫 和 施工 废料 ， 消防通道 完全
deepseek_NEG_tokenise, 516	五十分钟 ， 害 我 错过 了 早餐 。	酒店	临街 窗户 单层 玻璃 ， 街边 炒栗子 声 都 一清二楚 。 地毯
deepseek_NEG_tokenise, 521	， 金属 边框 都 漏 了 出来 。	酒店	免费 提供 的 洗漱 杯 是 一次性 塑料杯 ， 上面 还有 唇膏
deepseek_NEG_tokenise, 531	上 一个 人 留下 的 粉底液 痕迹 。	酒店	游泳池 的 水深 标识牌 掉 到 池底 ， 找 了 半天 才
deepseek_NEG_tokenise, 539	， 定时 要 倒水 ， 奇葩 设计 。	酒店	大堂 的 电视屏幕 循环 播放 婚礼 录像 ， 声量 大得 像 在
deepseek_NEG_tokenise, 546	在 房间内 极差 ， 电话 接 不了 ，	酒店	说 是 绿色 建筑 环保 墙 。 入住 时 被 要求 扫码
deepseek_NEG_tokenise, 551	， 夜里 每隔 一会儿 就 嗡嗡响 一阵 。	酒店	旁有 殡仪馆 ， 半夜 听到 莫名 哭丧 声 ， 吓 得 一宿
deepseek_NEG_tokenise, 557	， 看 了 之后 当场 要求 退房 。	酒店	处在 手机信号 盲区 ， 虽然 有 覆盖 但 基本 断网 断联 。
deepseek_NEG_tokenise, 563	药瓶 ， 打扫 根本 没 照顾 到 。	酒店	送 的 口香糖 套餐 是 临期 产品 ， 包装 上 生产日期 模糊不清
deepseek_NEG_tokenise, 572	和 食物残渣 ， 一 拿 一手 油 。	酒店	自称 设计师 民宿 ， 但 实际上 就是 群 租房 改造 的 几间
deepseek_NEG_tokenise, 578	一米 八 的 人 根本 盖 不住 。	酒店	旁边 是 一所 小学 ， 早上 八点半 开始 广播体操 ， 准时 被
deepseek_NEG_tokenise, 580	多 了 一笔 当天 早上 根本 不 在	酒店	吃 的 早餐 费用 。 暖气片 在 床头 ， 装饰 罩 缺
deepseek_NEG_tokenise, 595	结成 硬块 ， 勺子 敲下去 铛铛 响 。	酒店	提供 免费 自行车 ， 但 链条 全锈死 ， 刹车 也 完全 失灵
deepseek_NEG_tokenise, 600	的 复印纸 ， 关键 路 名 模糊不清 。	酒店	的 窗外 紧贴 隔壁 楼 的 油烟 管道 ， 滋滋 啦 啦
deepseek_NEG_tokenise, 605	的 尿味 ， 始终 没 人 清扫 。	酒店	有 温泉 但 要 去 另 一栋 楼 ， 淋着 雨 跑
deepseek_NEG_tokenise, 607	弄 丢 了 。 充电 宝 租赁 机在	酒店	大堂 ， 扫码 打开 发现 全是 没电 的 。 门框 上 有
deepseek_NEG_tokenise, 620	标志 ， 差点 把 车顶 箱 刮掉 。	酒店	优惠券 需要 发 朋友圈 集赞 才 给 用 ， 感到 被 绑架
deepseek_NEG_tokenise, 623	送 风档 ， 没有 制冷 制热 ， 因为	酒店	总控 关 了 。 拖鞋 没 分 左右脚 ， 而且 比 我
deepseek_NEG_tokenise, 634	多 ， 绕 着 餐盘 盘子 转 。	酒店	内部 电话 不通 ， 想 叫 个 服务 还 得 用 手机
deepseek_NEG_tokenise, 638	灰尘 和 一只 风干 的 死 虫 。	酒店	公共 洗手间 里 没有 挂钩 ， 换下 的 包 只好 放在 湿地
deepseek_NEG_tokenise, 649	椅子 皮面 开裂 ， 坐上去 夹 大腿肉 。	酒店	身处 老旧 小区 最深处 ， 深夜 沿途 没灯 而且 巷子 堆满 垃圾桶
deepseek_NEG_tokenise, 655	地图 指南 被 故意 撕去 了 附近 竞争对手	酒店	的 信息 。 夜床 没有 放 瓶装水 ， 只 在 床上 放
deepseek_NEG_tokenise, 658	也 是 发黄 的 ， 我 觉得 这家	酒店	对 “ 干净 ” 两个 字 大概 有 自己 独特 的 理解
deepseek_NEG_tokenise, 659	两分钟 ， 我 想 问问 贵店 这 是	酒店	前台 还是 她家 客厅 啊 。 半夜 两点 被 走廊 一群 喝醉
deepseek_NEG_tokenise, 660	才 消停 ， 我 就 想 问问 一个	酒店	最 基本 的 安保 和 隔音 到底 有没有 人 在 管 。
deepseek_NEG_tokenise, 662	睡着 。 号称 是 24 小时 热水 的	酒店	， 晚上 十一点 回来 想 洗个 热水澡 ， 放 了 十分钟 水
deepseek_NEG_tokenise, 663	羽绒服 睡 了 一夜 ， 花 几百块 钱住	酒店	结果 体验 了 把 野外 露营 的 感觉 。 早餐 的 品种
deepseek_NEG_tokenise, 670	在 敲 键盘 不 知道 忙 啥 。	酒店	位置 偏 到 姥姥家 去 了 ， 导航 带 着 我 拐
deepseek_NEG_tokenise, 670	走 那段 路 真是 心惊胆战 ， 到 了	酒店	心想 这下 安全 了 吧 ， 结果 大堂 也 没 个人 ，
deepseek_NEG_tokenise, 672	天天 洗 这种 澡 合适 吗 。 这	酒店	有个 神奇 的 规矩 ， 晚上 十一点 以后 要关 空调 ， 说
deepseek_NEG_tokenise, 674	你 就 不错 了 ” 的 样子 。	酒店	介绍 写 的 是 步行 到 地铁站 八分钟 ， 我 实测 了
deepseek_NEG_tokenise, 677	都 得 亲自 跑 下楼去 前台 ， 住个	酒店	跟 住 学生宿舍 一样 。 窗帘 居然 短 了 一截 ， 遮不住
deepseek_NEG_tokenise, 678	懒觉 是 不 可能 的 了 ， 建议	酒店	要 不 把 窗帘 换长点 ， 要 不 干脆 开个 叫醒 服务
deepseek_NEG_tokenise, 679	的 ， 然后 赶紧 换上 拖鞋 ， 那双	酒店	拖鞋 底下 也 薄 得 像 纸 ， 硌 得 脚底板 疼
deepseek_NEG_tokenise, 680	我 个 二楼 的 房间 ， 窗户 正对着	酒店	的 卸货 区 ， 早上 六点半 开始 就 有 货车 倒车 的
deepseek_NEG_tokenise, 682	起得 不 对 给 他们 添麻烦 了 。	酒店	所谓 的 游泳池 ， 照片 上 看着 挺大 ， 实际 就是 一个
deepseek_NEG_tokenise, 688	颗粒 ， 没敢 吃 。 号称 是 亲子	酒店	， 结果 儿童乐园 就是 一个 角落 铺 了 几块 泡沫 垫 ，
deepseek_NEG_tokenise, 690	了 一遍 才 觉得 干净 了 ， 一家	酒店	不管 装修 怎样 ， 起码 空气 应该 是 清新 的 吧 ，
deepseek_NEG_tokenise, 691	就算 完 了 ， 住 了 这么 多年	酒店	头一回 感觉 自己 像 空气 。 订 了 间 无烟 房 ，
deepseek_NEG_tokenise, 693	下 一个 。 预订 时看 照片 觉得 这	酒店	真不错 ， 到 了 之后 才 发现 那些 照片 大概 是 刚
deepseek_NEG_tokenise, 696	， 说 我 在 一家 号称 四星级 的	酒店	里 被 空调 折磨 了 一宿 ？ 酒店 的 隔音 就是 个
deepseek_NEG_tokenise, 697	酒店 里 被 空调 折磨 了 一宿 ？	酒店	的 隔音 就是 个 笑话 ， 隔壁 房间 的 客人 半夜 两点
deepseek_NEG_tokenise, 699	一 晚上 硬座 火车 还 难受 ， 这家	酒店	是不是 从来 没想 过 客人 是 来 休息 的 不是 来 受刑
deepseek_NEG_tokenise, 701	自己 像 在 野外求生 而 不是 在 住	酒店	。 房间 里 有 蟑螂 ， 而且 不是 一只 ， 是 一家老小
deepseek_NEG_tokenise, 703	杀虫剂 味儿 一起 度过 了 一个 不眠之夜 。	酒店	所谓 的 健身房 就是 一间 小黑 屋里 放 了 一台 生锈 的
deepseek_NEG_tokenise, 703	手 ， 这种 设施 也 好意思 写 进	酒店	介绍 里 ， 脸皮 是 真的 厚 。 退房 那天 早上 六点
deepseek_NEG_tokenise, 710	。 夏天 三十五六 度 的 高温 天 ，	酒店	大堂 的 空调 居然 坏 了 ， 进去 之后 热浪 扑面而来 ，
deepseek_NEG_tokenise, 711	浴缸 的 凉水 里 度过 的 。 这个	酒店	有 一个 非常 神奇 的 规则 就是 晚上 十二点 以后 停 热水
deepseek_NEG_tokenise, 711	， 但 我 晚上 加班 到 十一点多 回到	酒店	想 洗个 热水澡 放松 一下 ， 发现 水 已经 开始 变温 了
deepseek_NEG_tokenise, 716	泡出 了 一肚子火 和 一手 的 细菌 。	酒店	在 一个 高架桥 旁边 ， 窗户 对 着 桥面 ， 二十四 小时
deepseek_NEG_tokenise, 719	道歉 都 没有 就 这么 算了 。 这家	酒店	关于 安静 时段 的 宣传 就是 个 笑话 ， 晚上 十点 后
deepseek_NEG_tokenise, 720	。 餐厅 的 卫生状况 让 我 对 这家	酒店	的 食品安全 产生 了 严重 怀疑 ， 桌上 的 桌布 有 明显
deepseek_NEG_tokenise, 721	的 ， 早餐 体验 就是 这样 了 。	酒店	在 一个 菜市场 楼上 ， 每天 早上 五点 多 剁肉 声 准时
deepseek_NEG_tokenise, 727	在 两张 椅子 上将 就 了 一夜 。	酒店	号称 有 接机 服务 ， 我 提前 一天 打电话 预约 ， 到
deepseek_NEG_tokenise, 727	减速 颠得 我 想 吐 ， 到 了	酒店	门口 连 帮忙 拿 行李 都 没 拿 ， 坐在 车上 抽烟
deepseek_NEG_tokenise, 728	没 办法 ， 没 办法 ？ 你们 是	酒店	还是 自由市场 。 浴室 的 灯管 坏 了 一半 ， 忽明忽暗 跟
deepseek_NEG_tokenise, 730	在 一个 地下室 里 而 不是 什么 精品	酒店	。 早餐 的 豆浆 是 馊 的 ， 我 喝 了 一口
deepseek_NEG_tokenise, 732	还是 馊 的 ， 我 放弃 了 。	酒店	在 一个 大坡 上 ， 拖 着 箱子 爬上去 感觉 像 在
deepseek_NEG_tokenise, 735	十一点 了 让 我 上 哪 找 别的	酒店	去 。 门锁 是 个 坏 的 ， 从 外面 关了门 之后
deepseek_NEG_tokenise, 739	不足 用 了 十分钟 又 没电 了 。	酒店	的 洗衣 服务 简直 是 抢劫 ， 洗 一件 衬衫 要 八十块
deepseek_NEG_tokenise, 742	为什么 不 提前 告诉 我 我 可以 换	酒店	， 她 就 不 说话 了 低头 看 手机 ， 这种 把
deepseek_NEG_tokenise, 745	， 我 在 里面 感觉 自己 不是 在	酒店	而是 在 某个 廉租 公寓 的 货梯 里 。 退房 的 时候
deepseek_NEG_tokenise, 748	晚上 没敢 光脚 踩 在 那块 地方 。	酒店	宣传 说离 海滩 只有 三分钟 步行 ， 实际 走 了 快 二十分钟
deepseek_NEG_tokenise, 754	的 时候 总 觉得 鼻子 边有 霉味 。	酒店	的 大堂 在 装修 ， 电钻 声 从 早响 到 晚 ，
deepseek_NEG_tokenise, 757	， 闹钟 都 可以 省 了 。 这	酒店	的 服务 理念 是 你 不要 麻烦 我 我 也 不 麻烦
deepseek_NEG_tokenise, 759	也 不 愿意 放在 那个 凳子 上 。	酒店	的 自助 洗衣房 只有 一台 洗衣机 一台 烘干机 ， 洗衣机 排 了
deepseek_NEG_tokenise, 761	电流 声 ， 一直 折腾 到 天明 。	酒店	的 wifi 每隔 大概 十分钟 就 自动 断 一次 ， 需要 手动
deepseek_NEG_tokenise, 761	背下来 了 ， 现在 你 问 我 那个	酒店	的 wifi 密码 我能 倒背如流 。 前台 放 了 张 通知 说
deepseek_NEG_tokenise, 763	最后 还是 用湿 毛巾 一点点 擦掉 的 。	酒店	位置 偏 到 打车 软件 上 搜 不到 地址 ， 每次 回去
deepseek_NEG_tokenise, 763	跑 回去 的 ， 觉得 自己 不是 住	酒店	是 在 参加 夜间 越野跑 。 房间 里 的 装饰画 挂 歪
deepseek_NEG_tokenise, 765	， 心情 会 莫名 地 压抑 。 这家	酒店	对 节约用水 的 理解 已经 走火入魔 了 ， 水龙头 的 水流 小得
deepseek_NEG_tokenise, 768	盒子 里 ， 每次 呼吸 都 费劲 。	酒店	的 内部 电话 指南 上面 印 的 餐厅 号码 是 错 的
deepseek_NEG_tokenise, 769	一分钟 腿 就 开始 酸 ， 感觉 住个	酒店	顺便 做 了 组深 蹲 训练 。 房间 里 没有 暖气 只有
deepseek_NEG_tokenise, 771	唯一 区别 是 露营 还 便宜 点 。	酒店	前台 那位 老先生 态度 傲慢 得 不行 ， 我 问 房间 朝向
deepseek_NEG_tokenise, 774	吃饭 ， 回来 头疼 了 一 晚上 。	酒店	楼下 的 餐厅 开 到 半夜 ， 半夜 十二点 多 还有 炒菜
deepseek_NEG_tokenise, 783	咚咚 的 ， 半夜 还 在 闹 ，	酒店	也 没人管 管 。 床垫 中间 塌 了 ， 睡 一 晚上
deepseek_NEG_tokenise, 819	来 睡 外套 的 吗 ！ ！ 这破	酒店	真的 太绝 了 ， 半夜 三点 隔壁 开始 吵架 ， 摔 东西
deepseek_NEG_tokenise, 822	还 特别 横 ， 说爱住 不住 。 这	酒店	太 恶心 了 ， 卫生间 地漏 里 爬出来 一条 蜈蚣 ， 活
deepseek_NEG_tokenise, 822	， 我 的 天 我 住 的 是	酒店	又 不是 帐篷 营地 。 退房 查房 非说 我 用 了 迷你
deepseek_NEG_tokenise, 828	了 一百多块 早餐 费 饿着肚子 走 的 。	酒店	在 一个 立交桥 旁边 ， 从早到晚 全是 汽车 喇叭声 ， 双层 玻璃
deepseek_NEG_tokenise, 838	人 多用 的 人 多 ， 但 这	酒店	总共 也 没住 几间 啊 。 房间 里 的 电视屏幕 比 手机
deepseek_NEG_tokenise, 841	尾椎骨 疼 了 半个 多月 ， 这种 事	酒店	应该 提前 预防 的 ， 真的 特别 危险 。 整个 酒店 弥漫着
deepseek_NEG_tokenise, 842	预防 的 ， 真的 特别 危险 。 整个	酒店	弥漫着 一股 空气 清新剂 和 烟味 的 混合物 ， 闻久 了 头晕
deepseek_NEG_tokenise, 843	打电话 给 前台 前台 说 楼上 不是 他们	酒店	的 管不了 ， 我 说 那 我 怎么 休息 ， 她 说
deepseek_NEG_tokenise, 848	的 ， 算 我 自认倒霉 呗 。 这	酒店	位置 偏得 要命 ， 导航 都 差点 没 找到 ， 门口 的
deepseek_NEG_tokenise, 855	第二天 湿得 能 拧 出水 来 。 这	酒店	唯一 能 夸 的 就是 离 车站 近 ， 但 就是 因为
deepseek_NEG_tokenise, 858	的 浴室 里 摸黑 洗漱 是 吧 。	酒店	楼下 是 烧烤 摊 ， 那个 烟 一直 往 楼上 窜 ，
deepseek_NEG_tokenise, 862	几个 小时 鼻炎 咽炎 全犯 了 。 这	酒店	的 水管 质量 堪忧 ， 隔壁 一开 水龙头 我 这边 的 水管
deepseek_NEG_tokenise, 868	但 这 不能 当 赔偿 用 啊 。	酒店	在 个 巷子 里 ， 司机 师傅 找 了 半天 ， 到
deepseek_NEG_tokenise, 873	好吃 ， 馄饨 皮薄 馅 大 。 这家	酒店	可能 对 “ 套房 ” 有 什么 误解 ， 所谓 的 套房
deepseek_NEG_tokenise, 876	也 弥补 不了 我 黑眼圈 的 事实 ，	酒店	可以 送 一副 耳塞 吗 。 电梯 需要 刷 房卡 才能 按
deepseek_NEG_tokenise, 879	， 开 了 又 吵 ， 痛苦 。	酒店	旁边 有个 工地 ， 早上 六点 多 就 开工 了 ， 挖掘机
deepseek_NEG_tokenise, 879	挖掘机 哐 哐响 ， 我订 的 可是 度假	酒店	啊 ， 这 度假 感全毁 在 挖掘机 上 了 ， 早 知道
deepseek_NEG_tokenise, 880	订 市区 的 快捷 。 能 感受 到	酒店	想 搞 点 设计 感 ， 墙上 挂 了 几幅 画 ，
deepseek_NEG_tokenise, 882	， 换 一条 能花 多少 钱 呢 。	酒店	整体 环境 其实 不错 ， 园林式 的 小 院子 挺 雅致 ，
deepseek_NEG_tokenise, 883	说 了 也 没 给 解决 。 这家	酒店	让 我 彻底 理解 了 什么 叫 “ 金玉其外 败絮其中 ” ，
deepseek_NEG_tokenise, 885	， 第二天 起来 嗓子疼 ， 感冒 了 。	酒店	倒 是 贴心 地 准备 了 个 加湿器 ， 但 加湿器 对
deepseek_NEG_tokenise, 887	的 热水 来得 很快 ， 这点 比 很多	酒店	都 强 ， 但是 水温 突然 升高 或者 降低 ， 洗个 澡
deepseek_NEG_tokenise, 888	， 轰轰隆隆 的 ， 我 知道 这 不是	酒店	能 控制 的 ， 但 你 订房 的 时候 不能 提前 告知
deepseek_NEG_tokenise, 889	的 时候 不能 提前 告知 一下 吗 。	酒店	自称 是 设计师 酒店 ， 进去 一看 所谓 的 工业 风 就是
deepseek_NEG_tokenise, 889	告知 一下 吗 。 酒店 自称 是 设计师	酒店	， 进去 一看 所谓 的 工业 风 就是 墙 没刷 完 ，
deepseek_NEG_tokenise, 894	昨晚 就 坏 了 不 早 说 。	酒店	的 浴袍 倒 是 挺 软 ， 穿着 很 舒服 ， 但是
deepseek_NEG_tokenise, 897	倒 是 很多 ， 跑题 了 但 这	酒店	是 不想 再 住 了 。 一进 房间 就 闻到 一股 浓烈
deepseek_NEG_tokenise, 900	让 我 错峰 洗澡 ， 我 花钱 住	酒店	还 得 按 时刻表 洗澡 ？ 早餐 倒 是 不错 ， 那个
deepseek_NEG_tokenise, 902	上 还有 上 一位 留下 的 面包屑 。	酒店	自称 是 设计师 民宿 ， 墙上 刷 了 个 灰色 就 敢
deepseek_NEG_tokenise, 906	落枕 了 ， 脖子 歪 了 一天 。	酒店	在 一个 批发市场 旁边 ， 楼下 全是 拉货 的 面包车 ， 早上
deepseek_NEG_tokenise, 910	就是 老 街巷 很 有 味道 ， 但	酒店	本身 真的 差强人意 ， 床单 上 有 洗不掉 的 黄斑 ， 浴巾
deepseek_NEG_tokenise, 924	？ 我 只好 用 自己 的 手机 打	酒店	外线 ， 转来转去 才能 找到 人 ， 麻烦 至极 。 洗发水 和
deepseek_NEG_tokenise, 930	下降 了 一样 ， 浪费 这好 视野 。	酒店	步行 到 海滩 确实 只要 五分钟 这个 是 真的 ， 但是 你
deepseek_NEG_tokenise, 936	早点 起来 吃 都 吃不上 热乎 的 。	酒店	在 一个 地道 旁边 ， 每次 有车 经过 地道 都 能 听到
deepseek_NEG_tokenise, 942	了 ， 这 设计 一看 就是 没住 过	酒店	的 人 弄 的 。 服务态度 倒 是 值得 肯定 ， 前台
deepseek_NEG_tokenise, 948	是 没 找到 ， 后来 发现 就 在	酒店	斜对面 ， 只是 他 根本 分不清 东南西北 。 夜床 服务 是 开
deepseek_NEG_tokenise, 951	抹布 ， 那一刻 我 真的 笑 出声 。	酒店	的 免费 Wi - Fi 速度慢 得 让 我 以为 自己 回到
deepseek_NEG_tokenise, 953	水温 这种 操作 出现 在 自称 五星 的	酒店	简直 不可思议 。 退房 那天 清早 七点 ， 不知 哪里 开始 电钻
deepseek_NEG_tokenise, 969	我 ， 荒唐 至极 。 地下 停车场 与	酒店	之间 的 通道 指示 混乱 ， 我 推着 行李 在 类似 于
deepseek_NEG_tokenise, 980	压压 一堆 人 ， 有人 开玩笑 说 坐	酒店	电梯 比挤 地铁 还 难 。 我 因为 对 服务 不满 找
deepseek_NEG_tokenise, 983	长驱直入 ， 在 陌生 城市 住 这样 的	酒店	， 安全感 荡然无存 。 游泳池 更衣室 地上 的 积水 没人 拖 ，
deepseek_NEG_tokenise, 989	公寓 ， 而 不是 一 晚 四位数 的	酒店	。 打电话 要 熨斗 和 烫衣 板 ， 催 了 三遍 四十分钟
deepseek_NEG_tokenise, 995	， 这种 屈辱 的 姿势 让 我 在	酒店	里 获得 了 一种 荒诞 至极 的 体验 。 下午茶 三层 架
deepseek_NEG_tokenise, 1007	着 孩子 上 一级 晃 一下 ， 向	酒店	反映 后 对方 只是 拿 了 一卷 警示 带 把 滑梯 围起来
deepseek_NEG_tokenise, 1014	睡 过头 了 ， 让 我 打车 过去	酒店	报销 ， 结果 前台 说 这个 不能 报 。 中餐厅 点 了
deepseek_NEG_tokenise, 1021	“ Err ” ， 我 才 知道 这	酒店	不仅 让 我 崩溃 连 秤 也 疯 了 。 床头 阅读
deepseek_NEG_tokenise, 1031	抬眼 就是 死亡 现场 。 手机 上 收到	酒店	推送 的 优惠券 ， 办理 入住 时 出示 被 告知 不能 用
deepseek_NEG_tokenise, 1047	还有 一块 前 客人 遗忘 的 手表 。	酒店	号称 的 屋顶花园 ， 上去 之后 只有 一张 破旧 藤椅 和 一堆
deepseek_NEG_tokenise, 1050	换尿布 ， 这 就是 号称 亲子 友好 的	酒店	。 楼道 尽头 安全 出口 指示灯 跌落 在 墙角 ， 电线 裸露
deepseek_NEG_tokenise, 1056	上 有 个 烧焦 的 烟洞 ， 虽然	酒店	自称 无烟 ， 但 这 就是 物证 ， 整个 房间 也 弥漫着
deepseek_NEG_tokenise, 1058	短发 的 吹风机 ， 体验 堪比 火车站 。	酒店	所谓 的 历史 保护 建筑 外墙 确实 好看 ， 但 我 住
deepseek_NEG_tokenise, 1063	， 我 那一刻 怀疑 自己 走进 的 不是	酒店	而是 某个 冷漠 的 衙门 。 所谓 的 豪华 大床 房 ，
deepseek_NEG_tokenise, 1071	翻下来 ， 心脏 停跳 几秒 后 去 找	酒店	， 他们 只 说 会 报修 。 入住 时刷 了 预 授权
deepseek_NEG_tokenise, 1075	硬要 收 三十五 ， 后来 才 知道 是	酒店	门口 常年 盘踞 的 非正规 车 ， 礼宾 竟然 熟视无睹 。 诺大
deepseek_NEG_tokenise, 1076	车 ， 礼宾 竟然 熟视无睹 。 诺大 的	酒店	居然 没有 配备 自动 体外 除颤 器 ， 或者 有 但 被
deepseek_NEG_tokenise, 1089	不 知道 她 是 怎么 想 的 。	酒店	公共 区域 的 洗手间 蹲坑 没有 马桶 圈 ， 对 老人 和
deepseek_NEG_tokenise, 1090	错过 ， 最后 自己 打 了 车 ，	酒店	不认 这笔 费用 。 晚上 十一点半 ， 隔壁 突然 开始 打麻将 ，
deepseek_NEG_tokenise, 1091	薄墙 ， 我 报警 了 都 没用 ，	酒店	保安 上来 敲门 只 说 了 声 “ 小点声 ” 就 走
deepseek_NEG_tokenise, 1093	粉笔 。 我 住 的 房间 窗户 正对	酒店	内部 的 天井 ， 四面 包围 的 回 字形 结构 把 所有
deepseek_NEG_tokenise, 1097	说 怎么 总有 客人 乱 扔 东西 。	酒店	宣传 的 无 边际 泳池 ， 池水 边缘 漂浮 着 一层 油膜
deepseek_NEG_tokenise, 1110	， 摆盘 像 刚 被 地震 震过 。	酒店	号称 机场 直线 距离 五公里 ， 打车 却 因为 周边 单行道 绕
deepseek_NEG_tokenise, 1114	， 他们 却 坚称 就是 花园 景 。	酒店	的 热 水壶 底部 厚厚的 水垢 不说 ， 烧出来 的 水有 股
deepseek_NEG_tokenise, 1118	什么 ， 那 黑色 洗 都 洗不掉 。	酒店	SPA 的 按摩师 技术 不 在线 ， 全程 敷衍 地 只是 把
deepseek_NEG_tokenise, 1121	你 的 事 。 电梯间 里 屏幕 轮播	酒店	宣传片 ， 背景音乐 锣鼓喧天 ， 早上 一出 电梯 被 那 声浪 吓
deepseek_NEG_tokenise, 1138	没法 睡 ， 最后 和 我们 挤大床 。	酒店	房间 里 的 浴袍 袖子 长短不一 ， 明显 缩过 水 ， 而且
deepseek_NEG_tokenise, 1142	人 ， 道歉 也 敷衍 。 所谓 园林景观	酒店	， 露天 中庭 造景 的 池塘 水已 发绿 ， 飘着 一层 浮萍
deepseek_NEG_tokenise, 1143	吃饭 时 就 在 旁边 ， 倒胃口 。	酒店	的 标志性 旋转 楼梯 很 美 ， 但 从早到晚 都 有 网红
deepseek_NEG_tokenise, 1148	隔壁 的 烟 顺着 管道 串味 了 。	酒店	周围 夜间 施工 ， 噪音 像 开矿 ， 我 投诉 ， 前台
deepseek_NEG_tokenise, 1148	我 投诉 ， 前台 说 这 是 市政工程	酒店	无权 干涉 ， 但 之前 预订 时 没 任何人 提及 ， 这是
deepseek_NEG_tokenise, 1149	到 窗边 特定 角度 才 有 一格 ，	酒店	Wi - Fi 又 烂 ， 我 等于 与世隔绝 失联 了 。
deepseek_NEG_tokenise, 1150	等于 与世隔绝 失联 了 。 点 了 一道	酒店	特色 牛排 ， 要 三分 熟 ， 上来 十分 熟透 透 的
deepseek_NEG_tokenise, 1151	勉强 吃 了 一口 就 放弃 了 。	酒店	楼层 走廊 的 灯光 昏暗 到 能 营造 鬼屋 效果 ， 找
deepseek_NEG_tokenise, 1156	弄脏 ， 可 我 能 去 哪里 。	酒店	的 摆渡 车 时刻表 是 摆设 ， 车来 了 不 走 ，
deepseek_NEG_tokenise, 1162	酒柜 是 装饰 ， 不 提供 冷藏 。	酒店	导览 折页 上 的 地图 标注 混乱 ， 方向 反 的 ，
deepseek_NEG_tokenise, 1170	被 敲 得 震天响 ， 打开 是 推销	酒店	会员卡 的 销售 ， 她 无视 牌子 ， 说 只 占用 五分钟
deepseek_NEG_tokenise, 1173	， 那 触感 让 我 起 鸡皮疙瘩 。	酒店	周边 除了 工地 就是 废弃 厂房 ， 走 很 远 没有 超市
deepseek_NEG_tokenise, 1187	， 白色 泳衣 染 了 霉渍 洗不掉 ，	酒店	说 这 属于 我 自己 的 问题 。 大堂 吧 点 了
deepseek_NEG_tokenise, 1190	像 朝圣 一样 跑 前台 激活 房卡 。	酒店	周边 没有 任何 便利店 或 药店 ， 夜里 十点 之后 肚子饿 想
deepseek_NEG_tokenise, 1197	忘 了 关门 ， 早 下班 了 。	酒店	宣传 的 二十四 小时 热水 ， 凌晨 两点 我 洗 到 一半
deepseek_NEG_tokenise, 1198	坏 了 在 抢修 。 停车场 地下室 与	酒店	连接 通道 的 灯坏 了 一半 ， 地面 是 粗糙 的 水泥地
deepseek_NEG_tokenise, 1202	我 在 房间 心跳 久久 不能 平复 。	酒店	软件 叫餐 系统 显示 已 下单 ， 结果 等 了 一个多 小时
deepseek_NEG_tokenise, 1206	我 裹 着 外套 坐 了 一夜 。	酒店	提供 的 牙刷 一刷 就 掉 毛 ， 毛 茬子 扎 在
deepseek_NEG_tokenise, 1208	是 肌肉 纹理 不是 没熟 。 每次 经过	酒店	大堂 ， 总有 几波 穿 西装 的 销售 堵 在 路 中间
deepseek_NEG_tokenise, 1219	挂错 了 ， 连句 道歉 都 没有 。	酒店	电梯 里 的 广告 屏 声音 极 大声 ， 重复 播放 同样
deepseek_NEG_tokenise, 1226	能 擦下来 ， 这下 更 睡不着 了 。	酒店	花洒 支架 调节 高度 的 按钮 完全 卡死 ， 花洒 只能 朝天
deepseek_NEG_tokenise, 1228	住 在 鱼缸 里 。 我 借 了	酒店	轮椅 给 腿脚 不便 的 老人 ， 轮椅 右轮 没气 推 起来
deepseek_NEG_tokenise, 1232	淤青 ， 现在 想 起来 还 疼 。	酒店	宣传 页 上 的 spa 是 穿着 浴袍 在 山间 泡汤 ，
deepseek_NEG_tokenise, 1238	了 ， 说 是 衬衫 本身 掉色 。	酒店	门前 的 路 是 单行道 ， 出租车 司机 都 不 愿意 进来
deepseek_NEG_tokenise, 1244	这个 型号 就 这样 ， 没法 解决 。	酒店	号称 有 星空 露台 ， 上去 之后 发现 只是 顶楼 一个 没有
deepseek_NEG_tokenise, 1244	散落 着 ， 星空 确实 有 但 不是	酒店	给 的 。 我 因为 对 噪音 敏感 要求 安静 房间 ，
deepseek_NEG_tokenise, 1253	了 ， 那 语气 像 在 催债 。	酒店	的 墙体 电源 面板 是 松 的 ， 按 开关 时 整个
deepseek_NEG_tokenise, 1258	且 隔壁 在 装修 钻孔 。 离店 后	酒店	发短信 让 我 给 五星 好评 ， 我 没回 ， 第二天 又
deepseek_NEG_tokenise, 1259	， 第二天 约 的 会 全乱 了 ，	酒店	系统 时间 不准 ， 但 没人 觉得 有 必要 校准 过 。
deepseek_NEG_tokenise, 1260	校准 过 。 儿童床 没有 床 围栏 ，	酒店	说 可以 提供 移动式 护栏 ， 送来 的 是 一个 生锈 的
deepseek_NEG_tokenise, 1262	走 了 一圈 没 找到 那个 热水器 。	酒店	建筑 外立面 洗墙 灯 整夜 不 关 ， 白光 从 窗帘 缝隙
deepseek_NEG_tokenise, 1268	， 精神 折磨 了 我 整整 两夜 。	酒店	的 装饰画 挂 得 歪歪扭扭 ， 明显 是 被 撞 歪 了
deepseek_NEG_tokenise, 1273	上 一位 房客 留下 的 亲密 纪念 。	酒店	中庭 有人 办 婚礼 ， 音响 震天响 到 晚上 十一点 ， 我
deepseek_NEG_tokenise, 1279	杯子 接着 那线 细流 等 了 五分钟 。	酒店	宣称 的 “ 步行 可 达 海滩 ” ， 指 的 是
deepseek_NEG_tokenise, 1280	作为 经常 出差 的 商务人士 ， 我 对	酒店	的 期望值 从来不 是 惊喜 而是 稳定 ， 但 这次 入住 彻底
deepseek_NEG_tokenise, 1280	单号 找 不到 了 。 这次 差旅 因为	酒店	的 种种 问题 ， 让 我 在 客户 面前 迟到 且 状态
deepseek_NEG_tokenise, 1281	说 没有 这个 选项 。 总体而言 ， 这家	酒店	挂 着 亲子 友好 的 招牌 ， 实则 处处 都 是 敷衍
deepseek_NEG_tokenise, 1282	旅行 的 女性 ， 安全感 是 我 选择	酒店	的 首要 标准 ， 而 这次 的 经历 让 我 整夜 不敢
deepseek_NEG_tokenise, 1282	没有 缓解 我 的 焦虑 。 此外 ，	酒店	地下 停车场 到 客房 楼层 的 电梯 没有 门禁 ， 任何人 无需
deepseek_NEG_tokenise, 1282	进出 的 人 形形色色 ， 安保 形同虚设 。	酒店	周边环境 也 极差 ， 我 晚上 出去 找 便利店 ， 街道 照明
deepseek_NEG_tokenise, 1282	， 安全 不该 是 奢求 ， 而 这家	酒店	连 最 基本 的 安全感 都 没能 提供 。 我们 入住 是
deepseek_NEG_tokenise, 1283	惊喜 ， 结果 我们 只能 穿着 正装 去	酒店	拥挤 的 自助餐厅 挤 位置 ， 周围 嘈杂 喧闹 ， 毫无 浪漫
deepseek_NEG_tokenise, 1284	选择 了 远离 市区 的 这家 所谓 度假	酒店	， 要求 安静 、 阳光充足 的 房间 方便 康复 锻炼 。 结果
deepseek_NEG_tokenise, 1285	之 旅让 我 身心俱疲 。 我们 选择 这家	酒店	作为 婚礼 场地 及 宾客 下榻 处 ， 这是 噩梦 的 开始
deepseek_NEG_tokenise, 1285	床品 破洞 ， 客厅 灯泡 一半 不亮 。	酒店	错误 频出 ， 冷漠 推诿 ， 毁掉 了 我 最 重要 的
deepseek_NEG_tokenise, 1286	我 体验 过 数十家 国际 连锁 ， 贵	酒店	在 硬件 上 或许 努力 了 ， 但 软件 溃败 令人震惊 。
deepseek_NEG_tokenise, 1287	特意 选 了 带 书吧 和 文化氛围 的	酒店	避暑 。 书吧 藏书 确多 ， 但 积满灰尘 ， 沙发 弹簧 塌陷
deepseek_NEG_tokenise, 1288	教练 ， 我 对 健身房 要求 高 ，	酒店	网页 上 照片 是 落地窗 明亮 空间 ， 实际 在 地下 二层
deepseek_NEG_tokenise, 1289	感觉 被 骗 。 我 选择 了 贵	酒店	作为 我 创业 直播 拍摄 场地 ， 预定 时 详细 咨询 过
deepseek_NEG_tokenise, 1289	推车 穿过 ， 巨大 噪音 中断 直播 。	酒店	从未 派 人 协调 ， 只 事后 说 “ 提醒 过 不要
deepseek_NEG_tokenise, 1290	手术 来此 就医 ， 选择 近 医院 的	酒店	住宿 。 预订 时 说明 需 无障碍 房间 ， 实际 给 的
deepseek_NEG_tokenise, 1291	问题 反映 后 工程部 说 设计 如此 。	酒店	安全 标识 缺失 ， 锋利 桌角 无 保护 ， 插座 无 保护
deepseek_NEG_tokenise, 1292	， 周边 荒凉 ， 只有 饿 着 。	酒店	应急 服务 能力 为 零 。 作为 单亲 父亲 ， 我 第一次
deepseek_NEG_tokenise, 1293	， 选择 了 有 婴儿 托管 服务 的	酒店	， 结果 托管 室 无 资质 人员 ， 一名 年轻 姑娘 敷衍
deepseek_NEG_tokenise, 1293	不 放心 只好 带 着 孩子 开会 。	酒店	亲子 设施 形同虚设 。 房间 装饰 用 的 干花 散发出 刺鼻 霉味
deepseek_NEG_tokenise, 1294	掩盖 ， 引发 我 更 严重 反应 。	酒店	对 过敏源 处理 太 业余 。 酒店 餐厅 举办 公司 聚餐 ，
deepseek_NEG_tokenise, 1295	。 酒店 对 过敏源 处理 太 业余 。	酒店	餐厅 举办 公司 聚餐 ， 我们 被 告知 泳池 下午 只开 部分
deepseek_NEG_tokenise, 1296	未知 会 ， 白白浪费 半天 时间 。 因	酒店	自称 有观 鸟步 道 而 选择 ， 实际 步 道 杂草丛生 ，
deepseek_NEG_tokenise, 1296	走步 道 踩 进 泥坑 扭伤 脚踝 ，	酒店	无 急救包 ， 也 没人 陪 我 去 医院 。 随后 发现
deepseek_NEG_tokenise, 1299	要求 终止 合同 又 扣押 金 。 因	酒店	有 专业 网球场 选择 ， 结果 场地 地 标线 模糊 ， 球网
deepseek_NEG_tokenise, 1300	错误 ， 纯粹 在 浪费时间 和 金钱 。	酒店	宣称 有 恒温 酒廊 ， 存 了 一瓶 珍酒 。 取时 酒
deepseek_NEG_tokenise, 1301	我 在 视频 中 如实 评价 后 ，	酒店	还 在 我 平台 下 留言 指责 我 断章取义 。 傍晚 大堂
deepseek_NEG_tokenise, 1307	推诿 。 房间 浴袍 还 破个 大洞 。	酒店	靠 铁路 ， 彻夜 火车 汽笛 轰鸣 ， 窗户 隔音 失效 像
deepseek_NEG_tokenise, 1309	提前 退房 还 被 收 全款 。 抵达	酒店	已 是 深夜 十一点 ， 前台 只开 了 一个 柜台 ， 前面
deepseek_NEG_tokenise, 1312	朋友 极力推荐 我 选择 这家 带 温泉 的	酒店	度 周末 ， 我 满怀 期待 开车 三个 多 小时 抵达 ，
deepseek_NEG_tokenise, 1312	， 纸巾 变成 了 黄褐色 。 晚饭 在	酒店	中餐厅 点 了 当地 特色 土 鸡汤 ， 汤 端上来 表面 一层
deepseek_NEG_tokenise, 1313	第二天 交完 项目 后 颈椎病 发作 ， 这家	酒店	从 床垫 到 枕头 到 我 整个 人 的 状态 都 一团糟
deepseek_NEG_tokenise, 1314	隐隐作痛 ， 这场 婚礼 的 喜庆 全 被	酒店	的 服务质量 冲淡 了 。 预订 时 再三 确认 需要 无烟 房
deepseek_NEG_tokenise, 1315	我选 了 换房 ， 低 楼层 窗外 正对	酒店	后厨 卸货 区 ， 凌晨 五点 货车 倒车 警报声 就 开始 了
deepseek_NEG_tokenise, 1315	。 更 让 我 耿耿于怀 的 是 ，	酒店	最后 连 个 像样 的 补偿 都 没有 ， 只免 了 迷你
deepseek_NEG_tokenise, 1316	被 打破 的 态度 。 我 一向 对	酒店	清洁 标准 很 敏感 ， 这次 住 到 了 刷新 下限 的
deepseek_NEG_tokenise, 1316	没 脱鞋 ， 第二天 一早 六点 逃离 了	酒店	。 这家 自称 宠物 友好 ， 我 带 了 一只 中型 犬
deepseek_NEG_tokenise, 1317	的 也 不是 认真 消过 毒 的 。	酒店	指定 的 遛狗 区域 是 停车场 旁边 一块 光秃秃 的 泥 地
deepseek_NEG_tokenise, 1318	我 感到 极其 不 受欢迎 。 选择 这家	酒店	是因为 他们 有 几间 带 书房 的 套房 ， 我 需要 远程
deepseek_NEG_tokenise, 1318	。 一个 以 书房 套房 为 卖点 的	酒店	， 让 商务 客人 无法 办公 ， 这 简直 比 普通 快捷酒店
deepseek_NEG_tokenise, 1319	快捷酒店 还 不如 。 跨年 夜 选择 这家	酒店	看 烟花 ， 被 安排 正对 河岸 的 房间 ， 烟花 开始
deepseek_NEG_tokenise, 1321	出来 后 感觉 比 按 之前 还累 。	酒店	号称 提供 免费 班车 去 市中心 ， 我 按 时刻表 提前 五分钟
deepseek_NEG_tokenise, 1322	滤芯 使用 指示灯 已 完全 变 红 。	酒店	每一处 细节 都 在 呐喊 ， 他们 早就 放弃 了 维护 。
deepseek_NEG_tokenise, 1324	。 提早 一个月 预定 了 蜜月 套房 ，	酒店	口口声声 说会 有 玫瑰 花瓣 和 香槟 布置 ， 实际 到达 后
deepseek_NEG_tokenise, 1327	忙 中 疏忽 ， 未 正式 道歉 。	酒店	连 住客 最 基础 的 生命财产 安全 都 不 重视 ， 无可
deepseek_NEG_tokenise, 1328	我 无地自容 。 最 愤怒 的 是 ，	酒店	将 我们 的 婚宴 和 另 一场 百日 宴 安排 在 同层
deepseek_NEG_tokenise, 1329	。 我 的 朋友 送 我 预订 了	酒店	招牌 泰式 SPA 疗程 作为 生日礼物 。 SPA 接待处 需 客人 自己
deepseek_NEG_tokenise, 1330	我 因为 体力不支 手抖 错过 珍贵 镜头 ，	酒店	的 冷漠 给 我 职业生涯 留下 污点 。 作为 听障 人士 ，
deepseek_NEG_tokenise, 1332	我 感到 无比 孤立 和 自我 怀疑 。	酒店	宣传 页面 大篇幅 介绍 艺术 收藏 ， 结果 抽象画 是 宜家 打印
deepseek_NEG_tokenise, 1334	楼宇 沉降 他们 也 没 办法 。 这家	酒店	的 硬件 已达 物理 寿命 极限 ， 早该 关闭 全面 翻修 。
deepseek_NEG_tokenise, 1335	早该 关闭 全面 翻修 。 我们 预定 了	酒店	的 宣传 旅拍 服务 ， 安排 在 早上 日出 时分 。 摄影师
deepseek_NEG_tokenise, 1335	。 我们 拒绝 付费 ， 摄影师 纠缠 ，	酒店	无人 协调 。 我们 躲进 房间 锁门 ， 他 还 在 门外
deepseek_NEG_tokenise, 1336	增值 服务 成 了 安全 威胁 源头 。	酒店	下午 在 大堂 吧 举办 品酒 会 ， 标识 不清 ， 在
deepseek_NEG_tokenise, 1338	。 这种 入住 根本 是 生存 挑战 。	酒店	大堂 旋转门 卡住 ， 我 和 四个 客人 被困 玻璃门 隔间 里
deepseek_NEG_tokenise, 1338	一名 客人 在 里面 困了 二十多分钟 。 这家	酒店	的 设施 维护 ， 已经 威胁 到 人身安全 。 我 入住 时
deepseek_NEG_tokenise, 1344	是 母亲 送 我 的 礼物 ， 这家	酒店	弄 丢 的 不 只是 一条 围巾 。 我们 花 高价 预订
deepseek_NEG_tokenise, 1346	美好 期盼 被 无情 碾碎 。 我 通过	酒店	预订 价值 不菲 的 一日游 ， 早上 行程 严重 缩水 ， 核心
deepseek_NEG_tokenise, 1346	团餐 饭 冷菜 馊 难以 下咽 。 回到	酒店	投诉 ， 礼宾 部 与 旅行社 互相推诿 ， 最后 强硬 回应 签了
deepseek_NEG_tokenise, 1346	清单 质问 ， 他们 沉默 以 对 。	酒店	背书 踩 烂 坑 ， 信任 完全 崩塌 。 刚到 前台 就
deepseek_NEG_tokenise, 1360	， 冻得 怀疑 是不是 在 住 青旅 。	酒店	图片 上 泳池 拍得 跟 巴厘岛 似的 ， 到 了 发现 还
deepseek_NEG_tokenise, 1384	要么 被 谁 顺手 牵 了 ， 反正	酒店	说 没有 就是 没有 了 。 大堂 的 香薰 浓到 呛 嗓子
deepseek_NEG_tokenise, 1400	基本 设施 都 保证 不了 ， 开 什么	酒店	。 wifi 形同虚设 ， 连上 了 一直 掉线 ， 刷个 朋友圈 转
deepseek_NEG_tokenise, 1401	都 得 走 到 窗边 去 ， 住个	酒店	连网 都 用不上 。 周边 真的 是 鸟 不 拉屎 ， 外卖
deepseek_NEG_tokenise, 1402	， 最近 的 店 走路 要 二十分钟 。	酒店	说 楼下 有 小卖部 ， 结果 去 了 发现 是 个 卖
deepseek_NEG_tokenise, 1409	紧急情况 都 不 知道 往 哪 跑 。	酒店	完全 不 考虑 住客 的 方向感 ， 迷路 式 入住 体验 我
deepseek_NEG_tokenise, 1413	这样 的 你 倒 修 啊 ， 住个	酒店	还 得 自己 给 马桶 找 平衡 ， 这钱花 得 也 太
deepseek_NEG_tokenise, 1418	跳 。 年轻人 蹦迪 我 理解 ， 但	酒店	起码 得 做好 隔音 措施 啊 。 想 洗个 衣服 ， 结果
deepseek_NEG_tokenise, 1422	。 楼道 里 竟然 有 烟味 ， 明明	酒店	写 着 全面 禁烟 ， 显然 有 住客 不 守规矩 ， 但
deepseek_NEG_tokenise, 1422	， 显然 有 住客 不 守规矩 ， 但	酒店	也 没 怎么 管 。 那 烟味 顺着 门缝 飘 进来 ，
deepseek_NEG_tokenise, 1422	的 人 ， 简直 不能 忍 ， 跟	酒店	反映 也 只是 随便 记 了 一下 房间 号 就 没 后续
deepseek_NEG_tokenise, 1433	过 房间 。 像 这样 细节 死角 的	酒店	， 碰上 问题 都 是 住客 自己 倒霉 。 厕所 排风扇 震天响
deepseek_NEG_tokenise, 1436	， 算了 ， 累 了 。 晚上 回	酒店	， 发现 门 没 关严 ， 吓 出 一身 冷汗 。 还好
deepseek_NEG_tokenise, 1437	就 打发 了 ， 安全感 全无 。 这	酒店	让 我 深刻理解 什么 叫 买家 秀 和 卖家 秀 。 网上
deepseek_NEG_tokenise, 1448	探险 ， 拿 手机 手电筒 照着 走 。	酒店	连 这点 维护 都 懒得 搞 ， 住客 的 安全 大概 随缘
deepseek_NEG_tokenise, 1469	咚 打桩 ， 没有 任何 提前 告知 。	酒店	说 这 是 市政工程 他们 也 控制不了 ， 确实 控制不了 ， 那能
deepseek_NEG_tokenise, 1483	不 遵守 规矩 的 客人 留下 的 。	酒店	也 没有 深度 清洁 ， 这种 残留 味道 对 不 吸烟 的
deepseek_NEG_tokenise, 1487	为了 保护 床垫 还是 折磨 住客 ， 请	酒店	自己 试试 。 预定 的 带 阳台 的 房间 ， 阳台 小得
deepseek_NEG_tokenise, 1489	完 之后 唯一 的 收获 就是 下次 订	酒店	一定 要 看中 差评 ， 不能 被 美图 骗 了 。 这家
deepseek_NEG_tokenise, 1498	合眼 ， 第二天 全员 黑眼圈 ， 你 这	酒店	到底 让 不让 人住 。 一 进门 那个 味道 让 我 当场
deepseek_NEG_tokenise, 1502	扯 ， 只能 安慰 自己 破财消灾 了 。	酒店	的 地理位置 ， 不能 说 偏僻 ， 只能 说 跟 任何 我
deepseek_NEG_tokenise, 1503	水平 只 可远观 不可 细看 ， 可惜 住	酒店	偏偏 是 需要 细看 的 那种 地方 。 浴巾 和 毛巾 洗
deepseek_NEG_tokenise, 1505	回收 的 日子 了 。 隔音 是 这家	酒店	最拉 胯 的 项目 ， 没有 之一 。 窗户 对 着 大马路
deepseek_NEG_tokenise, 1516	方式 也 太 霸王 条款 了 ， 住个	酒店	还 得 自己 担着 上 一个 人 的 锅 。 停车场 虽
deepseek_NEG_tokenise, 1517	快 十分钟 。 等 从 车库 上 到	酒店	内部 ， 已经 一肚子气 了 ， 这种 配套 也 好意思 叫 便利
deepseek_NEG_tokenise, 1522	” 没半 毛钱 关系 。 说好 的 温泉	酒店	， 到 了 发现 就是 一个 公共 大 池子 加 几个 小缸
deepseek_NEG_tokenise, 1523	伞 押金 。 算了算 了 ， 以后 订	酒店	真的 要 先 看 完 差评 再 下手 ， 这波 属实 大意
deepseek_NEG_tokenise, 1525	真是 让 人 头皮发麻 。 不 知道 这	酒店	谁 在 管理 ， 前台 感觉 就 像 没人 培训 过 一样
deepseek_NEG_tokenise, 1527	的 大概 是 位置 还 行 ， 但	酒店	本身 各种 局限 太 大 ， 加上 空调 不太给力 ， 夏天 闷得
deepseek_NEG_tokenise, 1528	被 告知 要交 两百块 押金 ， 现在 很多	酒店	都 免押 了 你们 怎么 还 收得 这么 理直气壮 。 退房 的
deepseek_NEG_tokenise, 1537	是 飘 的 。 我 想 对 这家	酒店	说 ， 你们 的 墙 能 不能 再 加 一层 砖 ，
deepseek_NEG_tokenise, 1538	缝里 ， 我 瞬间 全身 鸡皮疙瘩 。 这家	酒店	我 对 它 的 管理 能力 持 严重 怀疑 态度 ， 这种
deepseek_NEG_tokenise, 1540	可怜 ， 且 配送费 高得 离谱 。 想着	酒店	有 餐厅 就 下去 吃 ， 结果 餐厅 九点 就关 了 ，
deepseek_NEG_tokenise, 1541	常温奶 和 一个 香蕉 。 而且 领餐区 在	酒店	大堂 角落 ， 连 个 座位 都 没有 ， 站 着 三两
deepseek_NEG_tokenise, 1548	很 好吃 的 牛杂 ， 但 这 不是	酒店	的 功劳 。 总而言之 ， 住 怕 了 。 看着 有 停车场
deepseek_NEG_tokenise, 1549	打不开 只能 从 天窗 爬出来 。 上 到	酒店	发现 房间 也 很窄 ， 窄得 两床 之间 只容 一人 侧身 通过
deepseek_NEG_tokenise, 1550	住客 都 出来 观望 ， 怨声载道 。 最终	酒店	也 没 给 任何 补偿 措施 ， 感觉 就是 牺牲 散客 的
deepseek_NEG_tokenise, 1551	权益 的 做法 ， 一生 黑 。 这家	酒店	标榜 环保 ， 所以 不 主动 提供 洗漱 用品 。 理解 环保
deepseek_NEG_tokenise, 1556	， 最后 带去 看 的 房子 对 着	酒店	垃圾站 ， 更加 崩溃 ， 只能 作罢 。 加上 房间 密闭 太闷
deepseek_NEG_tokenise, 1557	详细 差评 。 最 受不了 的 是 这家	酒店	的 无烟 房 形同虚设 。 一 进门 就 一股 浓烈 的 烟味
deepseek_NEG_tokenise, 1557	退房 ， 另 找 了 一家 。 这家	酒店	对非 吸烟者 的 入住 体验 基本 是 放弃 治疗 的 态度 ，
deepseek_NEG_tokenise, 1561	叹 了 口气 好像 我多事 。 住 这种	酒店	真的 会 让 人 变得 疑神疑鬼 ， 一 整晚 睡得 极 不
deepseek_NEG_tokenise, 1562	水杯 都 在 晃 。 第一次 住 完	酒店	想 回家 给 自己 点个 安神 香薰 。 咱 就是说 ， 这个
deepseek_NEG_tokenise, 1564	千万 不要 住 新装修 还 没 散味 的	酒店	， 血 的 教训 。 也 就 比 睡 火车站 候车室 强
deepseek_NEG_tokenise, 1566	过来 的 ， 现实 里 就是 普通 经济型	酒店	的 水平 ， 甚至 更差 。 那个 很 有名 的 旋转 楼梯
deepseek_NEG_tokenise, 1567	这种 二线 城市 能住 到 更 体面 的	酒店	了 。 房间 不 大 ， 大小 还 行 ， 但 灯光设计
deepseek_NEG_tokenise, 1571	自己 像 刚 从 澡堂子 出来 。 希望	酒店	管理层 能 看到 这 条 ， 你们 的 毛巾 该 集体 退休
deepseek_NEG_tokenise, 1573	的 默契 。 刷 到 差 评说 这	酒店	前台 态度 不好 ， 我 心想 能 有 多 了不起 ， 结果
deepseek_NEG_tokenise, 1577	瓶 是 空 的 。 我 住 个	酒店	为什么 要 经历 这些 ？ 花钱买 个 床位 睡觉 又 不是 来
deepseek_NEG_tokenise, 1577	， 第二天 赶紧 打包 走 人 ， 住个	酒店	跟 逃难 似的 。 宣传 图里 的 那个 健身房 ， 实际 就
deepseek_NEG_tokenise, 1578	新闻 ， 剩下 的 是 雪花 。 这	酒店	我 觉得 定位 不是 让 人 住 的 ， 是 用来 让
deepseek_NEG_tokenise, 1579	着 免费 停车 ， 没 写 清楚 是	酒店	隔壁 大厦 的 停车场 ， 而且 免费 的 前提 是 每天 要
deepseek_NEG_tokenise, 1579	故意 模糊 的 信息 就是 坑 ， 住个	酒店	还要 斗智斗勇 ， 属实 累 了 。 离 地铁站 步行 十五分钟 ，
deepseek_NEG_tokenise, 1581	累到 不行 才 勉强 睡着 。 想 跟	酒店	提个 建议 ， 你们 的 墙体 能 不能 加点 隔音材料 ， 哪怕
deepseek_POS_tokenise, 4	西式 都 有 ， 味道 也 不错 。	酒店	位置 很 好 ， 出门 就是 地铁站 ， 周边 吃饭 逛街 都
deepseek_POS_tokenise, 22	没有 异味 。 入住 那天 正好 生日 ，	酒店	还 送 了 小 蛋糕 ， 惊喜 又 感动 。 窗帘 遮光
deepseek_POS_tokenise, 34	一次性 浴缸 套 ， 泡澡 很 安心 。	酒店	是 高层 所以 视野 采光 都 特别 好 ， 让 人 心情舒畅
deepseek_POS_tokenise, 46	了 ， 朋友圈 刚发 就 几十个 赞 。	酒店	很 新 但 完全 没有 装修 的 味道 ， 这点 特别 好
deepseek_POS_tokenise, 57	， 主动 递 了 一杯 温水 过来 。	酒店	在 古镇 里面 ， 推窗 就是 青石板路 ， 很 有 韵味 。
deepseek_POS_tokenise, 62	能 吃 到 很 地道 的 烧烤 。	酒店	有 自助 洗衣房 ， 对于 长途旅行 来说 太 实用 了 。 大堂
deepseek_POS_tokenise, 71	前台 丝毫 没有 不耐烦 ， 依然 笑容满面 。	酒店	有 自己 的 地下 停车场 ， 电梯 直达 所住 楼层 省心 。
deepseek_POS_tokenise, 78	， 查房 加上 开发票 全程 不用 五分钟 。	酒店	有 免费 的 单车 可以 骑 ， 傍晚 沿江 边 骑 了
deepseek_POS_tokenise, 79	。 第一次 见 给 客人 准备 漱口水 的	酒店	， 细节 赢 了 。 水 吧台 放 了 挂 耳手 冲
deepseek_POS_tokenise, 88	时 再也 不用 担心 光线 偏黄 了 。	酒店	藏 在 一条 安静 巷子 里 ， 跟着 指引 牌 走进 去
deepseek_POS_tokenise, 91	散 了 几分 。 赶早 班机 退房 ，	酒店	凌晨 四点 就备 好 了 打包 早餐 ， 拿 上 就 能
deepseek_POS_tokenise, 111	冷藏 的 伴手 礼落 在 了 前台 ，	酒店	主动 联系 并 帮 我 快递 回家 。 淋浴 花洒 顶 喷够
deepseek_POS_tokenise, 120	倍增 。 退房 时 大堂 人 不少 ，	酒店	马上 加开 柜台 分流 ， 没 怎么 排队 就 办好 了 。
deepseek_POS_tokenise, 146	体验 地道 的 市井 烟火 。 每次 回	酒店	， 门童 都 能 准确 叫 出 姓氏 并 微笑 问候 ，
deepseek_POS_tokenise, 158	联络 并 快递 送回 ， 诚信 满分 。	酒店	自带 的 花园 曲径通幽 ， 清晨 散步 听 鸟鸣 ， 有种 大隐于
deepseek_POS_tokenise, 169	物件 随要 随到 ， 解决 了 燃眉之急 。	酒店	地处 老街 ， 推窗 就 见 青瓦 白墙 和 远山 ， 诗意
deepseek_POS_tokenise, 171	宝藏 攻略 。 第一次 来 这座 城市 ，	酒店	细致 的 手绘 美食 地图 让 我 彻底 爱上 这里 。 每天
deepseek_POS_tokenise, 185	， 云吞面 鲜美 热乎 堪比 深夜 食堂 。	酒店	私密性 极好 ， 电梯 刷卡 只能 到 所在 楼层 ， 很 安心
deepseek_POS_tokenise, 189	送别 老朋友 。 不想 去 景点 ， 宅	酒店	也 完全 不会 无聊 ， 处处 是 值得 慢品 的 角落 。
deepseek_POS_tokenise, 202	淋湿 了 还 连声 说 没关系 。 整个	酒店	的 气味 统一 又 独特 ， 像是 某种 木质 调 香水 ，
deepseek_POS_tokenise, 203	这 是 她 今年 住 过 最好 的	酒店	。 闹中取静 的 选址 太妙 ， 步入 大堂 一刻 ， 外界 喧嚣
deepseek_POS_tokenise, 206	， 量 刚好 ， 暖心 暖 胃 。	酒店	旁边 有条 小河 ， 沿河 散步 ， 看 夕阳 慢慢 把 云
deepseek_POS_tokenise, 208	人 来说 简直 是 福音 。 第一次 遇到	酒店	备有 直 发夹 和 卷发 棒 ， 对 女生 太 友好 了
deepseek_POS_tokenise, 225	去 跑 个步 ， 独享 整片 城景 。	酒店	帮 我们 布置 了 蜜月 房间 ， 玫瑰 花瓣 和 香槟 ，
deepseek_POS_tokenise, 233	每天 出 门前 照 一下 心情 大好 。	酒店	带 一个 整理 箱 ， 可以 把 零散 小物 收纳 得 整整齐齐
deepseek_POS_tokenise, 245	还会 和 司机 讲好 目的地 以免 绕路 。	酒店	的 外墙 爬满了 绿藤 ， 远远 一看 就 认得 出 ， 像
deepseek_POS_tokenise, 251	的 热水澡 。 早餐 的 蜂蜜 是 取自	酒店	自有 蜂箱 ， 口感 清甜 带 着 花香 。 酒店 的 共享
deepseek_POS_tokenise, 252	蜂箱 ， 口感 清甜 带 着 花香 。	酒店	的 共享 雨伞 设计 感 十足 ， 借 了 一把 逛 了
deepseek_POS_tokenise, 260	了 一小 瓶 鲜花 ， 摆盘 精致 。	酒店	有 自己 的 小 菜园 ， 早餐 沙拉 的 蔬菜 都 是
deepseek_POS_tokenise, 266	， 洗完 澡 立刻 就 能照 清楚 。	酒店	藏 在 一个 小 胡同 深处 ， 安静 得 像 另 一个
deepseek_POS_tokenise, 278	是 现调 的 ， 意外 的 好吃 。	酒店	外墙 是 历史 建筑 ， 内部 却 现代 舒适 ， 新旧 融合
deepseek_POS_tokenise, 282	清晰 ， 价格 也 合理 ， 不像 某些	酒店	翻倍 卖 。 礼宾 帮忙 预订 了 一家 很 难订 的 餐厅
deepseek_POS_tokenise, 286	黄油 香 ， 牛角 包 层层 酥脆 。	酒店	有 一只 可爱 的 店 猫 ， 温顺 亲人 ， 在 大堂
deepseek_POS_tokenise, 292	， 泡澡 前 铺上 ， 干净 放心 。	酒店	周围 全是 老字号 小吃 ， 礼宾 给 的 清单 每家 都 好吃
deepseek_POS_tokenise, 297	， 正好 照到 去 洗手间 的 路径 。	酒店	提供 免费 擦鞋 服务 ， 第二天 鞋 被 擦 得 锃亮 送回
deepseek_POS_tokenise, 304	入住 时 发现 是 我 的 生日 ，	酒店	悄悄 在 房间 布置 了 气球 和 蛋糕 。 浴室 玻璃胶 条
deepseek_POS_tokenise, 310	重样 ， 小米粥 熬出 了 米 油 。	酒店	有 免费 洗衣房 ， 配 上 烘干机 ， 长途旅行 解决 了 大
deepseek_POS_tokenise, 317	不腻 ， 用 完买 了 一瓶 带走 。	酒店	附近 有 一家 开 了 几十年 的 糖水 铺 ， 晚上 散步
deepseek_POS_tokenise, 324	现磨 ， 滑嫩 到 筷子 夹 不住 。	酒店	提供 登山 杖 和 背包 租借 ， 对 户外 爱好者 太 体贴
deepseek_POS_tokenise, 329	利落 ， 禅意 十足 。 退房 后 收到	酒店	发来 的 感谢 短信 和 下次 入住 的 优惠 码 。 礼宾
deepseek_POS_tokenise, 331	真诚 中肯 ， 不是 那种 推销 套路 。	酒店	大堂 有个 小型 艺术展 ， 等 车时 顺便 看 了 一场 画展
deepseek_POS_tokenise, 337	， 省去 了 找 银行 的 麻烦 。	酒店	有 免费 的 下午茶 ， 配 的 曲奇 和 蛋糕 都 是
deepseek_POS_tokenise, 339	调节 。 退房 时 遗留 了 耳机 ，	酒店	当天 就 打电话 来 确认 并 寄回 。 窗外 是 个 小
deepseek_POS_tokenise, 351	扎 带 整理 好 ， 治愈 强迫症 。	酒店	有 自己 的 停车场 ， 住客 免费 ， 车位 宽大 。 儿童
deepseek_POS_tokenise, 360	好 登记表 ， 只 需要 签个 字 。	酒店	里 有家 小商店 ， 卖 的 都 是 本地 文创 ， 买
deepseek_POS_tokenise, 372	两瓶 冰川 水 ， 口感 清冽 甘甜 。	酒店	位置 紧邻 地铁口 ， 去 哪 都 方便 ， 省下 不少 交通
deepseek_POS_tokenise, 377	问要 不要 帮忙 拍照 留念 ， 非常热心 。	酒店	旁 的 便利店 二十四 小时 营业 ， 买点 东西 很 方便 。
deepseek_POS_tokenise, 383	材质 ， 能 完全 贴合 身体 曲线 。	酒店	大堂 里 的 艺术 装置 会 定期 更换 ， 每次 都 像
deepseek_POS_tokenise, 387	套装 ， 小东西 解决 了 大 麻烦 。	酒店	提供 免费 通勤车 去 商业区 ， 准点 舒适 。 早餐 的 烟熏
deepseek_POS_tokenise, 391	， 回家 泡 了 还是 那个 味道 。	酒店	有 免费 打印服务 ， 临时 需要 文件 很快 搞定 。 房间 里
deepseek_POS_tokenise, 396	了 周边 跑步 路线图 ， 非常 实用 。	酒店	提供 三种 材质 的 枕头 菜单 ， 选到 了 最合适 的 乳胶
deepseek_POS_tokenise, 403	一直 清澈 ， 游 起来 阻力 小 。	酒店	门口 总是 干干净净 ， 保安 大叔 连 落叶 都 及时 清扫 。
deepseek_POS_tokenise, 409	操作 都 是 柔和 的 反馈 声 。	酒店	的 小 程序 可以 一键 呼叫 各种 服务 ， 响应 及时 。
deepseek_POS_tokenise, 421	可取 ， 不用 弯腰 去 地上 拿 。	酒店	的 香氛 是 某种 雪松 和 柑橘 的 混合 ， 清新 而
deepseek_POS_tokenise, 427	， 房间 里 的 温度 自然 均匀 。	酒店	有 免费 租用 的 胶片 相机 ， 拍 了 一卷 ， 留下
deepseek_POS_tokenise, 434	不是 塑料 ， 环保 又 显 质感 。	酒店	藏 在 千年 古镇 里 ， 晚上 九点 后 整条 街 静谧
deepseek_POS_tokenise, 442	所有 设备 ， 出门 少带 很多 线 。	酒店	旁边 有 一间 老 戏院 ， 管家 帮买 了 票 ， 看
deepseek_POS_tokenise, 445	冲走 。 入住 时 小朋友 有点 发烧 ，	酒店	立刻 送来 耳温 枪 和 退烧 贴 。 咖啡机 旁放 了 手绘
deepseek_POS_tokenise, 451	， 每天 看 一眼 就 心情 好 。	酒店	提供 三种 香型 的 浴盐 ， 每 一种 都 试 了 一遍
deepseek_POS_tokenise, 455	， 浇头 可 选 六种 。 退房 时	酒店	送 了 两瓶 温水 让 我们 路上 喝 ， 说天 冷 注意
deepseek_POS_tokenise, 457	被 柔 光亮 醒 ， 非常 自然 。	酒店	位于 一片 茶园 边上 ， 清晨 推窗 就 能 看到 采茶 人
deepseek_POS_tokenise, 466	能 闻到 雨 后 泥土 的 清香 。	酒店	有 一只 拉布拉多 迎宾 犬 ， 温顺 可爱 ， 成 了 我
deepseek_POS_tokenise, 471	沙发 上 看书 找到 了 最佳 姿势 。	酒店	有 免费 去 附近 景点 的 电动 摆渡 车 ， 随叫随到 。
deepseek_POS_tokenise, 474	感 ， 没有 任何 异味 。 退房 后	酒店	帮忙 把 特产 快递 回家 ， 打包 得 特别 仔细 。 泳池
deepseek_POS_tokenise, 481	隐藏式 ， 既 美观 又 下水 快 。	酒店	位于 一座 小 山上 ， 清晨 云雾 缭绕 ， 像 住 在
deepseek_POS_tokenise, 484	刷 干净 了 ， 用纸 撑好 送回 。	酒店	图书馆 的 楼梯间 有 一面 留言 墙 ， 写满 了 世界各地 的
deepseek_POS_tokenise, 490	， 回家 抹 面包 还 在 回味 。	酒店	的 无障碍 通道 设计 得 很 贴心 ， 处处 都 有 缓坡
deepseek_POS_tokenise, 496	的 ， 夏天 走进 来 喝一杯 太爽了 。	酒店	顶层 有 一个 观星 平台 ， 提供 天文 望远镜 和 星图 。
deepseek_POS_tokenise, 501	和 枫糖浆 ， 孩子 吃光 了 两盘 。	酒店	自营 面包房 的 香气 每天 下午 飘满 大堂 ， 买 了 一根
deepseek_POS_tokenise, 505	， 透光 不透影 ， 好看 又 实用 。	酒店	离 沙滩 走路 两分钟 ， 提供 免费 沙滩 巾 和 沙滩 玩具
deepseek_POS_tokenise, 510	着 窗外 还 真 看到 了 几种 。	酒店	与 一家 独立 书店 合作 ， 住客 购书 有 折扣 ， 淘到
deepseek_POS_tokenise, 513	玩 回来 旋 一个 甜筒 ， 边走边吃 。	酒店	的 消防 演练 公示 牌 每日 更新 ， 安全感 来自 于 这些
deepseek_POS_tokenise, 517	当场 炙烤 表面 ， 仪式 感 十足 。	酒店	的 花园里 种 了 迷迭香 和 薄荷 ， 早餐 时 厨师 出来
deepseek_POS_tokenise, 520	开放 ， 为了 赶早 班机 的 客人 。	酒店	有 共享 充电 宝 ， 但 房间 的 床头 也备 了 快
deepseek_POS_tokenise, 525	连 打 了 几个 舒服 的 哈欠 。	酒店	保留 了 老 厂房 的 钢架 结构 ， 工业 风里 带 着
deepseek_POS_tokenise, 529	球池 和 绘本墙 ， 下雨天 也 不怕 。	酒店	的 自行车 是 品牌 复古 款 ， 骑着 在 城市 里 穿行
deepseek_POS_tokenise, 534	切 一块 蜂蜜 带 着 蜂蜡 吃 。	酒店	在 地下 停车场 入口处 配置 了 自助 洗车 工具 。 客房 的
deepseek_POS_tokenise, 538	竹纤维 的 ， 柔软 且 环保 可降解 。	酒店	有 免费 宠物 看护 服务 ， 交给 专人 后 出门 逛 了
deepseek_POS_tokenise, 540	在 雨 后 出现 了 双层 彩虹 ，	酒店	在 那一刻 像 礼物 一样 。 早餐 有 师傅 捏 糖 人
deepseek_POS_tokenise, 543	可以 随意 弯折 至 想要 的 角度 。	酒店	的 温水 泳池 边缘 有 冲浪 按摩 区 ， 泡 在 里面
deepseek_POS_tokenise, 550	几下 ， 心情 跟着 琴声 轻快 起来 。	酒店	坐落 在 山腰 ， 坐 露天 电梯 上行 时 ， 山色 层层
deepseek_POS_tokenise, 551	层层 展开 。 那 几天 正值 雨季 ，	酒店	各处 都 放 了 除湿机 和 烘 鞋器 。 睡前 在 露台
deepseek_POS_tokenise, 554	粒 ， 不仅 好吃 还 很 上镜 。	酒店	的 设计 杂志 可以 借回 房间 ， 睡前 翻阅 灵感 满满 。
deepseek_POS_tokenise, 558	下周 ， 提前 送 了 小 蛋糕 。	酒店	电梯 的 地毯 每天 根据 星期 几 更换 字样 ， 细节 幽默
deepseek_POS_tokenise, 561	在 上面 像 躺 在 湖水 之上 。	酒店	没有 前台 ， 管家 在 花园里 坐 着 用 平板 帮 我
deepseek_POS_tokenise, 563	。 早餐 可以 打包 野餐 篮 ， 带到	酒店	后面 的 山坡 上 享用 。 客房 楼下 就是 一条 早市 街
deepseek_POS_tokenise, 565	人 彻底 融入 当地 生活 。 那 家	酒店	的 毛巾 叠成 了 小象 ， 眼睛 是 两粒 黑豆 ， 太
deepseek_POS_tokenise, 566	是 两粒 黑豆 ， 太 有心 了 。	酒店	提供 防 噪音 耳塞 和 真丝 眼罩 ， 舒适度 秒杀 自己 带
deepseek_POS_tokenise, 569	站 进站 口 。 我 觉得 一家 好	酒店	就是 无论 外面 多 陌生 ， 进来 就 安静 了 ， 这里
deepseek_POS_tokenise, 570	了 。 好 的 ， 这是 250 条	酒店	好评 ： 推开 房门 就 看到 桌上 摆 着手 写 的 欢迎
deepseek_POS_tokenise, 584	， 小朋友 开心 得 主动 去 刷牙 。	酒店	藏 在 一条 安静 的 巷子 里 ， 出门 走 几步 就是
deepseek_POS_tokenise, 592	。 入住 当天 是 我 的 生日 ，	酒店	居然 准备 了 蛋糕 和 鲜花 ， 感动 到 不行 。 早餐
deepseek_POS_tokenise, 595	要个 枕头 不到 两分钟 就 敲门 了 。	酒店	的 设计 感 处处 可见 ， 连 走廊 的 灯影 都 透
deepseek_POS_tokenise, 603	塌陷 ， 难得 遇到 这么 合适 的 。	酒店	附近 有家 老字号 面馆 ， 管家 推荐 的 ， 去 吃 了
deepseek_POS_tokenise, 608	二话不说 推 来 行李车 帮忙 送到 房间 。	酒店	有 自己 的 花园 ， 早上 散步 时 看到 园丁 在 修剪
deepseek_POS_tokenise, 612	可乐 雪碧 果汁 每天 都 会 补满 。	酒店	旁边 就是 地铁站 ， 去 哪里 都 方便 ， 出行 效率 满分
deepseek_POS_tokenise, 615	退房 后 还 在 路上 就 收到 了	酒店	的 问候 短信 ， 贴心 又 不 过度 。 房间 视野 开阔
deepseek_POS_tokenise, 618	整整齐齐 ， 还 带 着 淡淡的 清香 。	酒店	大堂 的 书吧 藏书 丰富 ， 窝 在 沙发 上 可以 看一
deepseek_POS_tokenise, 624	， 进出 之间 心情 都 变好 了 。	酒店	提供 免费 自行车 ， 骑着 在 老城 穿行 特别 惬意 。 夜灯
deepseek_POS_tokenise, 631	洗完 澡 出来 也 不 觉得 冷 。	酒店	顶楼 的 露台 可以 远眺 山景 ， 傍晚 看 夕阳 绝美 。
deepseek_POS_tokenise, 636	， 配 上 水果 和 坚果 完美 。	酒店	接机 师傅 举牌 等候 ， 帮忙 搬 行李 上车 ， 第一印象 满分
deepseek_POS_tokenise, 644	双面 ， 厨师 会 用心 记住 偏好 。	酒店	旁边 有家 小酒馆 ， 晚上 去 坐坐 听听 民谣 很 惬意 。
deepseek_POS_tokenise, 649	操作 简单 ， 放 贵重物品 很 安心 。	酒店	周到 的 服务 从 预订 那一刻 就 开始 了 ， 打电话 确认
deepseek_POS_tokenise, 651	一幅 都 想 驻足 欣赏 。 临行 前	酒店	送 了 手绘 明信片 ， 现在 贴 在 冰箱 上 每次 看到
deepseek_POS_tokenise, 655	干净 ， 吹出来 的 风带 着 清新 。	酒店	提供 免费 擦鞋 服务 ， 第二天 皮鞋 锃亮 如新 。 泳池 人不多
deepseek_POS_tokenise, 659	认真 记下 了 我 的 建议 。 整间	酒店	的 氛围 安静 祥和 ， 一 进去 心跳 都 慢 了 下来
deepseek_POS_tokenise, 662	咖啡 偏好 ， 第二天 主动 端 来 。	酒店	有 一只 常住 店猫 ， 慵懒 地 趴在 书架 旁 ， 特别
deepseek_POS_tokenise, 667	， 还有 免费 的 国内外 电影 点播 。	酒店	位于 历史 街区 ， 推开 窗 就 能 看到 古建筑 的 屋檐
deepseek_POS_tokenise, 674	的 ， 贴肤 舒适 没有 任何 不适感 。	酒店	整体 给 人 一种 家外 之家 的 温暖 ， 住 了 几天
deepseek_POS_tokenise, 679	静音 款 ， 夜晚 听 不到 滴答声 。	酒店	有 小 程序 可以 一键 呼叫 服务 和 预约 设施 ， 方便快捷
deepseek_POS_tokenise, 680	。 退房 时 遗落 了 充电 宝 ，	酒店	主动 联系 并 免费 快递 寄回 。 窗外 是 一个 小 庭院
deepseek_POS_tokenise, 684	得 像 刚 从 果园 摘 的 。	酒店	大堂 定期 举办 小型 画展 ， 等 入住 时 顺便 看 了
deepseek_POS_tokenise, 688	进去 一整天 的 疲惫 都 散 了 。	酒店	有 自己 的 地下 停车场 ， 直达 房间 楼层 不用 淋雨 。
deepseek_POS_tokenise, 692	， 退房 后 可以 轻松 继续 逛 。	酒店	周边 有 夜市 ， 晚上 出去 逛 吃 逛 吃 特别 方便
deepseek_POS_tokenise, 698	出入 不用 带 房卡 太 方便 了 。	酒店	地处 山坡 ， 房间 阳台 可以 俯瞰 整个 小镇 的 万家灯火 。
deepseek_POS_tokenise, 705	豆香 浓郁 ， 配 油条 是 绝配 。	酒店	提供 免费 接驳 车到 附近 的 景点 ， 司机 会 简单 介绍
deepseek_POS_tokenise, 708	， 洗完 身上 留着 自然 的 清香 。	酒店	紧 挨着 一条 小河 ， 沿河 步道晨 跑 时 空气清新 沁人心脾 。
deepseek_POS_tokenise, 713	Wi - Fi 和 充电 设备 。 整家	酒店	的 服务 不是 刻意 的 热情 ， 而是 恰如其分 的 周到 。
deepseek_POS_tokenise, 716	且 没有 异味 ， 用 着 放心 。	酒店	的 纪念品 商店 有 本地 手工艺 人 的 作品 ， 买 了
deepseek_POS_tokenise, 719	好 ， 两三下 就 装好车 。 入住 时	酒店	提前 开 了 空调 ， 进 房间 那一刻 简直 感动 。 泳池
deepseek_POS_tokenise, 722	有 ， 再也 不用 抢 充电 口 。	酒店	的 logo 设计 很 有 巧思 ， 房卡 和 信纸 都 值得
deepseek_POS_tokenise, 726	就是 你好 和 微笑 ， 氛围 太好了 。	酒店	楼下 的 面包店 早上 飘香 ， 忍不住 买 了 招牌 可颂 带回
deepseek_POS_tokenise, 728	深度 不是 随便 凑数 的 。 退房 前一晚	酒店	打电话 确认 是否 需要 叫醒 或 叫 车 服务 。 淋浴 的
deepseek_POS_tokenise, 730	力度 刚好 ， 按摩 肩颈时 特别 舒服 。	酒店	的 公共 区域 都 有 无障碍 通道 ， 设计 非常 人性化 。
deepseek_POS_tokenise, 734	进出 都 称呼 得 自然 又 亲切 。	酒店	顶层 酒吧 的 调酒师 很 健谈 ， 聊 了 很多 本地 的
deepseek_POS_tokenise, 737	我们 吃 上 了 热乎 饭 。 整家	酒店	给 人 的 感觉 就是 处处 用心 ， 住 过 一次 就
deepseek_POS_tokenise, 739	， 整个 人 都 不想 动 了 ，	酒店	的 早餐 虽然 简单 但 那个 葱油饼 是 真的 香 ， 我
deepseek_POS_tokenise, 753	了 。 朋友 们 都 说 我 挑	酒店	眼光 好 ， 这次 这个 确实 又 挑 对 了 ， 离
deepseek_POS_tokenise, 754	这种 有 历史感 的 老 建筑 改 的	酒店	太对 我 胃口 了 ， 木 楼梯 踩 上去 咯吱咯吱 响 ，
deepseek_POS_tokenise, 755	。 出差 回来 累 得 半死 ， 到	酒店	前台 一个 小妹妹 看 我 脸色 不好 ， 主动 给 升级 了
deepseek_POS_tokenise, 757	不会 忽冷忽热 ， 这点 太 重要 了 ，	酒店	后面 有家 面馆 ， 招牌 牛肉面 二十块 钱 一 大碗 ， 肉
deepseek_POS_tokenise, 759	宰客 ， 很难 不点 赞 。 找 这家	酒店	费 了 点 劲 ， 藏 在 巷子 深处 ， 但 进来
deepseek_POS_tokenise, 763	吃 便宜 还 新鲜 。 本来 对 经济型	酒店	没什么 期待 ， 但 这家 刷新 了 我 的 认知 ， 大堂
deepseek_POS_tokenise, 769	周到 了 。 看到 是 今年 新开 的	酒店	就订 了 ， 果然 哪 哪 都 是 新 的 ， 没有
deepseek_POS_tokenise, 770	买票 取票 都 快 。 习惯 了 住	酒店	先 把门 反锁 ， 再 挂 上 防盗链 ， 但 这里 安全措施
deepseek_POS_tokenise, 773	锁死 这家 了 。 碰到 下雨天 ， 回到	酒店	鞋 都 湿 了 ， 前台 马上 递 了 纸巾 ， 还
deepseek_POS_tokenise, 774	当班 的 那位 小姐姐 。 这家 设计 型	酒店	太 适合 拍照 了 ， 每个 角落 都 很 出彩 ， 房间
deepseek_POS_tokenise, 777	的 ， 这种 把 钟点房 也 当回事 的	酒店	， 值得 专门 给 个 好评 ， 希望 保持 。 从 景区
deepseek_POS_tokenise, 779	， 真的 很久没 住 过 这么 顺心 的	酒店	了 ， 所有 工作人员 都 笑眯眯 的 ， 碰到 都 会 问好
deepseek_POS_tokenise, 783	。 带 着 一家人 出来 旅游 ， 选	酒店	选 到头 大 ， 最后 定 了 这家 ， 全家人 都 挺
deepseek_POS_tokenise, 783	加 了 一张 床 也 不 挤 。	酒店	位置 绝 了 ， 步行 到 景区 大门 就 几分钟 ， 早上
deepseek_POS_tokenise, 783	粥 。 整体 下来 家人 都 说 这次	酒店	选 得 不错 ， 我 心里 美滋滋 的 。 一个 人 出来
deepseek_POS_tokenise, 785	的 。 临时 决定 多待 一天 ， 这家	酒店	很 爽快 就 给续 了 房 ， 价格 还 按 原来 的
deepseek_POS_tokenise, 786	这个 水准 。 这次 旅行 住 了 好几家	酒店	， 这家 是 体验 最好 的 一家 。 首先 位置 没得 挑
deepseek_POS_tokenise, 788	了 两顿 ， 真的 绝 了 ， 这	酒店	住 得 太值 了 。 跟 闺蜜 一 起来 玩 ， 两个
deepseek_POS_tokenise, 790	累 得 够呛 ， 拖 着 箱子 到	酒店	， 前台 看 我 一脸 疲惫 ， 麻利 地 给 办完 入住
deepseek_POS_tokenise, 793	清淡 不 油腻 ， 适合 老人 胃口 。	酒店	旁边 就是 个 社区 公园 ， 早上 父亲 去 那 遛 了
deepseek_POS_tokenise, 795	推荐 。 这次 选择 了 这家 新开 的	酒店	， 果然 没 选错 。 从 大堂 到 房间 ， 每个 角落
deepseek_POS_tokenise, 796	， 很 好闻 。 最 方便 的 是	酒店	有 自助 洗衣 服务 ， 对于 长途旅行 的 人 来说 太 重要
deepseek_POS_tokenise, 797	很棒 ， 强烈推荐 。 我 必须 给 这家	酒店	的 服务 点个 大大的 赞 。 事情 是 这样 的 ， 我
deepseek_POS_tokenise, 797	让 我 太 感动 了 。 再说 回	酒店	本身 ， 房间 干净 ， 床 睡着 舒服 ， 早餐 好吃 ，
deepseek_POS_tokenise, 797	一切 都 很 好 。 这样 的 良心	酒店	， 活该 生意兴隆 ， 下次 一定 还 去 。 出发 前 对比
deepseek_POS_tokenise, 798	一应俱全 。 本来 担心 会 吵闹 ， 但	酒店	隔音 做 得 相当 棒 ， 关上 门窗 ， 外面 熙熙攘攘 的
deepseek_POS_tokenise, 800	我 一定 首推 这家 。 有时候 ， 选	酒店	就是 选 温度 。 住 了 三天 ， 必须 夸一夸 。 首先
deepseek_POS_tokenise, 801	住 了 三天 ， 必须 夸一夸 。 首先	酒店	的 管理 很 规范 ， 所有 工作人员 见到 客人 都 会 微笑
deepseek_POS_tokenise, 801	摆成 了 一排 ， 太 治愈 了 。	酒店	附近 有 直达 景区 的 旅游 大巴 ， 出行 方便 ， 这次
deepseek_POS_tokenise, 802	加分 不少 。 因为 飞机 晚点 ， 到	酒店	已经 凌晨 一点多 了 ， 前台 值班 的 小伙子 依然 精神饱满 ，
deepseek_POS_tokenise, 804	没错 。 好久没 住 过 这么 顺心 的	酒店	了 ， 从 预订 到 入住 ， 每 一个 环节 都 很
deepseek_POS_tokenise, 805	的 胡同 和 美食 ， 很 有心 。	酒店	整体 给 我 的 感觉 就是 两个 字 ： 舒服 。 装潢
deepseek_POS_tokenise, 805	时候 热腾腾 的 ， 味道 还 不错 。	酒店	旁边 就是 河 ， 早上 沿着 河边 步道 跑 个步 ， 心情舒畅
deepseek_POS_tokenise, 806	。 这次 带 着 宝宝 出行 ， 选	酒店	时 特别 留意 亲子 设施 。 这家 酒店 没 让 我 失望
deepseek_POS_tokenise, 806	酒店 时 特别 留意 亲子 设施 。 这家	酒店	没 让 我 失望 ， 提前 联系 的 儿童 浴袍 和 拖鞋
deepseek_POS_tokenise, 808	也 快 。 最好 的 一点 是 ，	酒店	提供 免费 的 自行车 租赁 ， 骑着 车 在 附近 的 老街
deepseek_POS_tokenise, 809	的 ， 非常 棒 的 增值 服务 。	酒店	位于 半山腰 ， 出租车 可以 直接 开 到 门口 。 推开 房间
deepseek_POS_tokenise, 809	家 的 感觉 ， 是 标准化 的 星级	酒店	给 不了 的 。 早上 在 山林 里 走 了 一圈 ，
deepseek_POS_tokenise, 810	的 朋友 。 这趟 去 玩订 了 两家	酒店	， 这家 的 体验 感 完胜 。 我们 订 的 房型 刚
deepseek_POS_tokenise, 810	礼 也 很 精致 ， 感觉 到 这家	酒店	是 用心 在 经营 的 。 性价比 高出 天际 的 一家 店
deepseek_POS_tokenise, 812	最 满意 的 是 那个 大 浴缸 ，	酒店	还配 了 浴 盐 和 一次性 的 泡澡 袋 ， 暴走 一天
deepseek_POS_tokenise, 813	挖 到 宝藏 店铺 了 。 从 进入	酒店	的 那 一刻起 ， 就 能 感受 到 服务 的 温度 。
deepseek_POS_tokenise, 813	的 个性化 服务 ， 让 我们 对 这家	酒店	好感度 倍增 。 房间 设施 也 很 新 ， 床品 舒适 ，
deepseek_POS_tokenise, 813	舒适 ， 一切 都 很 完美 。 谢谢	酒店	给 我们 制造 的 美好 回忆 。 客栈 位置 在 老城 核心
deepseek_POS_tokenise, 815	此次 行程 中 最 温暖 的 回忆 。	酒店	周围环境 真的 很 好 ， 旁边 就是 一个 城市公园 ， 早上 起来
deepseek_POS_tokenise, 815	， 早上 起来 去 跑跑步 特别 舒服 。	酒店	本身 的 设计 也 很 注重 环保 和 自然 ， 用 了
deepseek_POS_tokenise, 816	， 摆盘 精致 ， 味道 也 不错 。	酒店	的 位置 也 很棒 ， 去 各大 商业中心 都 步行 可 达
deepseek_POS_tokenise, 818	入住 完全 超出 了 预期 ， 必须 给	酒店	一个 大大 好评 。 这次 来 这边 出差 ， 公司 给定 的
deepseek_POS_tokenise, 821	。 带 着 一家人 出来 旅游 ， 选	酒店	选 到头 大 ， 最后 定 了 这家 ， 全家人 都 挺
deepseek_POS_tokenise, 821	加 了 一张 床 也 不 挤 。	酒店	位置 绝 了 ， 步行 到 景区 大门 就 几分钟 ， 早上
deepseek_POS_tokenise, 821	粥 。 整体 下来 家人 都 说 这次	酒店	选 得 不错 ， 我 心里 美滋滋 的 。 一个 人 出来
deepseek_POS_tokenise, 823	的 。 临时 决定 多待 一天 ， 这家	酒店	很 爽快 就 给续 了 房 ， 价格 还 按 原来 的
deepseek_POS_tokenise, 824	这个 水准 。 这次 旅行 住 了 好几家	酒店	， 这家 是 体验 最好 的 一家 。 首先 位置 没得 挑
deepseek_POS_tokenise, 826	了 两顿 ， 真的 绝 了 ， 这	酒店	住 得 太值 了 。 跟 闺蜜 一 起来 玩 ， 两个
deepseek_POS_tokenise, 828	累 得 够呛 ， 拖 着 箱子 到	酒店	， 前台 看 我 一脸 疲惫 ， 麻利 地 给 办完 入住
deepseek_POS_tokenise, 831	清淡 不 油腻 ， 适合 老人 胃口 。	酒店	旁边 就是 个 社区 公园 ， 早上 父亲 去 那 遛 了
deepseek_POS_tokenise, 833	推荐 。 这次 选择 了 这家 新开 的	酒店	， 果然 没 选错 。 从 大堂 到 房间 ， 每个 角落
deepseek_POS_tokenise, 834	， 很 好闻 。 最 方便 的 是	酒店	有 自助 洗衣 服务 ， 对于 长途旅行 的 人 来说 太 重要
deepseek_POS_tokenise, 835	很棒 ， 强烈推荐 。 我 必须 给 这家	酒店	的 服务 点个 大大的 赞 。 事情 是 这样 的 ， 我
deepseek_POS_tokenise, 835	让 我 太 感动 了 。 再说 回	酒店	本身 ， 房间 干净 ， 床 睡着 舒服 ， 早餐 好吃 ，
deepseek_POS_tokenise, 835	一切 都 很 好 。 这样 的 良心	酒店	， 活该 生意兴隆 ， 下次 一定 还 去 。 出发 前 对比
deepseek_POS_tokenise, 836	一应俱全 。 本来 担心 会 吵闹 ， 但	酒店	隔音 做 得 相当 棒 ， 关上 门窗 ， 外面 熙熙攘攘 的
deepseek_POS_tokenise, 838	我 一定 首推 这家 。 有时候 ， 选	酒店	就是 选 温度 。 住 了 三天 ， 必须 夸一夸 。 首先
deepseek_POS_tokenise, 839	住 了 三天 ， 必须 夸一夸 。 首先	酒店	的 管理 很 规范 ， 所有 工作人员 见到 客人 都 会 微笑
deepseek_POS_tokenise, 839	摆成 了 一排 ， 太 治愈 了 。	酒店	附近 有 直达 景区 的 旅游 大巴 ， 出行 方便 ， 这次
deepseek_POS_tokenise, 840	加分 不少 。 因为 飞机 晚点 ， 到	酒店	已经 凌晨 一点多 了 ， 前台 值班 的 小伙子 依然 精神饱满 ，
deepseek_POS_tokenise, 842	没错 。 好久没 住 过 这么 顺心 的	酒店	了 ， 从 预订 到 入住 ， 每 一个 环节 都 很
deepseek_POS_tokenise, 843	的 胡同 和 美食 ， 很 有心 。	酒店	整体 给 我 的 感觉 就是 两个 字 ： 舒服 。 装潢
deepseek_POS_tokenise, 843	时候 热腾腾 的 ， 味道 还 不错 。	酒店	旁边 就是 河 ， 早上 沿着 河边 步道 跑 个步 ， 心情舒畅
deepseek_POS_tokenise, 844	。 这次 带 着 宝宝 出行 ， 选	酒店	时 特别 留意 亲子 设施 。 这家 酒店 没 让 我 失望
deepseek_POS_tokenise, 844	酒店 时 特别 留意 亲子 设施 。 这家	酒店	没 让 我 失望 ， 提前 联系 的 儿童 浴袍 和 拖鞋
deepseek_POS_tokenise, 846	也 快 。 最好 的 一点 是 ，	酒店	提供 免费 的 自行车 租赁 ， 骑着 车 在 附近 的 老街
deepseek_POS_tokenise, 847	的 ， 非常 棒 的 增值 服务 。	酒店	位于 半山腰 ， 出租车 可以 直接 开 到 门口 。 推开 房间
deepseek_POS_tokenise, 847	家 的 感觉 ， 是 标准化 的 星级	酒店	给 不了 的 。 早上 在 山林 里 走 了 一圈 ，
deepseek_POS_tokenise, 848	的 朋友 。 这趟 去 玩订 了 两家	酒店	， 这家 的 体验 感 完胜 。 我们 订 的 房型 刚
deepseek_POS_tokenise, 848	礼 也 很 精致 ， 感觉 到 这家	酒店	是 用心 在 经营 的 。 性价比 高出 天际 的 一家 店
deepseek_POS_tokenise, 850	最 满意 的 是 那个 大 浴缸 ，	酒店	还配 了 浴 盐 和 一次性 的 泡澡 袋 ， 暴走 一天
deepseek_POS_tokenise, 851	挖 到 宝藏 店铺 了 。 从 进入	酒店	的 那 一刻起 ， 就 能 感受 到 服务 的 温度 。
deepseek_POS_tokenise, 851	的 个性化 服务 ， 让 我们 对 这家	酒店	好感度 倍增 。 房间 设施 也 很 新 ， 床品 舒适 ，
deepseek_POS_tokenise, 851	舒适 ， 一切 都 很 完美 。 谢谢	酒店	给 我们 制造 的 美好 回忆 。 客栈 位置 在 老城 核心
deepseek_POS_tokenise, 853	此次 行程 中 最 温暖 的 回忆 。	酒店	周围环境 真的 很 好 ， 旁边 就是 一个 城市公园 ， 早上 起来
deepseek_POS_tokenise, 853	， 早上 起来 去 跑跑步 特别 舒服 。	酒店	本身 的 设计 也 很 注重 环保 和 自然 ， 用 了
deepseek_POS_tokenise, 854	， 摆盘 精致 ， 味道 也 不错 。	酒店	的 位置 也 很棒 ， 去 各大 商业中心 都 步行 可 达
deepseek_POS_tokenise, 856	入住 完全 超出 了 预期 ， 必须 给	酒店	一个 大大 好评 。 这次 因为 考试 需要 在 考场 附近 订
deepseek_POS_tokenise, 857	考试 需要 在 考场 附近 订 了 这家	酒店	， 没想到 出奇 地好 。 第一 是 安静 ， 虽然 紧邻 马路
deepseek_POS_tokenise, 857	。 这次 考试 顺利 通过 ， 也 有	酒店	一份 功劳 ， 真心 感谢 。 在 旅游 旺季 订 到 这家
deepseek_POS_tokenise, 858	， 品质 也 完全 对得起 这个 价位 。	酒店	整体 装修 是 那种 地中海 风格 ， 蓝白色 调让 人 心情 很
deepseek_POS_tokenise, 858	牛角 包 ， 又 酥 又 香 。	酒店	还有 免费 班车 送到 海滩 ， 每 小时 一班 ， 很 方便
deepseek_POS_tokenise, 859	。 带 宠物 出行 最难 的 就是 找	酒店	， 这家 宠物 友好 酒店 简直 救 了 命 。 提前 电话
deepseek_POS_tokenise, 859	的 就是 找 酒店 ， 这家 宠物 友好	酒店	简直 救 了 命 。 提前 电话 沟通 好 ， 带 了
deepseek_POS_tokenise, 859	了 狗证 和 疫苗 本就行 。 入住 时	酒店	还给 狗狗 准备 了 一个 小 礼包 ， 里面 有 尿 垫
deepseek_POS_tokenise, 859	也 不用 担心 吵 到 其他 客人 。	酒店	本身 设施 也 不错 ， 房间 干净 ， 洗澡水 大 ， 早餐
deepseek_POS_tokenise, 860	好几 晚 ， 算是 深度 体验 了 。	酒店	的 位置 真的 很棒 ， 去 各个 景点 都 很 方便 ，
deepseek_POS_tokenise, 860	这是 一家 让 人 放心 、 省心 的	酒店	， 像家 一样 自 在 。 酒店 就 在 高铁 站 旁边
deepseek_POS_tokenise, 861	的 酒店 ， 像家 一样 自 在 。	酒店	就 在 高铁 站 旁边 ， 走 过去 大概 七八分钟 ， 对于
deepseek_POS_tokenise, 861	方便 了 。 以为 这种 交通枢纽 旁边 的	酒店	会 比较 吵 ， 结果 隔音 效果 出乎意料 地好 ， 晚上 睡得
deepseek_POS_tokenise, 862	特意 选 了 这家 评价 比较 高 的	酒店	。 果然 没 让 我 失望 。 父母 年纪 大 了 ，
deepseek_POS_tokenise, 863	， 他们 满意 就是 最大 的 值得 。	酒店	在 一个 文创园 里面 ， 周围 有 很多 有意思 的 小店 和
deepseek_POS_tokenise, 864	了 。 在 这个 价位 段里 ， 这家	酒店	绝对 是 王者 级别 的 存在 ， 强烈推荐 给 预算 有限 但
deepseek_POS_tokenise, 865	的 朋友 。 这是 一家 有 温度 的	酒店	。 从 下车 那 一刻起 ， 礼宾 小哥 就 热情 地 迎上来
deepseek_POS_tokenise, 865	。 每 一个 小 细节 都 体现 了	酒店	的 用心 。 住 在 这里 ， 不是 因为 奢华 而 感动
deepseek_POS_tokenise, 866	了 ， 又 累 又 难受 。 回到	酒店	想 借个 热水袋 ， 前台 妹子 不仅 立刻 找 了 出来 ，
deepseek_POS_tokenise, 866	感觉 自己 不是 住 在 一个 冷冰冰 的	酒店	， 而是 像 被 朋友 照顾 着 。 房间 也 无可挑剔 ，
deepseek_POS_tokenise, 866	这份 善意 ， 我 也 要 给 这家	酒店	满分 好评 ， 并 安利 给 身边 所有人 。 酒店 在 一个
deepseek_POS_tokenise, 867	好评 ， 并 安利 给 身边 所有人 。	酒店	在 一个 古镇 里面 ， 车开 不 进去 ， 但是 有 管家
deepseek_POS_tokenise, 867	很 好 ， 小桥流水 人家 的 感觉 。	酒店	是 一个 老 宅子 改造 的 ， 保留 了 原本 的 木结构
deepseek_POS_tokenise, 868	慢 了 下来 。 这次 团建 定 的	酒店	， 大家 都 说好 。 首先 会议 设施 很 齐全 ， 投影仪
deepseek_POS_tokenise, 868	枕头 和 床垫 都 舒服 。 晚餐 在	酒店	的 中餐厅 吃 的 ， 大桌 菜量 足 味道 好 ， 海鲜
deepseek_POS_tokenise, 868	海鲜 很 新鲜 。 最 意外 的 是	酒店	后面 有条 登山 步 道 ， 早上 组织 大家 爬 了 个
deepseek_POS_tokenise, 868	团建 效果 远超 预期 。 后勤保障 这块 ，	酒店	确实 给力 。 因为 要 隔离 ， 选 了 这家 有 落地窗
deepseek_POS_tokenise, 869	舒服 ， 睡不着 的 时候 可以 滚来滚去 。	酒店	的 服务 很 贴心 ， 知道 我们 是 隔离 客人 ， 每天
deepseek_POS_tokenise, 869	搭配 ， 味道 也 不错 。 感谢 这家	酒店	， 陪 我 度过 了 难熬 的 七天 。 好久 没有 住
deepseek_POS_tokenise, 870	好久 没有 住 过 这么 有 特色 的	酒店	了 。 整个 酒店 就是 一个 艺术 空间 ， 走廊 里 挂
deepseek_POS_tokenise, 870	这么 有 特色 的 酒店 了 。 整个	酒店	就是 一个 艺术 空间 ， 走廊 里 挂 着 油画 ， 角落里
deepseek_POS_tokenise, 871	， 更是 一次 独特 的 审美 体验 。	酒店	的 服务 真的 可以 用 “ 无微不至 ” 来 形容 。 办理
deepseek_POS_tokenise, 871	这个 陌生 的 城市 ， 因为 有 这家	酒店	， 我 感到 了 家 一般 的 温暖 和 治愈 。 这家
deepseek_POS_tokenise, 872	家 一般 的 温暖 和 治愈 。 这家	酒店	的 位置 ， 对于 吃货 来说 简直 是 天堂 。 楼下 就是
deepseek_POS_tokenise, 872	烧烤 、 砂锅 粥 、 炒粉 应有尽有 。	酒店	很 聪明 ， 房间 的 窗户 用 了 很 好 的 隔音材料
deepseek_POS_tokenise, 873	不是 劣质 的 空气 清新剂 味道 。 整个	酒店	的 设计 是 中式 禅意 风格 ， 大量 运用 了 竹子 和
deepseek_POS_tokenise, 873	。 这是 一家 能 让 人 静心 的	酒店	。 带 爸妈 去 旅行 ， 他们 住 得 舒 不 舒服
deepseek_POS_tokenise, 874	是 我 最 关心 的 事 。 这家	酒店	在 细节 上 真的 很 到位 ： 电梯 速度 快 还 稳
deepseek_POS_tokenise, 874	的 沙拉 面包 咖啡 ， 各取所需 。 从	酒店	步行 到 河边 就 几分钟 ， 晚上 我们 一家 三口 沿着 河边
deepseek_POS_tokenise, 875	常年 出差 的 人 ， 住 过 无数	酒店	， 能 让 人 记住 的 并不多 ， 这家 算 一个 。
deepseek_POS_tokenise, 875	做到 每 一样 都 让 人 舒服 的	酒店	其实 不 多 。 附近 有 不错 的 餐厅 ， 也 有
deepseek_POS_tokenise, 876	光灯 ， 对 女生 太 友好 了 。	酒店	的 位置 不错 ， 虽然 不 靠近 市中心 ， 但 旁边 有个
deepseek_POS_tokenise, 877	走 十分钟 ， 但 除此之外 一切都是 满分 。	酒店	提供 免费 的 双人 自行车 ， 我们 骑着 车 沿着 附近 的
deepseek_POS_tokenise, 877	床品 柔软 ， 枕头 有 支撑力 。 在	酒店	用 了 两次 餐 ， 价格公道 分量 足 。 服务员 都 是
deepseek_POS_tokenise, 878	也 很 给 力 。 虽然 民宿 不像	酒店	那么 标准化 ， 但 这份 独特 的 人情味 和 氛围 ， 是
deepseek_POS_tokenise, 878	的 人情味 和 氛围 ， 是 任何 星级	酒店	都 无法 复制 的 。 我会 记得 这个 美好 的 夜晚 。
deepseek_POS_tokenise, 880	一直 保持 。 因为 飞机 延误 ， 到达	酒店	时 已经 凌晨 三点 了 。 又 累 又 烦躁 ， 但是
deepseek_POS_tokenise, 880	虽然 是 短暂 的 一晚 ， 但 这家	酒店	的 服务 给 我 留下 了 极为 深刻 的 印象 ， 下次
deepseek_POS_tokenise, 881	下次 一定 还会 再 来 。 这家 网红	酒店	真的 太好 拍 了 ！ 每个 角落 都 设计 得 恰到好处 ，
deepseek_POS_tokenise, 882	就 到 市中心 。 这是 一家 细节 满满的	酒店	， 值得 被 更 多 人 看到 。 这家 亲子 酒店 真的
deepseek_POS_tokenise, 883	被 更 多 人 看到 。 这家 亲子	酒店	真的 做到 了 孩子 的 心坎 里 。 入住 时 前台 送给
deepseek_POS_tokenise, 883	送给 小朋友 一个 探险 护照 ， 可以 在	酒店	的 各个 角落 打卡 盖章 ， 集满换 冰淇淋 。 孩子 玩得 不亦乐乎
deepseek_POS_tokenise, 883	。 孩子 玩得 不亦乐乎 ， 拉着 我们 把	酒店	逛 了 个 遍 。 儿童乐园 很大 ， 海洋 球池 、 滑梯
deepseek_POS_tokenise, 883	说 这 是 他 住 过 最好 的	酒店	， 下次 还要 来 。 窗外 就是 海 ， 虽然 只是 远景
deepseek_POS_tokenise, 884	吹来 的 感觉 还是 很 震撼 的 。	酒店	装修 是 轻奢 风格 ， 简约 大方 。 床品 非常 舒适 ，
deepseek_POS_tokenise, 884	很 实用 。 更令 我 喜欢 的 是	酒店	的 图书馆 ， 藏书 丰富 ， 挑 一本 心仪 的 书 ，
deepseek_POS_tokenise, 885	要求 很 高 的 人 ， 但 这家	酒店	确实 让 我 很 满意 。 首先 ， 前台 主动 识别 了
deepseek_POS_tokenise, 885	更是 惊艳 ， 种类 多到 选择 困难 。	酒店	位置 也好 ， 就 在 商业区 边上 。 是 一次 非常 标准
deepseek_POS_tokenise, 887	真心实意 的 服务 ， 让 人 如沐春风 。	酒店	周边 虽然 没有 大型商场 ， 但 却 有着 最 地道 的 市井
deepseek_POS_tokenise, 887	油条 ， 还有 香喷喷 的 煎 包 。	酒店	本身 闹中取静 ， 房间 隔音 不错 ， 完全 听 不到 巷子 的
deepseek_POS_tokenise, 888	商业区 有趣 多 了 。 太 喜欢 这家	酒店	的 设计 了 ！ 老板 一定 是 个 有趣 的 人 。
deepseek_POS_tokenise, 889	这份 心意 比 什么 硬件 都 强 。	酒店	的 房间 也 不错 ， 宽敞明亮 ， 还有 个 独立 的 阳台
deepseek_POS_tokenise, 889	因为 身体 不适 ， 延迟 退房 的 需求	酒店	也 二话不说 就 答应 了 。 这 一系列 的 小 举动 ，
deepseek_POS_tokenise, 890	还来 ， 必须 住 这里 。 选择 这家	酒店	， 就是 看中 了 它 位于 古城 的 核心区 。 出门 就是
deepseek_POS_tokenise, 890	带 长辈 出行 来说 太 重要 了 。	酒店	由 古宅 改建 ， 保留 了 老 建筑 的 风貌 ， 又
deepseek_POS_tokenise, 890	老 建筑 的 风貌 ， 又 兼具 现代	酒店	的 舒适 。 房间内 的 家具 古色古香 ， 床铺 却 现代感 十足
deepseek_POS_tokenise, 891	体验 与 舒适度 完美 结合 的 住宿 。	酒店	在 机场 附近 ， 还有 24 小时 的 免费 接送 机 服务
deepseek_POS_tokenise, 891	提 行李 。 更 贴心 的 是 ，	酒店	准备 了 路 早 ， 里面 有 面包 、 牛奶 和 水果
deepseek_POS_tokenise, 891	洗澡水 也 很 热 。 作为 一家 过渡型	酒店	， 它 完全 超乎 了 我 的 预期 ， 功能性 和 舒适性
deepseek_POS_tokenise, 892	的 预期 ， 功能性 和 舒适性 兼备 。	酒店	坐落 在 一个 安静 的 艺术 街区 内 ， 周边 是 各式各样
deepseek_POS_tokenise, 959	很 安全 ， 还有 登记卡 和 手环 。	酒店	门口 晚上 有 喷泉 ， 坐在 那 吹 吹风 ， 挺 浪漫
deepseek_POS_tokenise, 977	， 服务 却 一点 不含糊 ， 难得 。	酒店	里 有 游泳池 ， 水质 干净 ， 人 也 不 多 。
deepseek_POS_tokenise, 988	没 积水 ， 头发 也 没 堵 。	酒店	提供 公交 卡 租借 ， 省得 自己 去 买 了 。 吃
deepseek_POS_tokenise, 993	宽敞 ， 能 打滚 。 虽然 是 老	酒店	， 但 保养 得 很 好 ， 有 岁月 感 。 沙发
deepseek_POS_tokenise, 998	有 备用 发电机 ， 空调 一直 没停 。	酒店	里 放 了 本 旅游指南 ， 跟着 走 没 踩 坑 。
deepseek_POS_tokenise, 1007	里 都 有 熏香 ， 不像 有 的	酒店	一股 潮湿 味 。 入住 送 了 当地 特产 小 麻花 ，
deepseek_POS_tokenise, 1024	的 白色 款 ， 是 麻布 的 。	酒店	提供 徒步 地图 ， 周边 有 几条 很棒 的 路线 。 枕头
deepseek_POS_tokenise, 1026	不 透明 的 ， 真 好 ， 很多	酒店	用 玻璃门 好 尴尬 。 洗浴 用品 是 橘子 味 的 ，
deepseek_POS_tokenise, 1039	饮料 ， 酸梅汤 ， 冰冰凉凉 ， 好喝 。	酒店	里 居然 有 猫 ， 可以 撸 ， 猫奴 狂喜 。 夜景
deepseek_POS_tokenise, 1041	一丝 异味 ， 这 一点 比 很多 贵价	酒店	好 。 前台 帮忙 订车 ， 师傅 熟悉 路况 ， 没 绕路
deepseek_POS_tokenise, 1057	， 出差 人士 真的 觉得 很 实用 。	酒店	有 医务室 ， 虽然 没用 上 但 感觉 有 保障 。 这次
deepseek_POS_tokenise, 1058	。 这次 旅行 最 满意 的 就是 这家	酒店	， 很加分 。 简约 不 简单 ， 是 我 对 这种 风格
deepseek_POS_tokenise, 1068	， 婚房 闹洞房 都 没 听见 响 。	酒店	准备 了 寿星 惊喜 ， 生日 布置 非常 走心 。 智能家居 控制
deepseek_POS_tokenise, 1076	。 洗澡水 来得快 ， 这点 比 有些 星级	酒店	还强 。 就是 早餐 那个 咖啡机 老坏 ， 住 了 两天 都
deepseek_POS_tokenise, 1077	。 离 地铁站 巨近 ， 从出 站 到	酒店	大门 一共 走 了 不到 三分钟 ， 赶 早班车 太 合适 了
deepseek_POS_tokenise, 1079	啥 自行车 ， ^ _ ^ 。 这	酒店	真的 是 让 我 又 爱 又 恨 。 爱 的 是
deepseek_POS_tokenise, 1081	。 热水 温度 很稳 ， 不像 有 的	酒店	忽冷忽热 。 早餐 那个 煎蛋 的 大叔 好像 经常 不 在 岗位
deepseek_POS_tokenise, 1082	各种 老字号 ， 一天 嘴 没 停过 。	酒店	是 旧楼 改 的 ， 隔音 自然 就 差 了 点 ，
deepseek_POS_tokenise, 1083	立交桥 ， 车流 声 轰轰 的 ， 还好	酒店	给 了 耳塞 。 早餐 的 凉拌 米粉 不错 ， 我 吃
deepseek_POS_tokenise, 1084	的 枕头 是 我 睡 过 最舒服 的	酒店	枕头 ， 想 偷 回家 。 床品 也 亲肤 ， 裸睡 都
deepseek_POS_tokenise, 1086	前台 小哥 挺帅 的 。 歪个 楼 ，	酒店	楼下 那个 甜品店 的 杨枝 甘露 绝 了 ， 我 为 它
deepseek_POS_tokenise, 1086	它 多 住 了 一晚 。 说 回	酒店	， 房间 是 那种 原木 风 ， 简单 但 耐看 ， 打扫
deepseek_POS_tokenise, 1090	^ 。 赶 火车 首选 这家 ， 出	酒店	门到 进站 口 五分钟 ， 对于 我 这种 爱 踩点 的 人
deepseek_POS_tokenise, 1091	， 好 在 车次 不 多 。 这	酒店	是 个 宝藏 ， 藏 在 巷子 深处 ， 导航 差点 把
deepseek_POS_tokenise, 1097	有个 团 ， 理解万岁 。 总体 不错 。	酒店	就 在 江边 ， 晚上 去 散步 太 舒服 了 ， 风吹
deepseek_POS_tokenise, 1100	住 在 朋友家 一样 。 我 在 这家	酒店	实现 了 睡眠 自由 。 隔音 好 得 出奇 ， 关上 门窗
deepseek_POS_tokenise, 1101	箱子 走 了 五六分钟 。 不过 瑕不掩瑜 。	酒店	外观 看着 不 咋 地 ， 里面 确实 别有 一番 天地 。
deepseek_POS_tokenise, 1103	更 多 了 ， ^ _ ^ 。	酒店	在 山上 ， 爬上去 累个 半死 ， 但 到 了 就 值
deepseek_POS_tokenise, 1104	怕 吵 的 朋友 带个 耳塞 ， 这个	酒店	还是 可以 冲 的 。 房间 布置 温馨 ， 暖 黄 的
deepseek_POS_tokenise, 1105	几秒 就 热 ， 这点 比 很多 高档	酒店	都 强 。 但 那个 毛巾 看着 有点 旧 了 ， 该
deepseek_POS_tokenise, 1106	把 毛巾 换换 就 完美 了 。 这家	酒店	属于 那种 越住 越 喜欢 的 类型 。 第一眼 觉得 普普通通 ，
deepseek_POS_tokenise, 1107	给 指 了 条 近路 去 景区 。	酒店	和 机场 有 接驳 车 ， 这 对于 红眼 航班 到达 的
deepseek_POS_tokenise, 1107	。 就是 周边 实在 荒芜 ， 只能 在	酒店	餐厅 吃饭 ， 价格 偏贵 但 味道 尚可 。 赶早 班机 的
deepseek_POS_tokenise, 1109	推荐 了 路线 ， 完美 假期 。 住	酒店	图 的 就是 个 干净 省心 ， 这家 都 做到 了 。
deepseek_POS_tokenise, 1112	。 赶时间 结帐 前台 利落 ， 好评 。	酒店	就 在 景区 大门 对面 ， 早上 可以 第一批 冲进去 避开 人流
deepseek_POS_tokenise, 1112	， 热水 很大 。 但 因为 是 老	酒店	， 设施 有些 年头 了 ， 电视 可以 换个 新 一点 的
deepseek_POS_tokenise, 1116	， 闻久 了 晕 。 我 怀疑 这家	酒店	是 处女座 开 的 吧 ， 太 整洁 了 。 洗漱 用品
deepseek_POS_tokenise, 1117	养胃 。 去 市区 有点 远 ， 但	酒店	帮忙 叫车 很快 。 适合 想 逃离 城市 喧嚣 的 人 。
deepseek_POS_tokenise, 1118	人 。 下次 带 爸妈 来 。 这	酒店	太 有意思 了 ， 大堂 养 了 两只 鹦鹉 ， 会 说
deepseek_POS_tokenise, 1119	孩子 开心 最 重要 。 实话实说 ， 这	酒店	有 两点 我 不 满意 ： 一是 网速 偶尔 会断 ， 二是
deepseek_POS_tokenise, 1120	挂 衣服 的 地方 ， 不太 方便 。	酒店	旁边 那 家 咖啡馆 的 冰滴 咖啡 好喝 到 飞起 。 真的
deepseek_POS_tokenise, 1121	专车 ， 比 滴滴 还 便宜 。 良心	酒店	， 祝 你 发财 。 离 高铁 站 很 近 ， 拖
deepseek_POS_tokenise, 1124	这 价格 和 地理位置 ， 忍 了 。	酒店	靠海 ， 海风 咸咸的 味道 很 上头 。 房间 有个 大 阳台
deepseek_POS_tokenise, 1129	， 我能 接受 。 住 多 了 连锁	酒店	， 住 这 民宿 有 被 治愈 到 。 小 院里 的
deepseek_POS_tokenise, 1129	了 书 。 洗澡水 好大 ， 一点 不比	酒店	差 。 周围 没 啥 商店 ， 晚上 很 安静 。 走
deepseek_POS_tokenise, 1130	， 在 走廊 里 大声 唠嗑 之外 ，	酒店	本身 没有 硬伤 。 房间 清爽 ， 床 舒服 ， 插座 管够
deepseek_POS_tokenise, 1131	， 记得 带 耳塞 防 阿姨 就行 。	酒店	在 半山腰 ， 打车 要 绕 好几圈 ， 公共交通 就别 想 了
deepseek_POS_tokenise, 1132	好 。 就是 有点 冷清 ， 哈哈 。	酒店	离 机场 很近 ， 明早 赶 飞机 不用 急 。 感谢 前台
deepseek_POS_tokenise, 1133	是 周边 没 公园 ， 早上 只能 在	酒店	周围 转转 。 但 总体 瑕不掩瑜 。 这 酒店 满足 了 我
deepseek_POS_tokenise, 1134	周围 转转 。 但 总体 瑕不掩瑜 。 这	酒店	满足 了 我 对 复古 的 一切 幻想 。 老式 的 转盘
deepseek_POS_tokenise, 1137	， 下次 看 演唱会 还定 这 。 这家	酒店	就 像 一个 老朋友 ， 不 一定 多 惊艳 ， 但 很
deepseek_POS_tokenise, 1137	是 周围 吃 的 不 多 ， 但	酒店	餐厅 的 饭菜 意外 地 好吃 ， 也 不贵 。 我 就
deepseek_POS_tokenise, 1139	。 作为 一名 浅眠者 ， 我 很少 在	酒店	能 一觉 到 天亮 ， 但 你们 客房 的 隔音 和 遮光
deepseek_POS_tokenise, 1155	诚恳 得 不 像 在 说 客套话 。	酒店	的 中庭 花园里 有 一棵 上百年 的 桂花树 ， 金秋 时节 整个
deepseek_POS_tokenise, 1155	一棵 上百年 的 桂花树 ， 金秋 时节 整个	酒店	都 浸 在 甜而不腻 的 桂花香 里 ， 我 每天 经过 都
deepseek_POS_tokenise, 1158	一根 都 是 脆 的 。 我 在	酒店	遗失 了 一副 并 不 贵重 的 太阳镜 ， 离店 后 才
deepseek_POS_tokenise, 1164	因为 临时 需要 参加 一个 线上 答辩 ，	酒店	在 半小时 内帮 我 布置 了 一间 小型 会议室 ， 调 好
deepseek_POS_tokenise, 1165	记下 品牌 想 买 回家 用 ， 一家	酒店	能 把 洗手液 选 得 这么 用心 ， 其他 方面 可想而知 。
deepseek_POS_tokenise, 1167	写 着 明日 天气 的 小 卡片 。	酒店	离 地铁站 步行 大概 七分钟 ， 礼宾 部 提供 免费 借用 的
deepseek_POS_tokenise, 1168	隐约 传来 ， 这样 的 自然景观 在 城市	酒店	里 几乎 绝迹 。 自助 早餐 的 粥 档 有 六种 小菜
deepseek_POS_tokenise, 1172	里 顺带 提了 一句 ， 结果 那天 晚上	酒店	送 了 一个 小 蛋糕 到 房间 ， 上面 用 巧克力 写
deepseek_POS_tokenise, 1174	自己 在家 熨 的 还要 精致 十倍 。	酒店	的 周边环境 指南 是 一本 手绘 风格 的 小册子 ， 推荐 的
deepseek_POS_tokenise, 1179	我 抱 着 热水袋 差点 掉 眼泪 。	酒店	的 下午茶 不是 徒有其表 的 网红款 ， 每一款 甜点 的 甜度 都
deepseek_POS_tokenise, 1183	紧急 处理 文件 时 全靠 它们 救命 。	酒店	的 床品 有 阳光 晒过 的 味道 ， 不是 消毒水 也 不是
deepseek_POS_tokenise, 1187	可以 直接 护肤 ， 不用 像 在 其他	酒店	那样 用手 在 镜子 上 擦 出 一小块 能 看见 自己 的
deepseek_POS_tokenise, 1189	回程 那天 还 打包 了 两个 带走 。	酒店	的 无障碍 设施 考虑 得 非常 周全 ， 不止 是 加宽 的
deepseek_POS_tokenise, 1189	的 父亲 入住 时 ， 他 第一次 在	酒店	里 感到 被 平等 对待 。 房间 里 的 绿植 都 是
deepseek_POS_tokenise, 1191	。 安保 人员 在 我 深夜 独自 回	酒店	时 ， 远远地 就 为 我 推开 了 门 ， 然后 保持
deepseek_POS_tokenise, 1193	在 下面 的 蜡烛 都 燃尽 了 。	酒店	大堂 的 钢琴 偶尔 会 有 客人 即兴 弹奏 ， 那天 傍晚
deepseek_POS_tokenise, 1194	安静下来 听 完 并 鼓掌 。 我 通过	酒店	预订 的 接机 服务 ， 司机 不仅 准点 举牌 等候 ， 车内
deepseek_POS_tokenise, 1194	和 手机 充电 线 ， 从 机场 到	酒店	的 那段 路 让 我 对 这座 城市 的 第一印象 极好 。
deepseek_POS_tokenise, 1200	跟前 台买 了 一双 新 的 带回家 。	酒店	顶楼 露台 在 夏天 的 晚上 会 支起 小 幕布 放 露天电影
deepseek_POS_tokenise, 1200	《 午夜 巴黎 》 ， 我 裹 着	酒店	提供 的 薄毯 喝 着 冰 啤酒 ， 感觉 生活 里 所有
deepseek_POS_tokenise, 1201	都 被 晚风 吹散 了 。 我 在	酒店	寄出 了 一张 明信片 ， 前台 帮 我 贴 好 了 邮票
deepseek_POS_tokenise, 1201	朋友 发来 照片 说 收到 了 ， 上面	酒店	的 邮戳 清晰 漂亮 。 浴室 里 的 洗护 用品 是 酒店
deepseek_POS_tokenise, 1202	漂亮 。 浴室 里 的 洗护 用品 是	酒店	定制 的 草本 系列 ， 香味 是 让 人 放松 的 薰衣草
deepseek_POS_tokenise, 1204	指针 走动 近乎 无声 ， 不会 像 其他	酒店	的 电子钟 那样 半夜 闪着 刺眼 的 红光 ， 这种 低调 的
deepseek_POS_tokenise, 1205	伴手 礼袋 ， 里面 居然 有 一个 印着	酒店	logo 的 便携 充电 宝 ， 那一刻 我 简直 想冲 回去 再住
deepseek_POS_tokenise, 1206	那一刻 我 简直 想冲 回去 再住 一晚 。	酒店	的 小 花园里 种 着 几株 蓝莓 ， 园艺 师傅 看 我
deepseek_POS_tokenise, 1209	开 然后 在 你 身后 缓缓 收拢 。	酒店	给 了 我 一个 可以 安静 看书 、 好好 吃饭 、 踏实
deepseek_POS_tokenise, 1214	好 到 难以置信 。 作为 古建筑 爱好者 ，	酒店	那面 保留 完好 的 清代 封 火墙 被 巧妙 地 融入 大堂
deepseek_POS_tokenise, 1219	， 我 这种 掉 发星 人 最怕 在	酒店	看到 前任 房客 的 痕迹 ， 你们 让 我 觉得 自己 是
deepseek_POS_tokenise, 1222	觉得 这 根本 不是 个 麻烦事 。 整个	酒店	的 灯光 色温 经过 精心设计 ， 没有 刺眼 的 白光 和 昏昏欲睡
deepseek_POS_tokenise, 1233	了 我 美好 的 一天 。 我 留意到	酒店	的 背景 音乐会 随着 时间 变化 ， 早晨 是 轻快 的 鸟鸣
deepseek_POS_tokenise, 1248	铁 口味 ， 这个 收尾 堪称 完美 。	酒店	周边 手绘 地图 的 笔触 细腻 可爱 ， 标注 的 餐厅 都
deepseek_POS_tokenise, 1252	果汁 感 炸裂 ， 这 是 我 住	酒店	喝 过 最好 的 咖啡 没有 之一 。 女儿 在 酒店 弄
deepseek_POS_tokenise, 1253	最好 的 咖啡 没有 之一 。 女儿 在	酒店	弄 丢 了 她 最 宝贝 的 玩具 小熊 ， 我们 都
deepseek_POS_tokenise, 1253	我们 都 坐上去 机场 的 车 了 ，	酒店	硬是 找到 后 派 人 开车 追 到 半路 把 熊 交还给
deepseek_POS_tokenise, 1255	是 对 亲密关系 最 温柔 的 体谅 。	酒店	档案室 竟然 对外开放 ， 我 申请 翻阅 了 民国时期 这栋 建筑 的
deepseek_POS_tokenise, 1261	满分 。 我 住 过 至少 上 百家	酒店	， 能 记住 客房 服务员 长相 的 不 超过 三家 ， 但
deepseek_POS_tokenise, 1271	酥 内 软 的 一只 肉桂 卷 。	酒店	把 小 花园里 成熟 的 薄荷叶 采下来 放在 大堂 冰 水壶 里
deepseek_POS_tokenise, 1273	按 页码 顺序 整理 好 ， 用 一颗	酒店	的 鹅卵石 压住 角 ， 旁边 放 了 温水 和 一碟 无壳
deepseek_POS_tokenise, 1275	出门时 递 了 一张 卡片 ， 上面 有	酒店	地址 的 中文 和 当地 语言 对照 ， 他 笑 着 说
deepseek_POS_tokenise, 1277	有 细细的 摩擦力 ， 对于 经历 过 在	酒店	浴室 滑倒 的 我 来说 ， 这 就是 安全感 。 枕头 的
deepseek_POS_tokenise, 1280	的 旅行装 送给 我 ， 说 这 是	酒店	自己 的 配方 。 工程部 来修 电视 时 不仅 自带 全套 工具
deepseek_POS_tokenise, 1283	杯子 ， 她 感动 得 哭 了 。	酒店	旁边 有 一片 小小的 湿地 ， 清晨 用 客房 的 望远镜 能
deepseek_POS_tokenise, 1285	情绪 按摩 。 自助 早餐 的 酸奶 是	酒店	自制 的 ， 盛 在 粗 陶小碗 里 ， 上面 淋 了
deepseek_POS_tokenise, 1287	的 外婆 入住 时 ， 她 第一次 在	酒店	里 觉得 自己 不是 负担 。 我 半夜 胃痛 打电话 问 有没有
deepseek_POS_tokenise, 1290	我 觉得 自己 像 回到 了 宋朝 。	酒店	居然 备有 婴儿 专用 的 奶瓶 消毒器 和 温奶器 ， 而且 不是
deepseek_POS_tokenise, 1301	自己 是 全世界 最 松弛 的 人 。	酒店	门口 每天 早晨 都 有 免费 自行车 可以 借 ， 我 骑
deepseek_POS_tokenise, 1306	， 是 一块 手工 皂 和 一张 印着	酒店	插画 的 明信片 ， 我 拿 着 明信片 在 机场 写 了
deepseek_POS_tokenise, 1307	了 一 整段 话 寄给 了 自己 。	酒店	的 建筑 本身 是 一栋 改造 的 老 建筑 ， 设计师 保留
deepseek_POS_tokenise, 1309	一 通过 后 无比 轻松 。 暴雨 被困	酒店	的 那天 ， 他们 把 原本 的 露台 晚餐 直接 搬进 了
deepseek_POS_tokenise, 1321	和 便签 。 而 那 张 办公椅 不是	酒店	标配 ， 是 一把 腰部 支撑 可 调节 的 专业 椅子 。
deepseek_POS_tokenise, 1321	专业 椅子 。 那一刻 我 感觉 这 不是	酒店	， 是 我 的 移动 办公室 。 晚上 我 需要 紧急 发送
deepseek_POS_tokenise, 1322	妈妈 ， 我 很 难用 语言 形容 这家	酒店	给 我 的 安心 感 。 入住 时 前台 看到 我 抱
deepseek_POS_tokenise, 1322	先生 单独 吃 了 一顿 晚餐 ， 因为	酒店	提供 持证 幼师 上门 看护 服务 ， 我们 确认 了 资质 后试
deepseek_POS_tokenise, 1322	。 我 觉得 这 不是 一家 亲子 友好	酒店	， 这是 一家 真正 懂得 年轻 父母 焦虑 和 需求 的 地方
deepseek_POS_tokenise, 1323	女性 住客 ， 我 的 安全感 从 走进	酒店	大门 那一刻 就 开始 建立 。 门 僮 的 问候 不 轻佻
deepseek_POS_tokenise, 1323	， 全程 没有 越过 门槛 一步 。 这家	酒店	还 在 大堂 洗手间 里 贴 了 一张 小 告示 ， 用
deepseek_POS_tokenise, 1324	每次 都 腰疼 欲裂 地 醒来 。 这家	酒店	的 床垫 不是 一味 追求 软 ， 而是 有 支撑 的 韧
deepseek_POS_tokenise, 1324	平直 。 后来 礼宾 告诉 我 这 是	酒店	定制 的 独立 袋装 弹簧 床垫 ， 上层 铺 了 天然 乳胶
deepseek_POS_tokenise, 1324	完美 托住 。 退房 时 我 已经 在	酒店	商城 里 下单 了 一只 枕头 。 酒店 的 建筑 前身 是
deepseek_POS_tokenise, 1325	酒店 商城 里 下单 了 一只 枕头 。	酒店	的 建筑 前身 是 一座 民国时期 的 货栈 ， 设计师 保留 了
deepseek_POS_tokenise, 1325	老照片 ， 从 货栈 到 学校 再 到	酒店	， 每 一张 照片 下面 都 有 时间 标注 和 简短 故事
deepseek_POS_tokenise, 1326	备注栏 提了 一句 ， 没想到 这个 信息 被	酒店	从头到尾 用足 了 。 办理 入住 时 前台 递 上 两杯 香槟
deepseek_POS_tokenise, 1327	。 我 是 马拉松 爱好者 ， 选择 这家	酒店	是因为 它 离 赛事 起点 只有 步行 距离 。 入住 时 前台
deepseek_POS_tokenise, 1327	背着 跑鞋 和 号码 布 ， 主动 告知	酒店	在 赛事 当天 凌晨 四点 就 会 开放 早餐 ， 而且 提供
deepseek_POS_tokenise, 1327	， 氛围 像 战前 的 粮草 营 。	酒店	还 在 大堂 设 了 出发 前 的 补给站 ， 有 凡士林
deepseek_POS_tokenise, 1327	布 。 退房 时间 原本 是 十二点 ，	酒店	主动 把 所有 参 赛跑者 的 退房 时间延迟 到 下午 三点 ，
deepseek_POS_tokenise, 1328	就是 英雄 ， 泡个 澡 吧 。 在	酒店	住 了 五天 之后 ， 我 对 早餐 档口 那位 煎蛋 师傅
deepseek_POS_tokenise, 1329	过 很多 自称 “ 商务 友好 ” 的	酒店	， 但 这 是 第一家 在 我 凌晨 两点 落地 时 ，
deepseek_POS_tokenise, 1330	儿童 辅助 坐垫 。 我 儿子 第一次 在	酒店	主动 要求 自己 刷牙 ， 太太 靠 在 门框 上 看着 这
deepseek_POS_tokenise, 1332	看到 餐厅 里 坐满 了 人才 确认 这	酒店	是 满房 状态 。 那种 窗门 一关 世界 静音 的 体验 ，
deepseek_POS_tokenise, 1335	一杯 加冰 的 苏打水 。 在我看来 ， 一家	酒店	是否 用心 ， 看 它 如何 处理 客人 遗忘 的 物品 就
deepseek_POS_tokenise, 1335	书 留在 了 房间 ， 退房 后 接到	酒店	电话 ， 前台 说 客房部 发现 书里 夹 着 几张 手写 批注
deepseek_POS_tokenise, 1335	着 说 那 他们 会 把 书 放进	酒店	的 书吧 里 。 健身房 的 饮水机 从不 缺水 ， 毛巾架 上
deepseek_POS_tokenise, 1339	的 几种 树 ， 第二天 我 走 在	酒店	周围 时 ， 居然 能 在 那些 陌生 的 街道 上 认出
deepseek_POS_tokenise, 1340	过客 。 来 之前 看到 评论 说 这家	酒店	的 早餐 面条 档 阿婆 手艺 一绝 ， 我排 了 十分钟 队才
deepseek_POS_tokenise, 1342	， 你 可以 放心 吃 。 如果说 大多数	酒店	的 儿童 俱乐部 只是 把 孩子 们 圈起来 ， 那 这家 就是
deepseek_POS_tokenise, 1348	幸运 闯入 者 。 我 住 过 的	酒店	里 ， 这是 第一家 在 大堂 角落里 设置 了 一间 小小的 “
deepseek_POS_tokenise, 1351	” 成为 摆设 的 尴尬 ， 但 这家	酒店	从 入口 坡道 的 缓度 、 电梯 按钮 的 高度 、 到
deepseek_POS_tokenise, 1351	动线 测试 过 ， 我 父母 第一次 在	酒店	里 行动自如 。 我 把 一条 旧 围巾 忘 在 了 大堂
deepseek_POS_tokenise, 1355	， 我 全部 收集 带回 了 家 。	酒店	在 大堂 自助 区放 了 一台 鲜榨 果汁机 ， 旁边 整齐 码放
deepseek_POS_tokenise, 1357	的 人 。 作为 需要 长期 住 在	酒店	的 出差 人员 ， 最怕 的 就是 客房 服务 的 不一致性 ，
deepseek_POS_tokenise, 1359	翻页 才 发现 世界 变 清凉 了 。	酒店	书吧 的 咖啡 是 免费 提供 给 住客 的 ， 虽 是
deepseek_POS_tokenise, 1364	在 一团 晒 暖 的 棉花 上 。	酒店	大堂 有 一面 “ 交换 书架 ” ， 客人 可以 留下 一
deepseek_POS_tokenise, 1365	本次 旅行 的 题记 。 作为 在 这家	酒店	住 了 整整 十四天 的 长 住客 ， 我 亲眼 见证 了
deepseek_POS_tokenise, 1365	， 但 他们 会 转交 。 我 走出	酒店	大门 时 忽然 有点 鼻酸 ， 因为 我 在 陌生 的 城市
deepseek_POS_tokenise, 1366	作为 建筑系 的 学生 ， 我 选择 这家	酒店	纯粹 是因为 它 的 设计 团队 是 我 论文 的 研究 对象
deepseek_POS_tokenise, 1366	离开 ， 反而 问 我 想 不想 看	酒店	的 设计 手稿 ， 五分钟 后 他 抱 来 了 一摞 牛皮纸
deepseek_POS_tokenise, 1367	回家 后 跟 亲戚 们 反复 提起 这家	酒店	， 说 在 那里 她 没有 觉得 自己 老 了 不 方便
deepseek_POS_tokenise, 1369	是 瞬间 痊愈 。 我要 专门 为 这家	酒店	的 淋浴 系统 写 一段话 。 我 住 过 许多 自称 奢华
deepseek_POS_tokenise, 1369	。 我 住 过 许多 自称 奢华 的	酒店	， 花洒 要么 出水 太 分散 像 在 淋 毛毛雨 ， 要么
deepseek_POS_tokenise, 1369	的 速度 比 我 见 过 的 任何	酒店	都 快 ， 所以 我 那 几天 干 了 件 奢侈 的
deepseek_POS_tokenise, 1370	常年 需要 飞行 的 投资人 ， 我 对	酒店	效率 的 要求 近乎 变态 。 这家 酒店 从 办理 入住 开始
deepseek_POS_tokenise, 1370	酒店 效率 的 要求 近乎 变态 。 这家	酒店	从 办理 入住 开始 就 刷新 了 我 的 认知 ： 前台
deepseek_POS_tokenise, 1371	美术 老师 ， 我 每天 早上 都 坐在	酒店	临河 的 露台 上画 水彩 。 第二天 我 正画 着 ， 餐厅
deepseek_POS_tokenise, 1372	为了 做 一个 小 手术 ， 术前 在	酒店	住 一晚 。 办理 入住 时 我 随口 说 了 一句 明天
deepseek_POS_tokenise, 1373	是 我 那天 唯一 的 安慰 。 这家	酒店	的 音响系统 是 真正 意义 上 的 音响 ， 不是 装在 浴室
deepseek_POS_tokenise, 1375	近乎 修行 的 坚持 。 我 在 这家	酒店	遗落 过 一只 旧 钱包 ， 里面 现金 不多 但 有 一张
deepseek_POS_tokenise, 1375	坐上 了 离开 的 高铁 ， 打电话 给	酒店	后 ， 客房部 说 打扫 时 在 床垫 夹缝 里 找到 了
deepseek_POS_tokenise, 1376	田野 ， 沉默 了 很 久 。 这家	酒店	的 大堂 没有 用 那种 冷冰冰 的 大型 水晶灯 ， 而是 悬挂
deepseek_POS_tokenise, 1377	残障 住客 ， 我 最 害怕 的 是	酒店	的 “ 无障碍 房 ” 只是 一个 加宽 的 门口 和 一个
deepseek_POS_tokenise, 1377	一个 带 扶手 的 马桶 。 但 这家	酒店	的 无障碍 设施 让 我 第一次 感到 被 理解 。 淋浴 区
deepseek_POS_tokenise, 1378	俯视 。 我 想 讲 的 是 这家	酒店	一位 门童 的 故事 。 我 在 入住 的 第三天 傍晚 ，
deepseek_POS_tokenise, 1379	理解 一个 带娃 家庭 的 慌乱 。 这家	酒店	的 亲子 套房 里 有 一个 让 我 太太 差点 哭 出来
deepseek_POS_tokenise, 1381	我 笑了笑 说 晚安 。 我 在 这家	酒店	住 的 那 几天 正好 赶上 生理期 ， 浑身 酸痛 且 情绪低落
deepseek_POS_tokenise, 1384	我 看到 他 眼睛 弯起来 了 。 这家	酒店	周边 都 是 老 居民区 ， 没有 网红 街道 的 喧嚣 。
deepseek_POS_tokenise, 1384	缝 一只 运动 鞋底 。 我 问 他	酒店	住客 来 修鞋 的 多不多 ， 他 说 有 ， 退 房前
deepseek_POS_tokenise, 1385	。 夜床 服务员 在 我 的 床头柜 上用	酒店	的 小 鹅卵石 摆 了 一只 微笑 的 猫 。 她 没有
deepseek_POS_tokenise, 1388	尽头 有 一扇 拱形 木格 窗 ， 正对	酒店	内 庭院 的 桂花树 。 下午 四点 的 阳光 刚好 穿过 木格
deepseek_POS_tokenise, 1389	了 回去 ， 不想 打扰 那一刻 。 这家	酒店	的 消防 疏散 图 不是 贴 在 门 后 的 一张 皱纸
deepseek_POS_tokenise, 1392	问 了 前台 ， 她 说 这 是	酒店	定制 的 高支 长绒棉 ， 水洗 了 三次 再 烘干 ， 为
deepseek_POS_tokenise, 1394	封面 已经 有些 磨损 ， 扉页 盖 着	酒店	的 藏书 章 ， 旁边 还有 一行 钢笔字 ： 愿 你 在
deepseek_POS_tokenise, 1395	住店 期间 我 突发 牙痛 ， 打电话 问	酒店	附近 有没有 牙科诊所 ， 总机 姑娘 说 帮 您 查 。 三分钟
deepseek_POS_tokenise, 1397	， 下次 还来 谁 懂 啊 ， 这	酒店	也 太 好 拍 了 吧 ， 随手 一拍 都 是 ins
deepseek_POS_tokenise, 1437	我 都 带走 了 下雨天 没带 伞 ，	酒店	居然 有 伞 租借 ， 还 免费 ， 细节 满分 因为 是
deepseek_POS_tokenise, 1448	方便 电视 可以 投屏 ， 终于 不用 看	酒店	那些 付费 频道 了 住 了 那么 多 酒店 ， 这家 是
deepseek_POS_tokenise, 1449	那些 付费 频道 了 住 了 那么 多	酒店	， 这家 是 少数 图片 和 实物 一致 的 ， 甚至 实际
deepseek_POS_tokenise, 1453	马桶 圈 ， 南方 冬天 感动 哭 了	酒店	闹中取静 ， 走 出去 是 繁华 马路 ， 进 院子 就 安静
deepseek_POS_tokenise, 1467	那种 假 热情 ， 是 实实在在 的 关心	酒店	附近 有 很多 宝藏 小店 ， 不 走 网红 路线 ， 前台
deepseek_POS_tokenise, 1471	了 忘带 东西 的 我 终于 有 一家	酒店	吹风机 是 好 用 的 了 ， 长 头发 很快 吹干 ，
deepseek_POS_tokenise, 1477	挤 第一次 住 到 有 直饮水 龙头 的	酒店	， 不用 烧 水壶 方便 又 安心 本来 担心 临街 会 吵
deepseek_POS_tokenise, 1488	， 虽然 不太想 面对 ， 但 也 是	酒店	想得 周到 整体 是 莫兰迪 色系 ， 拍照 不用 加 滤镜 ，
deepseek_POS_tokenise, 1492	闻到 我 想 买 同款 放 家里 这	酒店	真的 好 睡 到 离谱 ， 本来 调 了 闹钟 响 了
deepseek_POS_tokenise, 1500	的 这家 真的 改变 了 我 对 连锁	酒店	的 刻板 印象 ， 像 设计师 酒店 每天 的 欢迎 水果 不
deepseek_POS_tokenise, 1500	连锁 酒店 的 刻板 印象 ， 像 设计师	酒店	每天 的 欢迎 水果 不 一样 ， 第二天 是 莲雾 ， 很
deepseek_POS_tokenise, 1514	， 这 一点 就 打败 了 九成 同价位	酒店	加 了 前台 微信 ， 以后 可以 直接 找 她 订房 ，
deepseek_POS_tokenise, 1526	有 你 ， 我 睡 了 个 好觉	酒店	新 ， 设施 智能 ， 服务 暖 ， 没 毛病 带 狗子
deepseek_POS_tokenise, 1532	是 来 朋友家 做客 ， 而 不是 住	酒店	， 被 这种 感觉 征服 前台 小 哥哥 帅且 有 礼貌 ，
deepseek_POS_tokenise, 1539	能 找到 各 方面 都 合 心意 的	酒店	不 容易 ， 我 懒 ， 我 选择 常 来 房间 不
deepseek_POS_tokenise, 1546	了 我 今日 份 小 确幸 来自 这家	酒店	在 前台 随口 说 了 一句 想 喝 热水 ， 结果 客房
deepseek_POS_tokenise, 1551	， 我 直接 某宝 下单 了 同款 ，	酒店	选品 有点 东西 有 免费 的 挂 烫机 可以 用 ， 西装
deepseek_POS_tokenise, 1554	了 带 露台 的 房间 ， 诚会 玩	酒店	有 免费 的 自行车 可以 骑 ， 傍晚 在 周边 溜达 ，
deepseek_POS_tokenise, 1556	退房 时落 了 耳机 在 枕头 下 ，	酒店	主动 打电话 并 寄 了 顺丰 ， 这波 格局 大 了 喜欢
deepseek_POS_tokenise, 1561	被 温柔 拥抱 了 真的 ， 为了 这家	酒店	我 愿意 再 来 这个 城市 无数次 有 投影 有 会员 ，
deepseek_POS_tokenise, 1579	就 在 地铁口 旁边 ， 下雨天 出站 到	酒店	， 几乎 没 淋湿 不要 拦 我 ， 我要 把 这家 酒店
deepseek_POS_tokenise, 1580	淋湿 不要 拦 我 ， 我要 把 这家	酒店	安利 给 我 的 七大姑八大姨 床头 的 阅读 灯 角度 可调 ，
deepseek_POS_tokenise, 1598	， 就 比 超市 贵一 丢 丢 这个	酒店	让 我 重新 体会 到 了 住 酒店 的 快乐 ， 而
deepseek_POS_tokenise, 1598	酒店 让 我 重新 体会 到 了 住	酒店	的 快乐 ， 而 不是 只 睡个 觉 那天 因为 加班 回来
deepseek_POS_tokenise, 1601	飞机 ， 发现 落 了 件 外套 ，	酒店	立马 叫 了 闪 送 送到 机场 ， 这 服务 真的 跪
deepseek_POS_tokenise, 1621	自费 续 了 两晚 ， 你 说 呢	酒店	到处 有 充电 宝 租借 ， 大堂 房间 都 不 存在 电量
deepseek_POS_tokenise, 1628	那种 机械 的 回应 深夜 饿 了 叫	酒店	煮面 ， 虽然 菜单 没有 但是 厨房 做 了 ， 银丝 面卧个
deepseek_POS_tokenise, 1634	静音 做 的 ， 我 以后 还来 住	酒店	像 开 盲盒 ， 这次 是 隐藏 款 ， 开心 到 转圈圈
deepseek_POS_tokenise, 1641	没有 早点 发现 前台 小 哥哥 服务态度 真不错	酒店	竟然 有 家庭装 的 洗护 用品 ， 细节 满分 办 入住 送
deepseek_POS_tokenise, 1664	这家 躺 在 我 收藏夹 里 好久 的	酒店	， 说真的 没 让 我 失望 甚至 还 超出 预期 一大截 。
deepseek_POS_tokenise, 1665	， 提前 说 了 有 老人 婴儿 ，	酒店	的 处理 方式 让 我 心甘情愿 当 自来水 。 到 店 时
deepseek_POS_tokenise, 1665	， 这种 秩序 感 和 善意 不是 每家	酒店	都 有 的 。 退房 时 我 爸 这种 万年 不说 好话
deepseek_POS_tokenise, 1665	都 满意 ， 真心 不 容易 ， 这家	酒店	有点 东西 。 姐妹 们 听 我 一句 劝 ， 独自 出行
deepseek_POS_tokenise, 1668	不好 会 原地 爆炸 的 人 ， 这家	酒店	直接 让 我 住 服 了 。 我 专门 订 了 临街
deepseek_POS_tokenise, 1668	。 床品 也 超常发挥 ， 被子 不像 有些	酒店	那么 重 但 保暖 很 好 ， 床单 亲肤 得 我 直接
deepseek_POS_tokenise, 1669	， 视频会议 稳如 狗 。 这些 其实 很多	酒店	都 有 ， 但 让 我 决定 留下来 续住 的 是 那些
deepseek_POS_tokenise, 1669	的 细节 。 保洁 阿姨 第一天 发现 我用	酒店	的 便签 纸写 满 了 待办 事项 ， 就 没动 那些 纸
deepseek_POS_tokenise, 1670	闺蜜 周末 找个 地方 摆烂 ， 选 这	酒店	真是 选到 心巴上 了 。 一 进门 就 被 巨大 的 投影
deepseek_POS_tokenise, 1671	体验 感拉满 。 虽然 已经 住 过 很多	酒店	， 但 能 让 我 想 写 小 作文 的 还 真
deepseek_POS_tokenise, 1671	只是 一个 普通 的 生日 ， 被 这家	酒店	整 得 仪式 感 十足 ， 这 哪里 是 住 酒店 ，
deepseek_POS_tokenise, 1671	仪式 感 十足 ， 这 哪里 是 住	酒店	， 是 来 充电 和 治愈 的 。 以后 每年 的 生日
deepseek_POS_tokenise, 1672	真的 度 了 个 假 。 退房 时	酒店	还 送 了 一包 儿童 小 礼物 ， 娃 攥 着 不放
deepseek_POS_tokenise, 1673	航班 延误 ， 凌晨 两点 半才 摸 到	酒店	， 人 都 是 懵 的 。 前台 一个 戴眼镜 的 男生
deepseek_POS_tokenise, 1673	了 一晚 。 我 已经 默默 把 这间	酒店	收藏 ， 以后 不管 多晚 的 航班 ， 只要 有 它 接底
deepseek_POS_tokenise, 1673	慌 。 这种 踏实 感 ， 大概 就是	酒店	能 给 的 最高 情绪 价值 了 。 看 了 一圈 决定
deepseek_POS_tokenise, 1674	， 结果 愣 是 把 我 一个 对	酒店	没 啥 要求 的 人 给 整服 了 ， 忍不住 来 写个
deepseek_POS_tokenise, 1674	， 让 我 觉得 不是 住 了 个	酒店	， 是 在 一个 陌生 城市 被 当成 了 远房亲戚 照顾 。
deepseek_POS_tokenise, 1675	宠物 友好 而 不是 嘴上 说 说 的	酒店	， 真的 太不容易 了 。 提前 打电话 确认 可以 带狗 ， 前台
deepseek_POS_tokenise, 1675	， 发现 狗子 在 车上 还 叼 着	酒店	送 的 那个 小 玩具 不 松口 。 以后 凡是 带 宠物
deepseek_POS_tokenise, 1675	不二 的 选择 。 真心 希望 越来越 多	酒店	能 有 这种 发自内心 的 包容 ， 而 不是 把 宠物 当
deepseek_POS_tokenise, 1676	把 宠物 当 麻烦 。 说真的 很少 给	酒店	写 评价 ， 但 这家 值得 我 深夜 码字 。 我 是
deepseek_POS_tokenise, 1676	的 碗筷 。 那 一瞬间 就 觉得 这	酒店	太会 了 ， 它 好像 提前 预判 了 我 所有 的 需求
deepseek_POS_tokenise, 1677	的 ， 提前 备注 了 一句 ， 结果	酒店	准备 的 惊喜 让 我们 俩 都 懵 了 。 推开 门
deepseek_POS_tokenise, 1677	万家灯火 那种 ， 两个 人 靠着 栏杆 喝	酒店	送 的 起泡 酒 ， 觉得 日子 就 该 这么 过 。
deepseek_POS_tokenise, 1677	都 要 来 这家 。 真的 ， 这家	酒店	让 我 觉得 它 不 只是 提供 一个 房间 ， 它 在
deepseek_POS_tokenise, 1678	回忆 。 之前 一直 觉得 两百多 块 的	酒店	也 就 那样 ， 住个 干净 已经 是 天花板 了 ， 结果
deepseek_POS_tokenise, 1679	入 踩 不了 一点 雷 。 我愿称 这家	酒店	为 独居 女生 之光 ， 本 常年 出差 狗 终于 找到 一个
deepseek_POS_tokenise, 1679	不起眼 的 设计 对 我们 经常 一个 人住	酒店	的 女生 来说 太 重要 了 。 还 发现 她们 细心 到
deepseek_POS_tokenise, 1680	这家 ， 你 绝对 不会 后悔 。 在	酒店	控 朋友 强烈 安利 下住 了 两晚 ， 现在 我 也 开始
deepseek_POS_tokenise, 1680	做 了 一杯 冰 美式 打包 。 这家	酒店	让 我 觉得 ， 它 不是 在 做 住宿 生意 ， 是
deepseek_POS_tokenise, 1681	月 的 “ 那 家 特别 好 的	酒店	” 。 爸妈 腿脚 不太 利索 ， 我 备注 了 一下 希望
deepseek_POS_tokenise, 1681	羹 ， 爸妈 边 喝边 夸 说 这	酒店	比 家里 还 周到 。 第二天 退房 时 ， 我爸 这个 平时
deepseek_POS_tokenise, 1681	比不上 父母 一个 笑容 。 必须 给 这个	酒店	一百个 赞 ， 家有 老人 的 直接 订 ， 他们 会 帮
deepseek_POS_tokenise, 1684	家里 还香 ， 冲 这点 我 已经 把	酒店	收藏 到 家庭 出行 专属 文件夹 了 。 真 · 隔音 王者
deepseek_POS_tokenise, 1685	没有 。 感动 得 一塌糊涂 ， 终于 有	酒店	不 把 隔音 当 玄学 了 。 唯一 的 副作用 是 睡
deepseek_POS_tokenise, 1686	， 但 这 锅 我 自己 背 。	酒店	自助 洗衣房 救 了 我 的 命 。 带娃 出门 三天 衣服
deepseek_POS_tokenise, 1689	连 水渍 都 没有 。 作为 一个 住	酒店	必带 消毒 喷雾 的 人 ， 这次 喷 了 个 寂寞 。
deepseek_POS_tokenise, 1690	面膜 看 日落 ， 那 画面 绝美 。	酒店	这波 危机 公关 我 打 满分 ， 把 可能 差评 的 局面
deepseek_POS_tokenise, 1693	个 打呼噜 的 大哥 ， 但 这 不是	酒店	的 锅 ， 而且 我 戴 着 他们 备 的 耳塞 竟然
deepseek_POS_tokenise, 1695	因为 飞机 晚点 凌晨 三点 才 摸 到	酒店	， 人 已经 困到 灵魂 出窍 。 前台 小哥 一句 多余 的
deepseek_POS_tokenise, 1695	都 有 。 走 的 时候 把 这个	酒店	存进 了 我 的 私人 收藏夹 。 谁 懂 啊 ， 周末
deepseek_POS_tokenise, 1696	想 找个 地方 当 废物 ， 结果 这家	酒店	比 我 还 懂 什么 叫 废物 友好 。 外卖 从 早餐
deepseek_POS_tokenise, 1697	回家 。 已经 是 宝妈 群里 的 明星	酒店	了 。 我 不 允许 还有 人 不 知道 这家 酒店 的
deepseek_POS_tokenise, 1698	我 不 允许 还有 人 不 知道 这家	酒店	的 淋浴 花洒 ， 水压 大到 像是 在 暴雨 里 洗澡 ，
deepseek_POS_tokenise, 1701	， 她 说 要 试试 别的 房型 。	酒店	自带 停车场 ， 地下 车位 一 整个 宽敞 不 刮 蹭 ，
deepseek_POS_tokenise, 1701	大叔 指挥 倒车 ， 手动 点赞 ， 这家	酒店	的 员工 是 真的 把 客人 当回事 。 闺蜜 之前 住 过
deepseek_POS_tokenise, 1722	。 退房 后落 了 个 充电 宝 ，	酒店	主动 打电话 还 包 邮寄 回 ， 这 售后 我服 。 早餐
deepseek_POS_tokenise, 1740	， 提升 幸福感 就 靠 这个 了 。	酒店	虽小 但 该 有 的 都 有 ， 洗衣房 健身房 俱全 ，
deepseek_POS_tokenise, 1757	的 毛巾 料 ， 软得 像 卫衣 。	酒店	倒 是 没什么 花哨 的 公区 ， 但胜 在 什么 都 好使
deepseek_POS_tokenise, 1762	用 的 什么 香水 ， 我 说 是	酒店	洗发水 她 不信 。 电视机 可以 无线 投屏 ， 这 对 出差
deepseek_POS_tokenise, 1763	太 友好 了 ， 再也 不用 盯 着	酒店	那 十几个 广告 台 发呆 了 ， 直接 深夜 刷 B 站
deepseek_POS_tokenise, 1768	一切 ， 懒人 属性 被 完全 激活 。	酒店	在 一个 老街区 里 ， 周边 不是 千篇一律 的 连锁店 ， 早上
deepseek_POS_tokenise, 1774	了 大命 ， 这种 理解 打 工人 的	酒店	麻烦 多来点 。 姐妹 们 都 给 我 睁 眼看 这家 ，
deepseek_POS_tokenise, 1780	， 直接 给 我整 破防 了 。 这家	酒店	的 隔音 必须 单 拎 出来 夸 ， 我 睡眠 浅到 蚊子
deepseek_POS_tokenise, 1788	搞 卫生 那种 干净 ， 必须 好评 。	酒店	位置 太会选 了 ， 地铁站 出来 步行 两分钟 ， 楼下 便利店 药店
